2026-05-02 00:00:01 [DEBUG][com.zaxxer.hikari.pool.PoolBase][quietlyCloseConnection][134]-> HikariCPDatasource - Closing connection com.mysql.cj.jdbc.ConnectionImpl@b8498cb: (connection has passed maxLifetime)
2026-05-02 00:00:01 [DEBUG][com.zaxxer.hikari.pool.HikariPool][call][729]-> HikariCPDatasource - Added connection com.mysql.cj.jdbc.ConnectionImpl@2ab126fb
2026-05-02 00:00:23 [DEBUG][com.zaxxer.hikari.pool.HikariPool][logPoolState][421]-> HikariCPDatasource - Before cleanup stats (total=5, active=0, idle=5, waiting=0)
2026-05-02 00:00:23 [DEBUG][com.zaxxer.hikari.pool.HikariPool][logPoolState][421]-> HikariCPDatasource - After cleanup  stats (total=5, active=0, idle=5, waiting=0)
2026-05-02 00:00:23 [DEBUG][com.zaxxer.hikari.pool.HikariPool][fillPool][518]-> HikariCPDatasource - Fill pool skipped, pool is at sufficient level.
2026-05-02 00:00:31 [DEBUG][com.zaxxer.hikari.pool.PoolBase][quietlyCloseConnection][134]-> HikariCPDatasource - Closing connection com.mysql.cj.jdbc.ConnectionImpl@1b20a3be: (connection has passed maxLifetime)
2026-05-02 00:00:31 [DEBUG][com.zaxxer.hikari.pool.HikariPool][call][729]-> HikariCPDatasource - Added connection com.mysql.cj.jdbc.ConnectionImpl@470d2011
2026-05-02 00:00:53 [DEBUG][com.zaxxer.hikari.pool.HikariPool][logPoolState][421]-> HikariCPDatasource - Before cleanup stats (total=5, active=0, idle=5, waiting=0)
2026-05-02 00:00:53 [DEBUG][com.zaxxer.hikari.pool.HikariPool][logPoolState][421]-> HikariCPDatasource - After cleanup  stats (total=5, active=0, idle=5, waiting=0)
2026-05-02 00:00:53 [DEBUG][com.zaxxer.hikari.pool.HikariPool][fillPool][518]-> HikariCPDatasource - Fill pool skipped, pool is at sufficient level.
2026-05-02 00:01:23 [DEBUG][com.zaxxer.hikari.pool.HikariPool][logPoolState][421]-> HikariCPDatasource - Before cleanup stats (total=5, active=0, idle=5, waiting=0)
2026-05-02 00:01:23 [DEBUG][com.zaxxer.hikari.pool.HikariPool][logPoolState][421]-> HikariCPDatasource - After cleanup  stats (total=5, active=0, idle=5, waiting=0)
2026-05-02 00:01:23 [DEBUG][com.zaxxer.hikari.pool.HikariPool][fillPool][518]-> HikariCPDatasource - Fill pool skipped, pool is at sufficient level.
2026-05-02 00:01:53 [DEBUG][com.zaxxer.hikari.pool.HikariPool][logPoolState][421]-> HikariCPDatasource - Before cleanup stats (total=5, active=0, idle=5, waiting=0)
2026-05-02 00:01:53 [DEBUG][com.zaxxer.hikari.pool.HikariPool][logPoolState][421]-> HikariCPDatasource - After cleanup  stats (total=5, active=0, idle=5, waiting=0)
2026-05-02 00:01:53 [DEBUG][com.zaxxer.hikari.pool.HikariPool][fillPool][518]-> HikariCPDatasource - Fill pool skipped, pool is at sufficient level.
2026-05-02 00:02:23 [DEBUG][com.zaxxer.hikari.pool.HikariPool][logPoolState][421]-> HikariCPDatasource - Before cleanup stats (total=5, active=0, idle=5, waiting=0)
2026-05-02 00:02:23 [DEBUG][com.zaxxer.hikari.pool.HikariPool][logPoolState][421]-> HikariCPDatasource - After cleanup  stats (total=5, active=0, idle=5, waiting=0)
2026-05-02 00:02:23 [DEBUG][com.zaxxer.hikari.pool.HikariPool][fillPool][518]-> HikariCPDatasource - Fill pool skipped, pool is at sufficient level.
2026-05-02 00:02:53 [DEBUG][com.zaxxer.hikari.pool.HikariPool][logPoolState][421]-> HikariCPDatasource - Before cleanup stats (total=5, active=0, idle=5, waiting=0)
2026-05-02 00:02:53 [DEBUG][com.zaxxer.hikari.pool.HikariPool][logPoolState][421]-> HikariCPDatasource - After cleanup  stats (total=5, active=0, idle=5, waiting=0)
2026-05-02 00:02:53 [DEBUG][com.zaxxer.hikari.pool.HikariPool][fillPool][518]-> HikariCPDatasource - Fill pool skipped, pool is at sufficient level.
2026-05-02 00:03:23 [DEBUG][com.zaxxer.hikari.pool.HikariPool][logPoolState][421]-> HikariCPDatasource - Before cleanup stats (total=5, active=0, idle=5, waiting=0)
2026-05-02 00:03:23 [DEBUG][com.zaxxer.hikari.pool.HikariPool][logPoolState][421]-> HikariCPDatasource - After cleanup  stats (total=5, active=0, idle=5, waiting=0)
2026-05-02 00:03:23 [DEBUG][com.zaxxer.hikari.pool.HikariPool][fillPool][518]-> HikariCPDatasource - Fill pool skipped, pool is at sufficient level.
2026-05-02 00:03:53 [DEBUG][com.zaxxer.hikari.pool.HikariPool][logPoolState][421]-> HikariCPDatasource - Before cleanup stats (total=5, active=0, idle=5, waiting=0)
2026-05-02 00:03:53 [DEBUG][com.zaxxer.hikari.pool.HikariPool][logPoolState][421]-> HikariCPDatasource - After cleanup  stats (total=5, active=0, idle=5, waiting=0)
2026-05-02 00:03:53 [DEBUG][com.zaxxer.hikari.pool.HikariPool][fillPool][518]-> HikariCPDatasource - Fill pool skipped, pool is at sufficient level.
2026-05-02 00:04:23 [DEBUG][com.zaxxer.hikari.pool.HikariPool][logPoolState][421]-> HikariCPDatasource - Before cleanup stats (total=5, active=0, idle=5, waiting=0)
2026-05-02 00:04:23 [DEBUG][com.zaxxer.hikari.pool.HikariPool][logPoolState][421]-> HikariCPDatasource - After cleanup  stats (total=5, active=0, idle=5, waiting=0)
2026-05-02 00:04:23 [DEBUG][com.zaxxer.hikari.pool.HikariPool][fillPool][518]-> HikariCPDatasource - Fill pool skipped, pool is at sufficient level.
2026-05-02 00:04:53 [DEBUG][com.zaxxer.hikari.pool.HikariPool][logPoolState][421]-> HikariCPDatasource - Before cleanup stats (total=5, active=0, idle=5, waiting=0)
2026-05-02 00:04:53 [DEBUG][com.zaxxer.hikari.pool.HikariPool][logPoolState][421]-> HikariCPDatasource - After cleanup  stats (total=5, active=0, idle=5, waiting=0)
2026-05-02 00:04:53 [DEBUG][com.zaxxer.hikari.pool.HikariPool][fillPool][518]-> HikariCPDatasource - Fill pool skipped, pool is at sufficient level.
2026-05-02 00:05:23 [DEBUG][com.zaxxer.hikari.pool.HikariPool][logPoolState][421]-> HikariCPDatasource - Before cleanup stats (total=5, active=0, idle=5, waiting=0)
2026-05-02 00:05:23 [DEBUG][com.zaxxer.hikari.pool.HikariPool][logPoolState][421]-> HikariCPDatasource - After cleanup  stats (total=5, active=0, idle=5, waiting=0)
2026-05-02 00:05:23 [DEBUG][com.zaxxer.hikari.pool.HikariPool][fillPool][518]-> HikariCPDatasource - Fill pool skipped, pool is at sufficient level.
2026-05-02 00:05:53 [DEBUG][com.zaxxer.hikari.pool.HikariPool][logPoolState][421]-> HikariCPDatasource - Before cleanup stats (total=5, active=0, idle=5, waiting=0)
2026-05-02 00:05:53 [DEBUG][com.zaxxer.hikari.pool.HikariPool][logPoolState][421]-> HikariCPDatasource - After cleanup  stats (total=5, active=0, idle=5, waiting=0)
2026-05-02 00:05:53 [DEBUG][com.zaxxer.hikari.pool.HikariPool][fillPool][518]-> HikariCPDatasource - Fill pool skipped, pool is at sufficient level.
2026-05-02 00:06:23 [DEBUG][com.zaxxer.hikari.pool.HikariPool][logPoolState][421]-> HikariCPDatasource - Before cleanup stats (total=5, active=0, idle=5, waiting=0)
2026-05-02 00:06:23 [DEBUG][com.zaxxer.hikari.pool.HikariPool][logPoolState][421]-> HikariCPDatasource - After cleanup  stats (total=5, active=0, idle=5, waiting=0)
2026-05-02 00:06:23 [DEBUG][com.zaxxer.hikari.pool.HikariPool][fillPool][518]-> HikariCPDatasource - Fill pool skipped, pool is at sufficient level.
2026-05-02 00:06:53 [DEBUG][com.zaxxer.hikari.pool.HikariPool][logPoolState][421]-> HikariCPDatasource - Before cleanup stats (total=5, active=0, idle=5, waiting=0)
2026-05-02 00:06:53 [DEBUG][com.zaxxer.hikari.pool.HikariPool][logPoolState][421]-> HikariCPDatasource - After cleanup  stats (total=5, active=0, idle=5, waiting=0)
2026-05-02 00:06:53 [DEBUG][com.zaxxer.hikari.pool.HikariPool][fillPool][518]-> HikariCPDatasource - Fill pool skipped, pool is at sufficient level.
2026-05-02 00:07:23 [DEBUG][com.zaxxer.hikari.pool.HikariPool][logPoolState][421]-> HikariCPDatasource - Before cleanup stats (total=5, active=0, idle=5, waiting=0)
2026-05-02 00:07:23 [DEBUG][com.zaxxer.hikari.pool.HikariPool][logPoolState][421]-> HikariCPDatasource - After cleanup  stats (total=5, active=0, idle=5, waiting=0)
2026-05-02 00:07:23 [DEBUG][com.zaxxer.hikari.pool.HikariPool][fillPool][518]-> HikariCPDatasource - Fill pool skipped, pool is at sufficient level.
2026-05-02 00:07:53 [DEBUG][com.zaxxer.hikari.pool.HikariPool][logPoolState][421]-> HikariCPDatasource - Before cleanup stats (total=5, active=0, idle=5, waiting=0)
2026-05-02 00:07:53 [DEBUG][com.zaxxer.hikari.pool.HikariPool][logPoolState][421]-> HikariCPDatasource - After cleanup  stats (total=5, active=0, idle=5, waiting=0)
2026-05-02 00:07:53 [DEBUG][com.zaxxer.hikari.pool.HikariPool][fillPool][518]-> HikariCPDatasource - Fill pool skipped, pool is at sufficient level.
2026-05-02 00:08:23 [DEBUG][com.zaxxer.hikari.pool.HikariPool][logPoolState][421]-> HikariCPDatasource - Before cleanup stats (total=5, active=0, idle=5, waiting=0)
2026-05-02 00:08:23 [DEBUG][com.zaxxer.hikari.pool.HikariPool][logPoolState][421]-> HikariCPDatasource - After cleanup  stats (total=5, active=0, idle=5, waiting=0)
2026-05-02 00:08:23 [DEBUG][com.zaxxer.hikari.pool.HikariPool][fillPool][518]-> HikariCPDatasource - Fill pool skipped, pool is at sufficient level.
2026-05-02 00:08:53 [DEBUG][com.zaxxer.hikari.pool.HikariPool][logPoolState][421]-> HikariCPDatasource - Before cleanup stats (total=5, active=0, idle=5, waiting=0)
2026-05-02 00:08:53 [DEBUG][com.zaxxer.hikari.pool.HikariPool][logPoolState][421]-> HikariCPDatasource - After cleanup  stats (total=5, active=0, idle=5, waiting=0)
2026-05-02 00:08:53 [DEBUG][com.zaxxer.hikari.pool.HikariPool][fillPool][518]-> HikariCPDatasource - Fill pool skipped, pool is at sufficient level.
2026-05-02 00:09:23 [DEBUG][com.zaxxer.hikari.pool.HikariPool][logPoolState][421]-> HikariCPDatasource - Before cleanup stats (total=5, active=0, idle=5, waiting=0)
2026-05-02 00:09:23 [DEBUG][com.zaxxer.hikari.pool.HikariPool][logPoolState][421]-> HikariCPDatasource - After cleanup  stats (total=5, active=0, idle=5, waiting=0)
2026-05-02 00:09:23 [DEBUG][com.zaxxer.hikari.pool.HikariPool][fillPool][518]-> HikariCPDatasource - Fill pool skipped, pool is at sufficient level.
2026-05-02 00:09:53 [DEBUG][com.zaxxer.hikari.pool.HikariPool][logPoolState][421]-> HikariCPDatasource - Before cleanup stats (total=5, active=0, idle=5, waiting=0)
2026-05-02 00:09:53 [DEBUG][com.zaxxer.hikari.pool.HikariPool][logPoolState][421]-> HikariCPDatasource - After cleanup  stats (total=5, active=0, idle=5, waiting=0)
2026-05-02 00:09:53 [DEBUG][com.zaxxer.hikari.pool.HikariPool][fillPool][518]-> HikariCPDatasource - Fill pool skipped, pool is at sufficient level.
2026-05-02 00:10:23 [DEBUG][com.zaxxer.hikari.pool.HikariPool][logPoolState][421]-> HikariCPDatasource - Before cleanup stats (total=5, active=0, idle=5, waiting=0)
2026-05-02 00:10:23 [DEBUG][com.zaxxer.hikari.pool.HikariPool][logPoolState][421]-> HikariCPDatasource - After cleanup  stats (total=5, active=0, idle=5, waiting=0)
2026-05-02 00:10:23 [DEBUG][com.zaxxer.hikari.pool.HikariPool][fillPool][518]-> HikariCPDatasource - Fill pool skipped, pool is at sufficient level.
2026-05-02 00:10:53 [DEBUG][com.zaxxer.hikari.pool.HikariPool][logPoolState][421]-> HikariCPDatasource - Before cleanup stats (total=5, active=0, idle=5, waiting=0)
2026-05-02 00:10:53 [DEBUG][com.zaxxer.hikari.pool.HikariPool][logPoolState][421]-> HikariCPDatasource - After cleanup  stats (total=5, active=0, idle=5, waiting=0)
2026-05-02 00:10:53 [DEBUG][com.zaxxer.hikari.pool.HikariPool][fillPool][518]-> HikariCPDatasource - Fill pool skipped, pool is at sufficient level.
2026-05-02 00:11:23 [DEBUG][com.zaxxer.hikari.pool.HikariPool][logPoolState][421]-> HikariCPDatasource - Before cleanup stats (total=5, active=0, idle=5, waiting=0)
2026-05-02 00:11:23 [DEBUG][com.zaxxer.hikari.pool.HikariPool][logPoolState][421]-> HikariCPDatasource - After cleanup  stats (total=5, active=0, idle=5, waiting=0)
2026-05-02 00:11:23 [DEBUG][com.zaxxer.hikari.pool.HikariPool][fillPool][518]-> HikariCPDatasource - Fill pool skipped, pool is at sufficient level.
2026-05-02 00:11:53 [DEBUG][com.zaxxer.hikari.pool.HikariPool][logPoolState][421]-> HikariCPDatasource - Before cleanup stats (total=5, active=0, idle=5, waiting=0)
2026-05-02 00:11:53 [DEBUG][com.zaxxer.hikari.pool.HikariPool][logPoolState][421]-> HikariCPDatasource - After cleanup  stats (total=5, active=0, idle=5, waiting=0)
2026-05-02 00:11:53 [DEBUG][com.zaxxer.hikari.pool.HikariPool][fillPool][518]-> HikariCPDatasource - Fill pool skipped, pool is at sufficient level.
2026-05-02 00:12:23 [DEBUG][com.zaxxer.hikari.pool.HikariPool][logPoolState][421]-> HikariCPDatasource - Before cleanup stats (total=5, active=0, idle=5, waiting=0)
2026-05-02 00:12:23 [DEBUG][com.zaxxer.hikari.pool.HikariPool][logPoolState][421]-> HikariCPDatasource - After cleanup  stats (total=5, active=0, idle=5, waiting=0)
2026-05-02 00:12:23 [DEBUG][com.zaxxer.hikari.pool.HikariPool][fillPool][518]-> HikariCPDatasource - Fill pool skipped, pool is at sufficient level.
2026-05-02 00:12:53 [DEBUG][com.zaxxer.hikari.pool.HikariPool][logPoolState][421]-> HikariCPDatasource - Before cleanup stats (total=5, active=0, idle=5, waiting=0)
2026-05-02 00:12:53 [DEBUG][com.zaxxer.hikari.pool.HikariPool][logPoolState][421]-> HikariCPDatasource - After cleanup  stats (total=5, active=0, idle=5, waiting=0)
2026-05-02 00:12:53 [DEBUG][com.zaxxer.hikari.pool.HikariPool][fillPool][518]-> HikariCPDatasource - Fill pool skipped, pool is at sufficient level.
2026-05-02 00:13:23 [DEBUG][com.zaxxer.hikari.pool.HikariPool][logPoolState][421]-> HikariCPDatasource - Before cleanup stats (total=5, active=0, idle=5, waiting=0)
2026-05-02 00:13:23 [DEBUG][com.zaxxer.hikari.pool.HikariPool][logPoolState][421]-> HikariCPDatasource - After cleanup  stats (total=5, active=0, idle=5, waiting=0)
2026-05-02 00:13:23 [DEBUG][com.zaxxer.hikari.pool.HikariPool][fillPool][518]-> HikariCPDatasource - Fill pool skipped, pool is at sufficient level.
2026-05-02 00:13:53 [DEBUG][com.zaxxer.hikari.pool.HikariPool][logPoolState][421]-> HikariCPDatasource - Before cleanup stats (total=5, active=0, idle=5, waiting=0)
2026-05-02 00:13:53 [DEBUG][com.zaxxer.hikari.pool.HikariPool][logPoolState][421]-> HikariCPDatasource - After cleanup  stats (total=5, active=0, idle=5, waiting=0)
2026-05-02 00:13:53 [DEBUG][com.zaxxer.hikari.pool.HikariPool][fillPool][518]-> HikariCPDatasource - Fill pool skipped, pool is at sufficient level.
2026-05-02 00:14:23 [DEBUG][com.zaxxer.hikari.pool.HikariPool][logPoolState][421]-> HikariCPDatasource - Before cleanup stats (total=5, active=0, idle=5, waiting=0)
2026-05-02 00:14:23 [DEBUG][com.zaxxer.hikari.pool.HikariPool][logPoolState][421]-> HikariCPDatasource - After cleanup  stats (total=5, active=0, idle=5, waiting=0)
2026-05-02 00:14:23 [DEBUG][com.zaxxer.hikari.pool.HikariPool][fillPool][518]-> HikariCPDatasource - Fill pool skipped, pool is at sufficient level.
2026-05-02 00:14:53 [DEBUG][com.zaxxer.hikari.pool.HikariPool][logPoolState][421]-> HikariCPDatasource - Before cleanup stats (total=5, active=0, idle=5, waiting=0)
2026-05-02 00:14:53 [DEBUG][com.zaxxer.hikari.pool.HikariPool][logPoolState][421]-> HikariCPDatasource - After cleanup  stats (total=5, active=0, idle=5, waiting=0)
2026-05-02 00:14:53 [DEBUG][com.zaxxer.hikari.pool.HikariPool][fillPool][518]-> HikariCPDatasource - Fill pool skipped, pool is at sufficient level.
2026-05-02 00:15:23 [DEBUG][com.zaxxer.hikari.pool.HikariPool][logPoolState][421]-> HikariCPDatasource - Before cleanup stats (total=5, active=0, idle=5, waiting=0)
2026-05-02 00:15:23 [DEBUG][com.zaxxer.hikari.pool.HikariPool][logPoolState][421]-> HikariCPDatasource - After cleanup  stats (total=5, active=0, idle=5, waiting=0)
2026-05-02 00:15:23 [DEBUG][com.zaxxer.hikari.pool.HikariPool][fillPool][518]-> HikariCPDatasource - Fill pool skipped, pool is at sufficient level.
2026-05-02 00:15:53 [DEBUG][com.zaxxer.hikari.pool.HikariPool][logPoolState][421]-> HikariCPDatasource - Before cleanup stats (total=5, active=0, idle=5, waiting=0)
2026-05-02 00:15:53 [DEBUG][com.zaxxer.hikari.pool.HikariPool][logPoolState][421]-> HikariCPDatasource - After cleanup  stats (total=5, active=0, idle=5, waiting=0)
2026-05-02 00:15:53 [DEBUG][com.zaxxer.hikari.pool.HikariPool][fillPool][518]-> HikariCPDatasource - Fill pool skipped, pool is at sufficient level.
2026-05-02 00:16:23 [DEBUG][com.zaxxer.hikari.pool.HikariPool][logPoolState][421]-> HikariCPDatasource - Before cleanup stats (total=5, active=0, idle=5, waiting=0)
2026-05-02 00:16:23 [DEBUG][com.zaxxer.hikari.pool.HikariPool][logPoolState][421]-> HikariCPDatasource - After cleanup  stats (total=5, active=0, idle=5, waiting=0)
2026-05-02 00:16:23 [DEBUG][com.zaxxer.hikari.pool.HikariPool][fillPool][518]-> HikariCPDatasource - Fill pool skipped, pool is at sufficient level.
2026-05-02 00:31:36 [DEBUG][org.springframework.web.servlet.DispatcherServlet][traceDebug][108]-> GET "/api/getAvatar/2117787425?1777653096811", parameters={masked}
2026-05-02 00:31:36 [DEBUG][org.springframework.web.servlet.mvc.method.annotation.RequestMappingHandlerMapping][getHandler][522]-> Mapped to com.njtech.xcloud.controller.UserInfoController#getAvatar(String, HttpServletResponse)
2026-05-02 00:31:36 [DEBUG][org.springframework.web.servlet.DispatcherServlet][logResult][1131]-> Completed 200 OK
2026-05-02 00:31:36 [DEBUG][org.springframework.web.servlet.DispatcherServlet][traceDebug][108]-> POST "/api/getUseSpace", parameters={multipart}
2026-05-02 00:31:36 [DEBUG][org.springframework.web.servlet.mvc.method.annotation.RequestMappingHandlerMapping][getHandler][522]-> Mapped to com.njtech.xcloud.controller.UserInfoController#getUseSpace(HttpSession)
2026-05-02 00:31:36 [DEBUG][org.springframework.data.redis.core.RedisConnectionUtils][doGetConnection][143]-> Fetching Redis Connection from RedisConnectionFactory
2026-05-02 00:31:36 [DEBUG][io.lettuce.core.RedisChannelHandler][dispatch][175]-> dispatching command AsyncCommand [type=GET, output=ValueOutput [output=null, error='null'], commandType=io.lettuce.core.protocol.Command]
2026-05-02 00:31:36 [DEBUG][io.lettuce.core.protocol.DefaultEndpoint][channelWriteAndFlush][430]-> [channel=0x3f7163c9, /127.0.0.1:59190 -> /127.0.0.1:6379, epid=0x1] write() writeAndFlush command AsyncCommand [type=GET, output=ValueOutput [output=null, error='null'], commandType=io.lettuce.core.protocol.Command]
2026-05-02 00:31:36 [DEBUG][io.lettuce.core.protocol.CommandHandler][write][383]-> [channel=0x3f7163c9, /127.0.0.1:59190 -> /127.0.0.1:6379, epid=0x1, chid=0x1] write(ctx, AsyncCommand [type=GET, output=ValueOutput [output=null, error='null'], commandType=io.lettuce.core.protocol.Command], promise)
2026-05-02 00:31:36 [DEBUG][io.lettuce.core.protocol.CommandEncoder][encode][101]-> [channel=0x3f7163c9, /127.0.0.1:59190 -> /127.0.0.1:6379] writing command AsyncCommand [type=GET, output=ValueOutput [output=null, error='null'], commandType=io.lettuce.core.protocol.Command]
2026-05-02 00:31:36 [DEBUG][io.lettuce.core.protocol.DefaultEndpoint][write][207]-> [channel=0x3f7163c9, /127.0.0.1:59190 -> /127.0.0.1:6379, epid=0x1] write() done
2026-05-02 00:31:36 [DEBUG][org.springframework.web.servlet.DispatcherServlet][traceDebug][108]-> POST "/api/file/loadDataList", parameters={multipart}
2026-05-02 00:31:36 [DEBUG][io.lettuce.core.protocol.CommandHandler][channelRead][577]-> [channel=0x3f7163c9, /127.0.0.1:59190 -> /127.0.0.1:6379, epid=0x1, chid=0x1] Received: 97 bytes, 1 commands in the stack
2026-05-02 00:31:36 [DEBUG][io.lettuce.core.protocol.CommandHandler][decode][651]-> [channel=0x3f7163c9, /127.0.0.1:59190 -> /127.0.0.1:6379, epid=0x1, chid=0x1] Stack contains: 1 commands
2026-05-02 00:31:36 [DEBUG][io.lettuce.core.protocol.RedisStateMachine][decode][298]-> Decode done, empty stack: true
2026-05-02 00:31:36 [DEBUG][org.springframework.web.servlet.DispatcherServlet][traceDebug][108]-> POST "/api/file/loadDataList", parameters={multipart}
2026-05-02 00:31:36 [DEBUG][io.lettuce.core.protocol.CommandHandler][decode][679]-> [channel=0x3f7163c9, /127.0.0.1:59190 -> /127.0.0.1:6379, epid=0x1, chid=0x1] Completing command AsyncCommand [type=GET, output=ValueOutput [output=[B@2ee0adcc, error='null'], commandType=io.lettuce.core.protocol.Command]
2026-05-02 00:31:36 [DEBUG][org.springframework.data.redis.core.RedisConnectionUtils][doCloseConnection][389]-> Closing Redis Connection.
2026-05-02 00:31:36 [DEBUG][org.springframework.web.servlet.mvc.method.annotation.RequestResponseBodyMethodProcessor][writeWithMessageConverters][268]-> Using 'application/json', given [application/json, text/plain, */*] and supported [application/json, application/*+json, application/json, application/*+json]
2026-05-02 00:31:36 [DEBUG][org.springframework.web.servlet.mvc.method.annotation.RequestMappingHandlerMapping][getHandler][522]-> Mapped to com.njtech.xcloud.controller.FileInfoController#loadDataList(HttpSession, FileInfoQuery, String)
2026-05-02 00:31:36 [DEBUG][org.springframework.web.servlet.mvc.method.annotation.RequestResponseBodyMethodProcessor][traceDebug][108]-> Writing [com.njtech.xcloud.entity.vo.ResponseVO@218828bd]
2026-05-02 00:31:36 [DEBUG][org.springframework.web.servlet.DispatcherServlet][logResult][1131]-> Completed 200 OK
2026-05-02 00:31:36 [DEBUG][org.springframework.jdbc.datasource.DataSourceUtils][doGetConnection][116]-> Fetching JDBC Connection from DataSource
2026-05-02 00:31:36 [DEBUG][org.springframework.web.servlet.mvc.method.annotation.RequestMappingHandlerMapping][getHandler][522]-> Mapped to com.njtech.xcloud.controller.FileInfoController#loadDataList(HttpSession, FileInfoQuery, String)
2026-05-02 00:31:36 [DEBUG][org.springframework.jdbc.datasource.DataSourceUtils][doGetConnection][116]-> Fetching JDBC Connection from DataSource
2026-05-02 00:31:36 [DEBUG][org.springframework.jdbc.datasource.DataSourceUtils][doGetConnection][116]-> Fetching JDBC Connection from DataSource
2026-05-02 00:31:36 [DEBUG][org.springframework.jdbc.datasource.DataSourceUtils][doGetConnection][116]-> Fetching JDBC Connection from DataSource
2026-05-02 00:31:36 [DEBUG][org.springframework.web.servlet.mvc.method.annotation.RequestResponseBodyMethodProcessor][writeWithMessageConverters][268]-> Using 'application/json', given [application/json, text/plain, */*] and supported [application/json, application/*+json, application/json, application/*+json]
2026-05-02 00:31:36 [DEBUG][org.springframework.web.servlet.mvc.method.annotation.RequestResponseBodyMethodProcessor][traceDebug][108]-> Writing [com.njtech.xcloud.entity.vo.ResponseVO@604fc202]
2026-05-02 00:31:36 [DEBUG][org.springframework.web.servlet.DispatcherServlet][logResult][1131]-> Completed 200 OK
2026-05-02 00:31:36 [DEBUG][org.springframework.web.servlet.mvc.method.annotation.RequestResponseBodyMethodProcessor][writeWithMessageConverters][268]-> Using 'application/json', given [application/json, text/plain, */*] and supported [application/json, application/*+json, application/json, application/*+json]
2026-05-02 00:31:36 [DEBUG][org.springframework.web.servlet.mvc.method.annotation.RequestResponseBodyMethodProcessor][traceDebug][108]-> Writing [com.njtech.xcloud.entity.vo.ResponseVO@4becdaaf]
2026-05-02 00:31:36 [DEBUG][org.springframework.web.servlet.DispatcherServlet][logResult][1131]-> Completed 200 OK
2026-05-02 00:31:40 [WARN][com.zaxxer.hikari.pool.HikariPool][run][788]-> HikariCPDatasource - Thread starvation or clock leap detected (housekeeper delta=15m17s537ms610µs700ns).
2026-05-02 00:31:40 [DEBUG][com.zaxxer.hikari.pool.HikariPool][logPoolState][421]-> HikariCPDatasource - Before cleanup stats (total=5, active=0, idle=5, waiting=0)
2026-05-02 00:31:40 [DEBUG][com.zaxxer.hikari.pool.HikariPool][logPoolState][421]-> HikariCPDatasource - After cleanup  stats (total=5, active=0, idle=5, waiting=0)
2026-05-02 00:31:40 [DEBUG][com.zaxxer.hikari.pool.HikariPool][fillPool][518]-> HikariCPDatasource - Fill pool skipped, pool is at sufficient level.
2026-05-02 00:31:40 [DEBUG][com.zaxxer.hikari.pool.PoolBase][quietlyCloseConnection][134]-> HikariCPDatasource - Closing connection com.mysql.cj.jdbc.ConnectionImpl@48b27c20: (connection has passed maxLifetime)
2026-05-02 00:31:40 [DEBUG][com.zaxxer.hikari.pool.HikariPool][addBagItem][342]-> HikariCPDatasource - Add connection elided, waiting 0, queue 1
2026-05-02 00:31:40 [DEBUG][com.zaxxer.hikari.pool.HikariPool][addBagItem][342]-> HikariCPDatasource - Add connection elided, waiting 0, queue 1
2026-05-02 00:31:40 [DEBUG][com.zaxxer.hikari.pool.HikariPool][addBagItem][342]-> HikariCPDatasource - Add connection elided, waiting 0, queue 1
2026-05-02 00:31:40 [DEBUG][com.zaxxer.hikari.pool.PoolBase][quietlyCloseConnection][134]-> HikariCPDatasource - Closing connection com.mysql.cj.jdbc.ConnectionImpl@6b8c2cc0: (connection has passed maxLifetime)
2026-05-02 00:31:40 [DEBUG][com.zaxxer.hikari.pool.HikariPool][fillPool][518]-> HikariCPDatasource - Fill pool skipped, pool is at sufficient level.
2026-05-02 00:31:40 [DEBUG][com.zaxxer.hikari.pool.PoolBase][quietlyCloseConnection][134]-> HikariCPDatasource - Closing connection com.mysql.cj.jdbc.ConnectionImpl@450faf21: (connection has passed maxLifetime)
2026-05-02 00:31:40 [DEBUG][com.zaxxer.hikari.pool.HikariPool][fillPool][518]-> HikariCPDatasource - Fill pool skipped, pool is at sufficient level.
2026-05-02 00:31:40 [DEBUG][com.zaxxer.hikari.pool.PoolBase][quietlyCloseConnection][134]-> HikariCPDatasource - Closing connection com.mysql.cj.jdbc.ConnectionImpl@470d2011: (connection has passed maxLifetime)
2026-05-02 00:31:40 [DEBUG][com.zaxxer.hikari.pool.HikariPool][fillPool][518]-> HikariCPDatasource - Fill pool skipped, pool is at sufficient level.
2026-05-02 00:31:40 [DEBUG][com.zaxxer.hikari.pool.PoolBase][quietlyCloseConnection][134]-> HikariCPDatasource - Closing connection com.mysql.cj.jdbc.ConnectionImpl@2ab126fb: (connection has passed maxLifetime)
2026-05-02 00:31:40 [DEBUG][com.zaxxer.hikari.pool.HikariPool][fillPool][518]-> HikariCPDatasource - Fill pool skipped, pool is at sufficient level.
2026-05-02 00:31:40 [DEBUG][com.zaxxer.hikari.pool.HikariPool][call][729]-> HikariCPDatasource - Added connection com.mysql.cj.jdbc.ConnectionImpl@6098fb0e
2026-05-02 00:31:40 [DEBUG][com.zaxxer.hikari.pool.HikariPool][call][729]-> HikariCPDatasource - Added connection com.mysql.cj.jdbc.ConnectionImpl@21a5f135
2026-05-02 00:31:40 [DEBUG][com.zaxxer.hikari.pool.HikariPool][call][729]-> HikariCPDatasource - Added connection com.mysql.cj.jdbc.ConnectionImpl@104e9274
2026-05-02 00:31:40 [DEBUG][com.zaxxer.hikari.pool.HikariPool][call][729]-> HikariCPDatasource - Added connection com.mysql.cj.jdbc.ConnectionImpl@418a0e7a
2026-05-02 00:31:40 [DEBUG][com.zaxxer.hikari.pool.HikariPool][call][729]-> HikariCPDatasource - Added connection com.mysql.cj.jdbc.ConnectionImpl@589fc062
2026-05-02 00:32:02 [DEBUG][org.springframework.web.servlet.DispatcherServlet][traceDebug][108]-> POST "/api/share/loadShareList", parameters={multipart}
2026-05-02 00:32:02 [DEBUG][org.springframework.web.servlet.mvc.method.annotation.RequestMappingHandlerMapping][getHandler][522]-> Mapped to com.njtech.xcloud.controller.FileShareController#loadShareList(HttpSession, FileShareQuery)
2026-05-02 00:32:02 [DEBUG][org.springframework.jdbc.datasource.DataSourceUtils][doGetConnection][116]-> Fetching JDBC Connection from DataSource
2026-05-02 00:32:02 [DEBUG][org.springframework.jdbc.datasource.DataSourceUtils][doGetConnection][116]-> Fetching JDBC Connection from DataSource
2026-05-02 00:32:02 [DEBUG][org.springframework.web.servlet.mvc.method.annotation.RequestResponseBodyMethodProcessor][writeWithMessageConverters][268]-> Using 'application/json', given [application/json, text/plain, */*] and supported [application/json, application/*+json, application/json, application/*+json]
2026-05-02 00:32:02 [DEBUG][org.springframework.web.servlet.mvc.method.annotation.RequestResponseBodyMethodProcessor][traceDebug][108]-> Writing [com.njtech.xcloud.entity.vo.ResponseVO@37dd647]
2026-05-02 00:32:02 [DEBUG][org.springframework.web.servlet.DispatcherServlet][logResult][1131]-> Completed 200 OK
2026-05-02 00:32:10 [DEBUG][com.zaxxer.hikari.pool.HikariPool][logPoolState][421]-> HikariCPDatasource - Before cleanup stats (total=5, active=0, idle=5, waiting=0)
2026-05-02 00:32:10 [DEBUG][com.zaxxer.hikari.pool.HikariPool][logPoolState][421]-> HikariCPDatasource - After cleanup  stats (total=5, active=0, idle=5, waiting=0)
2026-05-02 00:32:10 [DEBUG][com.zaxxer.hikari.pool.HikariPool][fillPool][518]-> HikariCPDatasource - Fill pool skipped, pool is at sufficient level.
2026-05-02 00:32:35 [DEBUG][org.springframework.web.servlet.DispatcherServlet][traceDebug][108]-> POST "/api/recycle/loadRecycleList", parameters={multipart}
2026-05-02 00:32:35 [DEBUG][org.springframework.web.servlet.mvc.method.annotation.RequestMappingHandlerMapping][getHandler][522]-> Mapped to com.njtech.xcloud.controller.RecycleController#loadRecycleList(HttpSession, FileInfoQuery, String)
2026-05-02 00:32:35 [DEBUG][org.springframework.jdbc.datasource.DataSourceUtils][doGetConnection][116]-> Fetching JDBC Connection from DataSource
2026-05-02 00:32:35 [DEBUG][org.springframework.web.servlet.mvc.method.annotation.RequestResponseBodyMethodProcessor][writeWithMessageConverters][268]-> Using 'application/json', given [application/json, text/plain, */*] and supported [application/json, application/*+json, application/json, application/*+json]
2026-05-02 00:32:35 [DEBUG][org.springframework.web.servlet.mvc.method.annotation.RequestResponseBodyMethodProcessor][traceDebug][108]-> Writing [com.njtech.xcloud.entity.vo.ResponseVO@106cd86b]
2026-05-02 00:32:35 [DEBUG][org.springframework.web.servlet.DispatcherServlet][logResult][1131]-> Completed 200 OK
2026-05-02 00:32:40 [DEBUG][com.zaxxer.hikari.pool.HikariPool][logPoolState][421]-> HikariCPDatasource - Before cleanup stats (total=5, active=0, idle=5, waiting=0)
2026-05-02 00:32:40 [DEBUG][com.zaxxer.hikari.pool.HikariPool][logPoolState][421]-> HikariCPDatasource - After cleanup  stats (total=5, active=0, idle=5, waiting=0)
2026-05-02 00:32:40 [DEBUG][com.zaxxer.hikari.pool.HikariPool][fillPool][518]-> HikariCPDatasource - Fill pool skipped, pool is at sufficient level.
2026-05-02 00:32:43 [DEBUG][org.springframework.web.servlet.DispatcherServlet][traceDebug][108]-> POST "/api/share/loadShareList", parameters={multipart}
2026-05-02 00:32:43 [DEBUG][org.springframework.web.servlet.mvc.method.annotation.RequestMappingHandlerMapping][getHandler][522]-> Mapped to com.njtech.xcloud.controller.FileShareController#loadShareList(HttpSession, FileShareQuery)
2026-05-02 00:32:43 [DEBUG][org.springframework.jdbc.datasource.DataSourceUtils][doGetConnection][116]-> Fetching JDBC Connection from DataSource
2026-05-02 00:32:43 [DEBUG][org.springframework.jdbc.datasource.DataSourceUtils][doGetConnection][116]-> Fetching JDBC Connection from DataSource
2026-05-02 00:32:43 [DEBUG][org.springframework.web.servlet.mvc.method.annotation.RequestResponseBodyMethodProcessor][writeWithMessageConverters][268]-> Using 'application/json', given [application/json, text/plain, */*] and supported [application/json, application/*+json, application/json, application/*+json]
2026-05-02 00:32:43 [DEBUG][org.springframework.web.servlet.mvc.method.annotation.RequestResponseBodyMethodProcessor][traceDebug][108]-> Writing [com.njtech.xcloud.entity.vo.ResponseVO@6d37e0e5]
2026-05-02 00:32:43 [DEBUG][org.springframework.web.servlet.DispatcherServlet][logResult][1131]-> Completed 200 OK
2026-05-02 00:33:10 [DEBUG][com.zaxxer.hikari.pool.HikariPool][logPoolState][421]-> HikariCPDatasource - Before cleanup stats (total=5, active=0, idle=5, waiting=0)
2026-05-02 00:33:10 [DEBUG][com.zaxxer.hikari.pool.HikariPool][logPoolState][421]-> HikariCPDatasource - After cleanup  stats (total=5, active=0, idle=5, waiting=0)
2026-05-02 00:33:10 [DEBUG][com.zaxxer.hikari.pool.HikariPool][fillPool][518]-> HikariCPDatasource - Fill pool skipped, pool is at sufficient level.
2026-05-02 00:33:40 [DEBUG][com.zaxxer.hikari.pool.HikariPool][logPoolState][421]-> HikariCPDatasource - Before cleanup stats (total=5, active=0, idle=5, waiting=0)
2026-05-02 00:33:40 [DEBUG][com.zaxxer.hikari.pool.HikariPool][logPoolState][421]-> HikariCPDatasource - After cleanup  stats (total=5, active=0, idle=5, waiting=0)
2026-05-02 00:33:40 [DEBUG][com.zaxxer.hikari.pool.HikariPool][fillPool][518]-> HikariCPDatasource - Fill pool skipped, pool is at sufficient level.
2026-05-02 00:34:10 [DEBUG][com.zaxxer.hikari.pool.HikariPool][logPoolState][421]-> HikariCPDatasource - Before cleanup stats (total=5, active=0, idle=5, waiting=0)
2026-05-02 00:34:10 [DEBUG][com.zaxxer.hikari.pool.HikariPool][logPoolState][421]-> HikariCPDatasource - After cleanup  stats (total=5, active=0, idle=5, waiting=0)
2026-05-02 00:34:10 [DEBUG][com.zaxxer.hikari.pool.HikariPool][fillPool][518]-> HikariCPDatasource - Fill pool skipped, pool is at sufficient level.
2026-05-02 00:34:40 [DEBUG][com.zaxxer.hikari.pool.HikariPool][logPoolState][421]-> HikariCPDatasource - Before cleanup stats (total=5, active=0, idle=5, waiting=0)
2026-05-02 00:34:40 [DEBUG][com.zaxxer.hikari.pool.HikariPool][logPoolState][421]-> HikariCPDatasource - After cleanup  stats (total=5, active=0, idle=5, waiting=0)
2026-05-02 00:34:40 [DEBUG][com.zaxxer.hikari.pool.HikariPool][fillPool][518]-> HikariCPDatasource - Fill pool skipped, pool is at sufficient level.
2026-05-02 00:35:10 [DEBUG][com.zaxxer.hikari.pool.HikariPool][logPoolState][421]-> HikariCPDatasource - Before cleanup stats (total=5, active=0, idle=5, waiting=0)
2026-05-02 00:35:10 [DEBUG][com.zaxxer.hikari.pool.HikariPool][logPoolState][421]-> HikariCPDatasource - After cleanup  stats (total=5, active=0, idle=5, waiting=0)
2026-05-02 00:35:10 [DEBUG][com.zaxxer.hikari.pool.HikariPool][fillPool][518]-> HikariCPDatasource - Fill pool skipped, pool is at sufficient level.
2026-05-02 00:35:40 [DEBUG][com.zaxxer.hikari.pool.HikariPool][logPoolState][421]-> HikariCPDatasource - Before cleanup stats (total=5, active=0, idle=5, waiting=0)
2026-05-02 00:35:40 [DEBUG][com.zaxxer.hikari.pool.HikariPool][logPoolState][421]-> HikariCPDatasource - After cleanup  stats (total=5, active=0, idle=5, waiting=0)
2026-05-02 00:35:40 [DEBUG][com.zaxxer.hikari.pool.HikariPool][fillPool][518]-> HikariCPDatasource - Fill pool skipped, pool is at sufficient level.
2026-05-02 00:36:10 [DEBUG][com.zaxxer.hikari.pool.HikariPool][logPoolState][421]-> HikariCPDatasource - Before cleanup stats (total=5, active=0, idle=5, waiting=0)
2026-05-02 00:36:10 [DEBUG][com.zaxxer.hikari.pool.HikariPool][logPoolState][421]-> HikariCPDatasource - After cleanup  stats (total=5, active=0, idle=5, waiting=0)
2026-05-02 00:36:10 [DEBUG][com.zaxxer.hikari.pool.HikariPool][fillPool][518]-> HikariCPDatasource - Fill pool skipped, pool is at sufficient level.
2026-05-02 00:36:40 [DEBUG][com.zaxxer.hikari.pool.HikariPool][logPoolState][421]-> HikariCPDatasource - Before cleanup stats (total=5, active=0, idle=5, waiting=0)
2026-05-02 00:36:40 [DEBUG][com.zaxxer.hikari.pool.HikariPool][logPoolState][421]-> HikariCPDatasource - After cleanup  stats (total=5, active=0, idle=5, waiting=0)
2026-05-02 00:36:40 [DEBUG][com.zaxxer.hikari.pool.HikariPool][fillPool][518]-> HikariCPDatasource - Fill pool skipped, pool is at sufficient level.
2026-05-02 00:37:02 [DEBUG][org.springframework.web.servlet.DispatcherServlet][traceDebug][108]-> GET "/api/getAvatar/2117787425?1777653422735", parameters={masked}
2026-05-02 00:37:02 [DEBUG][org.springframework.web.servlet.mvc.method.annotation.RequestMappingHandlerMapping][getHandler][522]-> Mapped to com.njtech.xcloud.controller.UserInfoController#getAvatar(String, HttpServletResponse)
2026-05-02 00:37:02 [DEBUG][org.springframework.web.servlet.DispatcherServlet][logResult][1131]-> Completed 200 OK
2026-05-02 00:37:02 [DEBUG][org.springframework.web.servlet.DispatcherServlet][traceDebug][108]-> POST "/api/getUseSpace", parameters={multipart}
2026-05-02 00:37:02 [DEBUG][org.springframework.web.servlet.DispatcherServlet][traceDebug][108]-> POST "/api/share/loadShareList", parameters={multipart}
2026-05-02 00:37:02 [DEBUG][org.springframework.web.servlet.mvc.method.annotation.RequestMappingHandlerMapping][getHandler][522]-> Mapped to com.njtech.xcloud.controller.FileShareController#loadShareList(HttpSession, FileShareQuery)
2026-05-02 00:37:02 [DEBUG][org.springframework.web.servlet.mvc.method.annotation.RequestMappingHandlerMapping][getHandler][522]-> Mapped to com.njtech.xcloud.controller.UserInfoController#getUseSpace(HttpSession)
2026-05-02 00:37:02 [DEBUG][org.springframework.data.redis.core.RedisConnectionUtils][doGetConnection][143]-> Fetching Redis Connection from RedisConnectionFactory
2026-05-02 00:37:02 [DEBUG][io.lettuce.core.RedisChannelHandler][dispatch][175]-> dispatching command AsyncCommand [type=GET, output=ValueOutput [output=null, error='null'], commandType=io.lettuce.core.protocol.Command]
2026-05-02 00:37:02 [DEBUG][org.springframework.jdbc.datasource.DataSourceUtils][doGetConnection][116]-> Fetching JDBC Connection from DataSource
2026-05-02 00:37:02 [DEBUG][io.lettuce.core.protocol.DefaultEndpoint][channelWriteAndFlush][430]-> [channel=0x3f7163c9, /127.0.0.1:59190 -> /127.0.0.1:6379, epid=0x1] write() writeAndFlush command AsyncCommand [type=GET, output=ValueOutput [output=null, error='null'], commandType=io.lettuce.core.protocol.Command]
2026-05-02 00:37:02 [DEBUG][io.lettuce.core.protocol.CommandHandler][write][383]-> [channel=0x3f7163c9, /127.0.0.1:59190 -> /127.0.0.1:6379, epid=0x1, chid=0x1] write(ctx, AsyncCommand [type=GET, output=ValueOutput [output=null, error='null'], commandType=io.lettuce.core.protocol.Command], promise)
2026-05-02 00:37:02 [DEBUG][io.lettuce.core.protocol.DefaultEndpoint][write][207]-> [channel=0x3f7163c9, /127.0.0.1:59190 -> /127.0.0.1:6379, epid=0x1] write() done
2026-05-02 00:37:02 [DEBUG][io.lettuce.core.protocol.CommandEncoder][encode][101]-> [channel=0x3f7163c9, /127.0.0.1:59190 -> /127.0.0.1:6379] writing command AsyncCommand [type=GET, output=ValueOutput [output=null, error='null'], commandType=io.lettuce.core.protocol.Command]
2026-05-02 00:37:02 [DEBUG][io.lettuce.core.protocol.CommandHandler][channelRead][577]-> [channel=0x3f7163c9, /127.0.0.1:59190 -> /127.0.0.1:6379, epid=0x1, chid=0x1] Received: 97 bytes, 1 commands in the stack
2026-05-02 00:37:02 [DEBUG][io.lettuce.core.protocol.CommandHandler][decode][651]-> [channel=0x3f7163c9, /127.0.0.1:59190 -> /127.0.0.1:6379, epid=0x1, chid=0x1] Stack contains: 1 commands
2026-05-02 00:37:02 [DEBUG][io.lettuce.core.protocol.RedisStateMachine][decode][298]-> Decode done, empty stack: true
2026-05-02 00:37:02 [DEBUG][io.lettuce.core.protocol.CommandHandler][decode][679]-> [channel=0x3f7163c9, /127.0.0.1:59190 -> /127.0.0.1:6379, epid=0x1, chid=0x1] Completing command AsyncCommand [type=GET, output=ValueOutput [output=[B@7da7a6f, error='null'], commandType=io.lettuce.core.protocol.Command]
2026-05-02 00:37:02 [DEBUG][org.springframework.jdbc.datasource.DataSourceUtils][doGetConnection][116]-> Fetching JDBC Connection from DataSource
2026-05-02 00:37:02 [DEBUG][org.springframework.web.servlet.mvc.method.annotation.RequestResponseBodyMethodProcessor][writeWithMessageConverters][268]-> Using 'application/json', given [application/json, text/plain, */*] and supported [application/json, application/*+json, application/json, application/*+json]
2026-05-02 00:37:02 [DEBUG][org.springframework.web.servlet.mvc.method.annotation.RequestResponseBodyMethodProcessor][traceDebug][108]-> Writing [com.njtech.xcloud.entity.vo.ResponseVO@1321eb65]
2026-05-02 00:37:02 [DEBUG][org.springframework.web.servlet.DispatcherServlet][logResult][1131]-> Completed 200 OK
2026-05-02 00:37:02 [DEBUG][org.springframework.data.redis.core.RedisConnectionUtils][doCloseConnection][389]-> Closing Redis Connection.
2026-05-02 00:37:02 [DEBUG][org.springframework.web.servlet.mvc.method.annotation.RequestResponseBodyMethodProcessor][writeWithMessageConverters][268]-> Using 'application/json', given [application/json, text/plain, */*] and supported [application/json, application/*+json, application/json, application/*+json]
2026-05-02 00:37:02 [DEBUG][org.springframework.web.servlet.mvc.method.annotation.RequestResponseBodyMethodProcessor][traceDebug][108]-> Writing [com.njtech.xcloud.entity.vo.ResponseVO@31215f49]
2026-05-02 00:37:02 [DEBUG][org.springframework.web.servlet.DispatcherServlet][logResult][1131]-> Completed 200 OK
2026-05-02 00:37:10 [DEBUG][com.zaxxer.hikari.pool.HikariPool][logPoolState][421]-> HikariCPDatasource - Before cleanup stats (total=5, active=0, idle=5, waiting=0)
2026-05-02 00:37:10 [DEBUG][com.zaxxer.hikari.pool.HikariPool][logPoolState][421]-> HikariCPDatasource - After cleanup  stats (total=5, active=0, idle=5, waiting=0)
2026-05-02 00:37:10 [DEBUG][com.zaxxer.hikari.pool.HikariPool][fillPool][518]-> HikariCPDatasource - Fill pool skipped, pool is at sufficient level.
2026-05-02 00:37:40 [DEBUG][com.zaxxer.hikari.pool.HikariPool][logPoolState][421]-> HikariCPDatasource - Before cleanup stats (total=5, active=0, idle=5, waiting=0)
2026-05-02 00:37:40 [DEBUG][com.zaxxer.hikari.pool.HikariPool][logPoolState][421]-> HikariCPDatasource - After cleanup  stats (total=5, active=0, idle=5, waiting=0)
2026-05-02 00:37:40 [DEBUG][com.zaxxer.hikari.pool.HikariPool][fillPool][518]-> HikariCPDatasource - Fill pool skipped, pool is at sufficient level.
2026-05-02 00:38:10 [DEBUG][com.zaxxer.hikari.pool.HikariPool][logPoolState][421]-> HikariCPDatasource - Before cleanup stats (total=5, active=0, idle=5, waiting=0)
2026-05-02 00:38:10 [DEBUG][com.zaxxer.hikari.pool.HikariPool][logPoolState][421]-> HikariCPDatasource - After cleanup  stats (total=5, active=0, idle=5, waiting=0)
2026-05-02 00:38:10 [DEBUG][com.zaxxer.hikari.pool.HikariPool][fillPool][518]-> HikariCPDatasource - Fill pool skipped, pool is at sufficient level.
2026-05-02 00:38:40 [DEBUG][com.zaxxer.hikari.pool.HikariPool][logPoolState][421]-> HikariCPDatasource - Before cleanup stats (total=5, active=0, idle=5, waiting=0)
2026-05-02 00:38:40 [DEBUG][com.zaxxer.hikari.pool.HikariPool][logPoolState][421]-> HikariCPDatasource - After cleanup  stats (total=5, active=0, idle=5, waiting=0)
2026-05-02 00:38:40 [DEBUG][com.zaxxer.hikari.pool.HikariPool][fillPool][518]-> HikariCPDatasource - Fill pool skipped, pool is at sufficient level.
2026-05-02 00:39:10 [DEBUG][com.zaxxer.hikari.pool.HikariPool][logPoolState][421]-> HikariCPDatasource - Before cleanup stats (total=5, active=0, idle=5, waiting=0)
2026-05-02 00:39:11 [DEBUG][com.zaxxer.hikari.pool.HikariPool][logPoolState][421]-> HikariCPDatasource - After cleanup  stats (total=5, active=0, idle=5, waiting=0)
2026-05-02 00:39:11 [DEBUG][com.zaxxer.hikari.pool.HikariPool][fillPool][518]-> HikariCPDatasource - Fill pool skipped, pool is at sufficient level.
2026-05-02 00:39:41 [DEBUG][com.zaxxer.hikari.pool.HikariPool][logPoolState][421]-> HikariCPDatasource - Before cleanup stats (total=5, active=0, idle=5, waiting=0)
2026-05-02 00:39:41 [DEBUG][com.zaxxer.hikari.pool.HikariPool][logPoolState][421]-> HikariCPDatasource - After cleanup  stats (total=5, active=0, idle=5, waiting=0)
2026-05-02 00:39:41 [DEBUG][com.zaxxer.hikari.pool.HikariPool][fillPool][518]-> HikariCPDatasource - Fill pool skipped, pool is at sufficient level.
2026-05-02 00:39:55 [DEBUG][org.springframework.context.annotation.ClassPathScanningCandidateComponentProvider][__scanCandidateComponents][435]-> Identified candidate component class: file [C:\Users\Luojun\Desktop\workspace\xcloud\xcloud-java\target\classes\com\njtech\xcloud\mappers\BaseMapper.class]
2026-05-02 00:39:55 [DEBUG][org.springframework.context.annotation.ClassPathScanningCandidateComponentProvider][__scanCandidateComponents][435]-> Identified candidate component class: file [C:\Users\Luojun\Desktop\workspace\xcloud\xcloud-java\target\classes\com\njtech\xcloud\mappers\EmailCodeMapper.class]
2026-05-02 00:39:55 [DEBUG][org.springframework.context.annotation.ClassPathScanningCandidateComponentProvider][__scanCandidateComponents][435]-> Identified candidate component class: file [C:\Users\Luojun\Desktop\workspace\xcloud\xcloud-java\target\classes\com\njtech\xcloud\mappers\FileInfoMapper.class]
2026-05-02 00:39:55 [DEBUG][org.springframework.context.annotation.ClassPathScanningCandidateComponentProvider][__scanCandidateComponents][435]-> Identified candidate component class: file [C:\Users\Luojun\Desktop\workspace\xcloud\xcloud-java\target\classes\com\njtech\xcloud\mappers\FileShareMapper.class]
2026-05-02 00:39:55 [DEBUG][org.springframework.context.annotation.ClassPathScanningCandidateComponentProvider][__scanCandidateComponents][435]-> Identified candidate component class: file [C:\Users\Luojun\Desktop\workspace\xcloud\xcloud-java\target\classes\com\njtech\xcloud\mappers\UserInfoMapper.class]
2026-05-02 00:39:55 [DEBUG][org.springframework.context.annotation.ClassPathScanningCandidateComponentProvider][processBeanDefinitions][180]-> Creating MapperFactoryBean with name 'baseMapper' and 'com.njtech.xcloud.mappers.BaseMapper' mapperInterface
2026-05-02 00:39:55 [DEBUG][org.springframework.context.annotation.ClassPathScanningCandidateComponentProvider][processBeanDefinitions][216]-> Enabling autowire by type for MapperFactoryBean with name 'baseMapper'.
2026-05-02 00:39:55 [DEBUG][org.springframework.context.annotation.ClassPathScanningCandidateComponentProvider][processBeanDefinitions][180]-> Creating MapperFactoryBean with name 'emailCodeMapper' and 'com.njtech.xcloud.mappers.EmailCodeMapper' mapperInterface
2026-05-02 00:39:55 [DEBUG][org.springframework.context.annotation.ClassPathScanningCandidateComponentProvider][processBeanDefinitions][216]-> Enabling autowire by type for MapperFactoryBean with name 'emailCodeMapper'.
2026-05-02 00:39:55 [DEBUG][org.springframework.context.annotation.ClassPathScanningCandidateComponentProvider][processBeanDefinitions][180]-> Creating MapperFactoryBean with name 'fileInfoMapper' and 'com.njtech.xcloud.mappers.FileInfoMapper' mapperInterface
2026-05-02 00:39:55 [DEBUG][org.springframework.context.annotation.ClassPathScanningCandidateComponentProvider][processBeanDefinitions][216]-> Enabling autowire by type for MapperFactoryBean with name 'fileInfoMapper'.
2026-05-02 00:39:55 [DEBUG][org.springframework.context.annotation.ClassPathScanningCandidateComponentProvider][processBeanDefinitions][180]-> Creating MapperFactoryBean with name 'fileShareMapper' and 'com.njtech.xcloud.mappers.FileShareMapper' mapperInterface
2026-05-02 00:39:55 [DEBUG][org.springframework.context.annotation.ClassPathScanningCandidateComponentProvider][processBeanDefinitions][216]-> Enabling autowire by type for MapperFactoryBean with name 'fileShareMapper'.
2026-05-02 00:39:55 [DEBUG][org.springframework.context.annotation.ClassPathScanningCandidateComponentProvider][processBeanDefinitions][180]-> Creating MapperFactoryBean with name 'userInfoMapper' and 'com.njtech.xcloud.mappers.UserInfoMapper' mapperInterface
2026-05-02 00:39:55 [DEBUG][org.springframework.context.annotation.ClassPathScanningCandidateComponentProvider][processBeanDefinitions][216]-> Enabling autowire by type for MapperFactoryBean with name 'userInfoMapper'.
2026-05-02 00:39:55 [INFO][org.springframework.data.repository.config.RepositoryConfigurationDelegate][registerRepositoriesIn][132]-> Bootstrapping Spring Data Redis repositories in DEFAULT mode.
2026-05-02 00:39:55 [DEBUG][org.springframework.data.repository.config.RepositoryConfigurationDelegate][registerRepositoriesIn][145]-> Scanning for Redis repositories in packages com.njtech.xcloud.
2026-05-02 00:39:55 [INFO][org.springframework.data.repository.config.RepositoryConfigurationDelegate][registerRepositoriesIn][201]-> Finished Spring Data repository scanning in 27 ms. Found 0 Redis repository interfaces.
2026-05-02 00:39:55 [DEBUG][org.springframework.aop.aspectj.annotation.ReflectiveAspectJAdvisorFactory][getAdvice][258]-> Found AspectJ method: public void com.njtech.xcloud.aspect.GlobalOperationAspect.interceptorDo(org.aspectj.lang.JoinPoint) throws java.lang.Exception
2026-05-02 00:39:55 [DEBUG][org.springframework.context.annotation.ClassPathScanningCandidateComponentProvider][__scanCandidateComponents][435]-> Identified candidate component class: file [C:\Users\Luojun\Desktop\workspace\xcloud\xcloud-java\target\classes\com\njtech\xcloud\service\impl\FileInfoServiceImpl.class]
2026-05-02 00:39:55 [DEBUG][org.springframework.context.annotation.ClassPathScanningCandidateComponentProvider][__scanCandidateComponents][435]-> Identified candidate component class: file [C:\Users\Luojun\Desktop\workspace\xcloud\xcloud-java\target\classes\com\njtech\xcloud\controller\RecycleController.class]
2026-05-02 00:39:55 [DEBUG][org.springframework.context.annotation.ClassPathScanningCandidateComponentProvider][__scanCandidateComponents][435]-> Identified candidate component class: file [C:\Users\Luojun\Desktop\workspace\xcloud\xcloud-java\target\classes\com\njtech\xcloud\service\impl\FileShareServiceImpl.class]
2026-05-02 00:39:55 [DEBUG][org.springframework.context.annotation.ClassPathScanningCandidateComponentProvider][__scanCandidateComponents][435]-> Identified candidate component class: file [C:\Users\Luojun\Desktop\workspace\xcloud\xcloud-java\target\classes\com\njtech\xcloud\service\impl\UserInfoServiceImpl.class]
2026-05-02 00:39:55 [DEBUG][org.springframework.context.annotation.ClassPathScanningCandidateComponentProvider][__scanCandidateComponents][435]-> Identified candidate component class: file [C:\Users\Luojun\Desktop\workspace\xcloud\xcloud-java\target\classes\com\njtech\xcloud\config\RedisUtils.class]
2026-05-02 00:39:55 [DEBUG][org.springframework.context.annotation.ClassPathScanningCandidateComponentProvider][__scanCandidateComponents][435]-> Identified candidate component class: file [C:\Users\Luojun\Desktop\workspace\xcloud\xcloud-java\target\classes\com\njtech\xcloud\config\Appconfig.class]
2026-05-02 00:39:55 [DEBUG][org.springframework.context.annotation.ClassPathScanningCandidateComponentProvider][__scanCandidateComponents][435]-> Identified candidate component class: file [C:\Users\Luojun\Desktop\workspace\xcloud\xcloud-java\target\classes\com\njtech\xcloud\aspect\GlobalOperationAspect.class]
2026-05-02 00:39:55 [DEBUG][org.springframework.context.annotation.ClassPathScanningCandidateComponentProvider][__scanCandidateComponents][435]-> Identified candidate component class: file [C:\Users\Luojun\Desktop\workspace\xcloud\xcloud-java\target\classes\com\njtech\xcloud\config\RedisComponent.class]
2026-05-02 00:39:55 [DEBUG][org.springframework.context.annotation.ClassPathScanningCandidateComponentProvider][__scanCandidateComponents][435]-> Identified candidate component class: file [C:\Users\Luojun\Desktop\workspace\xcloud\xcloud-java\target\classes\com\njtech\xcloud\config\RedisConfig.class]
2026-05-02 00:39:55 [DEBUG][org.springframework.context.annotation.ClassPathScanningCandidateComponentProvider][__scanCandidateComponents][435]-> Identified candidate component class: file [C:\Users\Luojun\Desktop\workspace\xcloud\xcloud-java\target\classes\com\njtech\xcloud\config\CosConfig.class]
2026-05-02 00:39:55 [DEBUG][org.springframework.context.annotation.ClassPathScanningCandidateComponentProvider][__scanCandidateComponents][435]-> Identified candidate component class: file [C:\Users\Luojun\Desktop\workspace\xcloud\xcloud-java\target\classes\com\njtech\xcloud\controller\FileShareController.class]
2026-05-02 00:39:55 [DEBUG][org.springframework.jmx.export.annotation.AnnotationMBeanExporter][registerBeans][541]-> Autodetecting user-defined JMX MBeans
2026-05-02 00:39:55 [DEBUG][org.springframework.beans.factory.support.DefaultListableBeanFactory][getSingleton][225]-> Creating shared instance of singleton bean 'emailCodeMapper'
2026-05-02 00:39:55 [DEBUG][org.springframework.beans.factory.support.DefaultListableBeanFactory][getSingleton][225]-> Creating shared instance of singleton bean 'fileInfoMapper'
2026-05-02 00:39:55 [DEBUG][org.springframework.beans.factory.support.DefaultListableBeanFactory][getSingleton][225]-> Creating shared instance of singleton bean 'userInfoMapper'
2026-05-02 00:39:55 [DEBUG][org.springframework.beans.factory.support.DefaultListableBeanFactory][getSingleton][225]-> Creating shared instance of singleton bean 'fileShareMapper'
2026-05-02 00:39:55 [DEBUG][org.springframework.beans.factory.support.DefaultListableBeanFactory][getSingleton][225]-> Creating shared instance of singleton bean 'redisTemplate'
2026-05-02 00:39:55 [DEBUG][org.springframework.beans.factory.support.DefaultListableBeanFactory][createArgumentArray][808]-> Autowiring by type from bean name 'redisTemplate' via factory method to bean named 'redisConnectionFactory'
2026-05-02 00:39:55 [WARN][org.springframework.context.annotation.ClassPathScanningCandidateComponentProvider][doScan][166]-> No MyBatis mapper was found in '[com.njtech.xcloud.mappers]' package. Please check your configuration.
2026-05-02 00:39:55 [DEBUG][org.springframework.beans.factory.support.DefaultListableBeanFactory][getSingleton][225]-> Creating shared instance of singleton bean 'baseMapper'
2026-05-02 00:39:55 [DEBUG][org.springframework.beans.factory.support.DefaultListableBeanFactory][getSingleton][225]-> Creating shared instance of singleton bean 'redisReferenceResolver'
2026-05-02 00:39:55 [DEBUG][org.springframework.beans.factory.support.DefaultListableBeanFactory][getSingleton][225]-> Creating shared instance of singleton bean 'redisConverter'
2026-05-02 00:39:55 [DEBUG][org.springframework.data.convert.CustomConversions][isSupportedConverter][296]-> Adding converter from class java.lang.String to class [B as writing converter.
2026-05-02 00:39:55 [DEBUG][org.springframework.data.convert.CustomConversions][isSupportedConverter][296]-> Adding converter from class [B to class java.lang.String as reading converter.
2026-05-02 00:39:55 [DEBUG][org.springframework.data.convert.CustomConversions][isSupportedConverter][296]-> Adding converter from class java.lang.Number to class [B as writing converter.
2026-05-02 00:39:55 [DEBUG][org.springframework.data.convert.CustomConversions][isSupportedConverter][296]-> Adding converter from class [B to class java.lang.Number as reading converter.
2026-05-02 00:39:55 [DEBUG][org.springframework.data.convert.CustomConversions][isSupportedConverter][296]-> Adding converter from class java.lang.Enum to class [B as writing converter.
2026-05-02 00:39:55 [DEBUG][org.springframework.data.convert.CustomConversions][isSupportedConverter][296]-> Adding converter from class [B to class java.lang.Enum as reading converter.
2026-05-02 00:39:55 [DEBUG][org.springframework.data.convert.CustomConversions][isSupportedConverter][296]-> Adding converter from class java.lang.Boolean to class [B as writing converter.
2026-05-02 00:39:55 [DEBUG][org.springframework.data.convert.CustomConversions][isSupportedConverter][296]-> Adding converter from class [B to class java.lang.Boolean as reading converter.
2026-05-02 00:39:55 [DEBUG][org.springframework.data.convert.CustomConversions][isSupportedConverter][296]-> Adding converter from class java.util.Date to class [B as writing converter.
2026-05-02 00:39:55 [DEBUG][org.springframework.data.convert.CustomConversions][isSupportedConverter][296]-> Adding converter from class [B to class java.util.Date as reading converter.
2026-05-02 00:39:55 [DEBUG][org.springframework.data.convert.CustomConversions][isSupportedConverter][296]-> Adding converter from class java.util.UUID to class [B as writing converter.
2026-05-02 00:39:55 [DEBUG][org.springframework.data.convert.CustomConversions][isSupportedConverter][296]-> Adding converter from class [B to class java.util.UUID as reading converter.
2026-05-02 00:39:55 [DEBUG][org.springframework.data.convert.CustomConversions][isSupportedConverter][296]-> Adding converter from class java.time.LocalDateTime to class [B as writing converter.
2026-05-02 00:39:55 [DEBUG][org.springframework.data.convert.CustomConversions][isSupportedConverter][296]-> Adding converter from class [B to class java.time.LocalDateTime as reading converter.
2026-05-02 00:39:55 [DEBUG][org.springframework.data.convert.CustomConversions][isSupportedConverter][296]-> Adding converter from class java.time.LocalDate to class [B as writing converter.
2026-05-02 00:39:55 [DEBUG][org.springframework.data.convert.CustomConversions][isSupportedConverter][296]-> Adding converter from class [B to class java.time.LocalDate as reading converter.
2026-05-02 00:39:55 [DEBUG][org.springframework.data.convert.CustomConversions][isSupportedConverter][296]-> Adding converter from class java.time.LocalTime to class [B as writing converter.
2026-05-02 00:39:55 [DEBUG][org.springframework.data.convert.CustomConversions][isSupportedConverter][296]-> Adding converter from class [B to class java.time.LocalTime as reading converter.
2026-05-02 00:39:55 [DEBUG][org.springframework.data.convert.CustomConversions][isSupportedConverter][296]-> Adding converter from class java.time.ZonedDateTime to class [B as writing converter.
2026-05-02 00:39:55 [DEBUG][org.springframework.data.convert.CustomConversions][isSupportedConverter][296]-> Adding converter from class [B to class java.time.ZonedDateTime as reading converter.
2026-05-02 00:39:55 [DEBUG][org.springframework.data.convert.CustomConversions][isSupportedConverter][296]-> Adding converter from class java.time.Instant to class [B as writing converter.
2026-05-02 00:39:55 [DEBUG][org.springframework.data.convert.CustomConversions][isSupportedConverter][296]-> Adding converter from class [B to class java.time.Instant as reading converter.
2026-05-02 00:39:55 [DEBUG][org.springframework.data.convert.CustomConversions][isSupportedConverter][296]-> Adding converter from class java.time.ZoneId to class [B as writing converter.
2026-05-02 00:39:55 [DEBUG][org.springframework.data.convert.CustomConversions][isSupportedConverter][296]-> Adding converter from class [B to class java.time.ZoneId as reading converter.
2026-05-02 00:39:55 [DEBUG][org.springframework.data.convert.CustomConversions][isSupportedConverter][296]-> Adding converter from class java.time.Period to class [B as writing converter.
2026-05-02 00:39:55 [DEBUG][org.springframework.data.convert.CustomConversions][isSupportedConverter][296]-> Adding converter from class [B to class java.time.Period as reading converter.
2026-05-02 00:39:55 [DEBUG][org.springframework.data.convert.CustomConversions][isSupportedConverter][296]-> Adding converter from class java.time.Duration to class [B as writing converter.
2026-05-02 00:39:55 [DEBUG][org.springframework.data.convert.CustomConversions][isSupportedConverter][296]-> Adding converter from class [B to class java.time.Duration as reading converter.
2026-05-02 00:39:55 [DEBUG][org.springframework.data.convert.CustomConversions][isSupportedConverter][296]-> Adding converter from class org.joda.time.LocalDate to class java.util.Date as writing converter.
2026-05-02 00:39:55 [DEBUG][org.springframework.data.convert.CustomConversions][isSupportedConverter][296]-> Adding converter from class org.joda.time.LocalDateTime to class java.util.Date as writing converter.
2026-05-02 00:39:55 [DEBUG][org.springframework.data.convert.CustomConversions][isSupportedConverter][296]-> Adding converter from class org.joda.time.DateTime to class java.util.Date as writing converter.
2026-05-02 00:39:55 [DEBUG][org.springframework.data.convert.CustomConversions][isSupportedConverter][296]-> Adding converter from class java.util.Date to class org.joda.time.LocalDate as reading converter.
2026-05-02 00:39:55 [DEBUG][org.springframework.data.convert.CustomConversions][isSupportedConverter][296]-> Adding converter from class java.util.Date to class org.joda.time.LocalDateTime as reading converter.
2026-05-02 00:39:55 [DEBUG][org.springframework.data.convert.CustomConversions][isSupportedConverter][296]-> Adding converter from class java.util.Date to class org.joda.time.DateTime as reading converter.
2026-05-02 00:39:55 [DEBUG][org.springframework.data.convert.CustomConversions][isSupportedConverter][296]-> Adding converter from class java.time.LocalDateTime to class org.joda.time.LocalDateTime as reading converter.
2026-05-02 00:39:55 [DEBUG][org.springframework.data.convert.CustomConversions][isSupportedConverter][296]-> Adding converter from class java.time.LocalDateTime to class org.joda.time.DateTime as reading converter.
2026-05-02 00:39:55 [DEBUG][org.springframework.data.convert.CustomConversions][isSupportedConverter][296]-> Adding converter from class java.time.Instant to class org.joda.time.LocalDateTime as reading converter.
2026-05-02 00:39:55 [DEBUG][org.springframework.data.convert.CustomConversions][isSupportedConverter][296]-> Adding converter from class org.joda.time.LocalDateTime to class java.time.Instant as writing converter.
2026-05-02 00:39:55 [DEBUG][org.springframework.data.convert.CustomConversions][isSupportedConverter][296]-> Adding converter from class org.joda.time.LocalDateTime to class java.time.LocalDateTime as writing converter.
2026-05-02 00:39:55 [DEBUG][org.springframework.data.convert.CustomConversions][isSupportedConverter][296]-> Adding converter from class java.util.Date to class java.time.LocalDateTime as reading converter.
2026-05-02 00:39:55 [DEBUG][org.springframework.data.convert.CustomConversions][isSupportedConverter][296]-> Adding converter from class java.time.LocalDateTime to class java.util.Date as writing converter.
2026-05-02 00:39:55 [DEBUG][org.springframework.data.convert.CustomConversions][isSupportedConverter][296]-> Adding converter from class java.util.Date to class java.time.LocalDate as reading converter.
2026-05-02 00:39:55 [DEBUG][org.springframework.data.convert.CustomConversions][isSupportedConverter][296]-> Adding converter from class java.time.LocalDate to class java.util.Date as writing converter.
2026-05-02 00:39:55 [DEBUG][org.springframework.data.convert.CustomConversions][isSupportedConverter][296]-> Adding converter from class java.util.Date to class java.time.LocalTime as reading converter.
2026-05-02 00:39:55 [DEBUG][org.springframework.data.convert.CustomConversions][isSupportedConverter][296]-> Adding converter from class java.time.LocalTime to class java.util.Date as writing converter.
2026-05-02 00:39:55 [DEBUG][org.springframework.data.convert.CustomConversions][isSupportedConverter][296]-> Adding converter from class java.util.Date to class java.time.Instant as reading converter.
2026-05-02 00:39:55 [DEBUG][org.springframework.data.convert.CustomConversions][isSupportedConverter][296]-> Adding converter from class java.time.Instant to class java.util.Date as writing converter.
2026-05-02 00:39:55 [DEBUG][org.springframework.data.convert.CustomConversions][isSupportedConverter][296]-> Adding converter from class java.time.LocalDateTime to class java.time.Instant as reading converter.
2026-05-02 00:39:55 [DEBUG][org.springframework.data.convert.CustomConversions][isSupportedConverter][296]-> Adding converter from class java.time.Instant to class java.time.LocalDateTime as reading converter.
2026-05-02 00:39:55 [DEBUG][org.springframework.data.convert.CustomConversions][isSupportedConverter][296]-> Adding converter from class java.time.ZoneId to class java.lang.String as writing converter.
2026-05-02 00:39:55 [DEBUG][org.springframework.data.convert.CustomConversions][isSupportedConverter][296]-> Adding converter from class java.lang.String to class java.time.ZoneId as reading converter.
2026-05-02 00:39:55 [DEBUG][org.springframework.data.convert.CustomConversions][isSupportedConverter][296]-> Adding converter from class java.time.Duration to class java.lang.String as writing converter.
2026-05-02 00:39:55 [DEBUG][org.springframework.data.convert.CustomConversions][isSupportedConverter][296]-> Adding converter from class java.lang.String to class java.time.Duration as reading converter.
2026-05-02 00:39:55 [DEBUG][org.springframework.data.convert.CustomConversions][isSupportedConverter][296]-> Adding converter from class java.time.Period to class java.lang.String as writing converter.
2026-05-02 00:39:55 [DEBUG][org.springframework.data.convert.CustomConversions][isSupportedConverter][296]-> Adding converter from class java.lang.String to class java.time.Period as reading converter.
2026-05-02 00:39:55 [DEBUG][org.springframework.data.convert.CustomConversions][isSupportedConverter][296]-> Adding converter from class java.lang.String to class java.time.LocalDate as reading converter.
2026-05-02 00:39:55 [DEBUG][org.springframework.data.convert.CustomConversions][isSupportedConverter][296]-> Adding converter from class java.lang.String to class java.time.LocalDateTime as reading converter.
2026-05-02 00:39:55 [DEBUG][org.springframework.data.convert.CustomConversions][isSupportedConverter][296]-> Adding converter from class java.lang.String to class java.time.Instant as reading converter.
2026-05-02 00:39:55 [DEBUG][org.springframework.data.convert.CustomConversions][isSupportedConverter][296]-> Adding converter from class java.lang.String to class [B as writing converter.
2026-05-02 00:39:55 [DEBUG][org.springframework.data.convert.CustomConversions][isSupportedConverter][296]-> Adding converter from class [B to class java.lang.String as reading converter.
2026-05-02 00:39:55 [DEBUG][org.springframework.data.convert.CustomConversions][isSupportedConverter][296]-> Adding converter from class java.lang.Number to class [B as writing converter.
2026-05-02 00:39:55 [DEBUG][org.springframework.data.convert.CustomConversions][isSupportedConverter][296]-> Adding converter from class [B to class java.lang.Number as reading converter.
2026-05-02 00:39:55 [DEBUG][org.springframework.data.convert.CustomConversions][isSupportedConverter][296]-> Adding converter from class java.lang.Enum to class [B as writing converter.
2026-05-02 00:39:55 [DEBUG][org.springframework.data.convert.CustomConversions][isSupportedConverter][296]-> Adding converter from class [B to class java.lang.Enum as reading converter.
2026-05-02 00:39:55 [DEBUG][org.springframework.data.convert.CustomConversions][isSupportedConverter][296]-> Adding converter from class java.lang.Boolean to class [B as writing converter.
2026-05-02 00:39:55 [DEBUG][org.springframework.data.convert.CustomConversions][isSupportedConverter][296]-> Adding converter from class [B to class java.lang.Boolean as reading converter.
2026-05-02 00:39:55 [DEBUG][org.springframework.data.convert.CustomConversions][isSupportedConverter][296]-> Adding converter from class java.util.Date to class [B as writing converter.
2026-05-02 00:39:55 [DEBUG][org.springframework.data.convert.CustomConversions][isSupportedConverter][296]-> Adding converter from class [B to class java.util.Date as reading converter.
2026-05-02 00:39:55 [DEBUG][org.springframework.data.convert.CustomConversions][isSupportedConverter][296]-> Adding converter from class java.util.UUID to class [B as writing converter.
2026-05-02 00:39:55 [DEBUG][org.springframework.data.convert.CustomConversions][isSupportedConverter][296]-> Adding converter from class [B to class java.util.UUID as reading converter.
2026-05-02 00:39:55 [DEBUG][org.springframework.data.convert.CustomConversions][isSupportedConverter][296]-> Adding converter from class java.time.LocalDateTime to class [B as writing converter.
2026-05-02 00:39:55 [DEBUG][org.springframework.data.convert.CustomConversions][isSupportedConverter][296]-> Adding converter from class [B to class java.time.LocalDateTime as reading converter.
2026-05-02 00:39:55 [DEBUG][org.springframework.data.convert.CustomConversions][isSupportedConverter][296]-> Adding converter from class java.time.LocalDate to class [B as writing converter.
2026-05-02 00:39:55 [DEBUG][org.springframework.data.convert.CustomConversions][isSupportedConverter][296]-> Adding converter from class [B to class java.time.LocalDate as reading converter.
2026-05-02 00:39:55 [DEBUG][org.springframework.data.convert.CustomConversions][isSupportedConverter][296]-> Adding converter from class java.time.LocalTime to class [B as writing converter.
2026-05-02 00:39:55 [DEBUG][org.springframework.data.convert.CustomConversions][isSupportedConverter][296]-> Adding converter from class [B to class java.time.LocalTime as reading converter.
2026-05-02 00:39:55 [DEBUG][org.springframework.data.convert.CustomConversions][isSupportedConverter][296]-> Adding converter from class java.time.ZonedDateTime to class [B as writing converter.
2026-05-02 00:39:55 [DEBUG][org.springframework.data.convert.CustomConversions][isSupportedConverter][296]-> Adding converter from class [B to class java.time.ZonedDateTime as reading converter.
2026-05-02 00:39:55 [DEBUG][org.springframework.data.convert.CustomConversions][isSupportedConverter][296]-> Adding converter from class java.time.Instant to class [B as writing converter.
2026-05-02 00:39:55 [DEBUG][org.springframework.data.convert.CustomConversions][isSupportedConverter][296]-> Adding converter from class [B to class java.time.Instant as reading converter.
2026-05-02 00:39:55 [DEBUG][org.springframework.data.convert.CustomConversions][isSupportedConverter][296]-> Adding converter from class java.time.ZoneId to class [B as writing converter.
2026-05-02 00:39:55 [DEBUG][org.springframework.data.convert.CustomConversions][isSupportedConverter][296]-> Adding converter from class [B to class java.time.ZoneId as reading converter.
2026-05-02 00:39:55 [DEBUG][org.springframework.data.convert.CustomConversions][isSupportedConverter][296]-> Adding converter from class java.time.Period to class [B as writing converter.
2026-05-02 00:39:55 [DEBUG][org.springframework.data.convert.CustomConversions][isSupportedConverter][296]-> Adding converter from class [B to class java.time.Period as reading converter.
2026-05-02 00:39:55 [DEBUG][org.springframework.data.convert.CustomConversions][isSupportedConverter][296]-> Adding converter from class java.time.Duration to class [B as writing converter.
2026-05-02 00:39:55 [DEBUG][org.springframework.data.convert.CustomConversions][isSupportedConverter][296]-> Adding converter from class [B to class java.time.Duration as reading converter.
2026-05-02 00:39:55 [DEBUG][org.springframework.data.convert.CustomConversions][isSupportedConverter][296]-> Adding converter from class org.joda.time.LocalDate to class java.util.Date as writing converter.
2026-05-02 00:39:55 [DEBUG][org.springframework.data.convert.CustomConversions][isSupportedConverter][296]-> Adding converter from class org.joda.time.LocalDateTime to class java.util.Date as writing converter.
2026-05-02 00:39:55 [DEBUG][org.springframework.data.convert.CustomConversions][isSupportedConverter][296]-> Adding converter from class org.joda.time.DateTime to class java.util.Date as writing converter.
2026-05-02 00:39:55 [DEBUG][org.springframework.data.convert.CustomConversions][isSupportedConverter][296]-> Adding converter from class java.util.Date to class org.joda.time.LocalDate as reading converter.
2026-05-02 00:39:55 [DEBUG][org.springframework.data.convert.CustomConversions][isSupportedConverter][296]-> Adding converter from class java.util.Date to class org.joda.time.LocalDateTime as reading converter.
2026-05-02 00:39:55 [DEBUG][org.springframework.data.convert.CustomConversions][isSupportedConverter][296]-> Adding converter from class java.util.Date to class org.joda.time.DateTime as reading converter.
2026-05-02 00:39:55 [DEBUG][org.springframework.data.convert.CustomConversions][isSupportedConverter][296]-> Adding converter from class java.time.LocalDateTime to class org.joda.time.LocalDateTime as reading converter.
2026-05-02 00:39:55 [DEBUG][org.springframework.data.convert.CustomConversions][isSupportedConverter][296]-> Adding converter from class java.time.LocalDateTime to class org.joda.time.DateTime as reading converter.
2026-05-02 00:39:55 [DEBUG][org.springframework.data.convert.CustomConversions][isSupportedConverter][296]-> Adding converter from class java.time.Instant to class org.joda.time.LocalDateTime as reading converter.
2026-05-02 00:39:55 [DEBUG][org.springframework.data.convert.CustomConversions][isSupportedConverter][296]-> Adding converter from class org.joda.time.LocalDateTime to class java.time.Instant as writing converter.
2026-05-02 00:39:55 [DEBUG][org.springframework.data.convert.CustomConversions][isSupportedConverter][296]-> Adding converter from class org.joda.time.LocalDateTime to class java.time.LocalDateTime as writing converter.
2026-05-02 00:39:55 [DEBUG][org.springframework.data.convert.CustomConversions][isSupportedConverter][296]-> Adding converter from class java.util.Date to class java.time.LocalDateTime as reading converter.
2026-05-02 00:39:55 [DEBUG][org.springframework.data.convert.CustomConversions][isSupportedConverter][296]-> Adding converter from class java.time.LocalDateTime to class java.util.Date as writing converter.
2026-05-02 00:39:55 [DEBUG][org.springframework.data.convert.CustomConversions][isSupportedConverter][296]-> Adding converter from class java.util.Date to class java.time.LocalDate as reading converter.
2026-05-02 00:39:55 [DEBUG][org.springframework.data.convert.CustomConversions][isSupportedConverter][296]-> Adding converter from class java.time.LocalDate to class java.util.Date as writing converter.
2026-05-02 00:39:55 [DEBUG][org.springframework.data.convert.CustomConversions][isSupportedConverter][296]-> Adding converter from class java.util.Date to class java.time.LocalTime as reading converter.
2026-05-02 00:39:55 [DEBUG][org.springframework.data.convert.CustomConversions][isSupportedConverter][296]-> Adding converter from class java.time.LocalTime to class java.util.Date as writing converter.
2026-05-02 00:39:55 [DEBUG][org.springframework.data.convert.CustomConversions][isSupportedConverter][296]-> Adding converter from class java.util.Date to class java.time.Instant as reading converter.
2026-05-02 00:39:55 [DEBUG][org.springframework.data.convert.CustomConversions][isSupportedConverter][296]-> Adding converter from class java.time.Instant to class java.util.Date as writing converter.
2026-05-02 00:39:55 [DEBUG][org.springframework.data.convert.CustomConversions][isSupportedConverter][296]-> Adding converter from class java.time.LocalDateTime to class java.time.Instant as reading converter.
2026-05-02 00:39:55 [DEBUG][org.springframework.data.convert.CustomConversions][isSupportedConverter][296]-> Adding converter from class java.time.Instant to class java.time.LocalDateTime as reading converter.
2026-05-02 00:39:55 [DEBUG][org.springframework.data.convert.CustomConversions][isSupportedConverter][296]-> Adding converter from class java.time.ZoneId to class java.lang.String as writing converter.
2026-05-02 00:39:55 [DEBUG][org.springframework.data.convert.CustomConversions][isSupportedConverter][296]-> Adding converter from class java.lang.String to class java.time.ZoneId as reading converter.
2026-05-02 00:39:55 [DEBUG][org.springframework.data.convert.CustomConversions][isSupportedConverter][296]-> Adding converter from class java.time.Duration to class java.lang.String as writing converter.
2026-05-02 00:39:55 [DEBUG][org.springframework.data.convert.CustomConversions][isSupportedConverter][296]-> Adding converter from class java.lang.String to class java.time.Duration as reading converter.
2026-05-02 00:39:55 [DEBUG][org.springframework.data.convert.CustomConversions][isSupportedConverter][296]-> Adding converter from class java.time.Period to class java.lang.String as writing converter.
2026-05-02 00:39:55 [DEBUG][org.springframework.data.convert.CustomConversions][isSupportedConverter][296]-> Adding converter from class java.lang.String to class java.time.Period as reading converter.
2026-05-02 00:39:55 [DEBUG][org.springframework.data.convert.CustomConversions][isSupportedConverter][296]-> Adding converter from class java.lang.String to class java.time.LocalDate as reading converter.
2026-05-02 00:39:55 [DEBUG][org.springframework.data.convert.CustomConversions][isSupportedConverter][296]-> Adding converter from class java.lang.String to class java.time.LocalDateTime as reading converter.
2026-05-02 00:39:55 [DEBUG][org.springframework.data.convert.CustomConversions][isSupportedConverter][296]-> Adding converter from class java.lang.String to class java.time.Instant as reading converter.
2026-05-02 00:39:55 [DEBUG][org.springframework.beans.factory.support.DefaultListableBeanFactory][getSingleton][225]-> Creating shared instance of singleton bean 'redisKeyValueAdapter'
2026-05-02 00:39:55 [DEBUG][org.springframework.data.redis.listener.RedisMessageListenerContainer][lazyListen][495]-> Postpone listening for Redis messages until actual listeners are added
2026-05-02 00:39:55 [DEBUG][org.springframework.data.redis.listener.RedisMessageListenerContainer][start][229]-> Started RedisMessageListenerContainer
2026-05-02 00:39:55 [DEBUG][org.springframework.beans.factory.support.DefaultListableBeanFactory][getSingleton][225]-> Creating shared instance of singleton bean 'redisKeyValueTemplate'
2026-05-02 00:39:55 [DEBUG][org.springframework.jmx.export.annotation.AnnotationMBeanExporter][registerBeans][541]-> Autodetecting user-defined JMX MBeans
2026-05-02 00:39:55 [DEBUG][org.springframework.core.env.PropertySourcesPropertyResolver][logKeyFound][115]-> Found key 'spring.mail.username' in PropertySource 'environmentProperties' with value of type String
2026-05-02 00:39:55 [DEBUG][org.springframework.core.env.PropertySourcesPropertyResolver][logKeyFound][115]-> Found key 'admin.emails' in PropertySource 'environmentProperties' with value of type String
2026-05-02 00:39:55 [DEBUG][org.springframework.core.env.PropertySourcesPropertyResolver][logKeyFound][115]-> Found key 'tencent.cos.file.region' in PropertySource 'environmentProperties' with value of type String
2026-05-02 00:39:55 [DEBUG][org.springframework.core.env.PropertySourcesPropertyResolver][logKeyFound][115]-> Found key 'tencent.cos.file.secretid' in PropertySource 'environmentProperties' with value of type String
2026-05-02 00:39:55 [DEBUG][org.springframework.core.env.PropertySourcesPropertyResolver][logKeyFound][115]-> Found key 'tencent.cos.file.secretkey' in PropertySource 'environmentProperties' with value of type String
2026-05-02 00:39:55 [DEBUG][org.springframework.core.env.PropertySourcesPropertyResolver][logKeyFound][115]-> Found key 'tencent.cos.file.bucketname' in PropertySource 'environmentProperties' with value of type String
2026-05-02 00:39:55 [DEBUG][org.springframework.core.env.PropertySourcesPropertyResolver][logKeyFound][115]-> Found key 'project.folder' in PropertySource 'environmentProperties' with value of type String
2026-05-02 00:39:55 [DEBUG][org.springframework.jmx.export.annotation.AnnotationMBeanExporter][registerBeans][541]-> Autodetecting user-defined JMX MBeans
2026-05-02 00:39:55 [DEBUG][_org.springframework.web.servlet.HandlerMapping.Mappings][detectHandlerMethods][295]-> 
	c.n.x.c.RecycleController:
	{ [/recycle/loadRecycleList]}: loadRecycleList(HttpSession,FileInfoQuery,String)
	{ [/recycle/delFile]}: delFile(HttpSession,String)
	{ [/recycle/recoverFile]}: recoverFile(HttpSession,String)
2026-05-02 00:39:55 [DEBUG][_org.springframework.web.servlet.HandlerMapping.Mappings][detectHandlerMethods][295]-> 
	c.n.x.c.EmailCodeController:
	{ [/emailCode/add]}: add(EmailCode)
	{ [/emailCode/addBatch]}: addBatch(List)
	{ [/emailCode/addOrUpdateBatch]}: addOrUpdateBatch(List)
	{ [/emailCode/loadDataList]}: loadDataList(EmailCodeQuery)
	{ [/emailCode/getEmailCodeByEmailAndCode]}: getEmailCodeByEmailAndCode(String,String)
	{ [/emailCode/deleteEmailCodeByEmailAndCode]}: deleteEmailCodeByEmailAndCode(String,String)
	{ [/emailCode/updateEmailCodeByEmailAndCode]}: updateEmailCodeByEmailAndCode(EmailCode,String,String)
2026-05-02 00:39:55 [DEBUG][_org.springframework.web.servlet.HandlerMapping.Mappings][detectHandlerMethods][295]-> 
	c.n.x.c.FileInfoController:
	{POST [/file/rename]}: rename(HttpSession,String,String,String)
	{ [/file/getFile/{fileId}]}: getFile(HttpSession,String,HttpServletResponse)
	{POST [/file/getFolderInfo]}: getFolderInfo(HttpSession,String)
	{GET [/file/ts/{fileId}/{tsName}]}: getVideo(String,String,HttpServletResponse)
	{ [/file/uploadFile]}: uploadFile(HttpSession,String,MultipartFile,String,String,String,Integer,Integer)
	{ [/file/loadDataList]}: loadDataList(HttpSession,FileInfoQuery,String)
	{GET [/file/getImage/**]}: getImage(HttpServletRequest,HttpServletResponse)
	{GET [/file/ts/getVideoInfo/{fileId}]}: getVideoInfo(String,HttpServletResponse)
	{POST [/file/newFolder]}: newFolder(HttpSession,String,String)
	{ [/file/createDownloadUrl/{fileId}]}: createDownloadUrl(HttpSession,String)
	{POST [/file/loadAllFolder]}: loadAllFolder(HttpSession,String,String)
	{ [/file/delFile]}: delFile(HttpSession,String)
	{ [/file/download/{downloadCode}]}: download(String,HttpServletResponse)
	{POST [/file/changeFileFolder]}: changeFileFolder(HttpSession,String,String)
2026-05-02 00:39:55 [DEBUG][_org.springframework.web.servlet.HandlerMapping.Mappings][detectHandlerMethods][295]-> 
	c.n.x.c.FileShareController:
	{ [/share/cancelShare]}: cancelShare(HttpSession,String)
	{ [/share/shareFile]}: shareFile(HttpSession,String,Integer,Integer,String)
	{ [/share/loadShareList]}: loadShareList(HttpSession,FileShareQuery)
2026-05-02 00:39:55 [DEBUG][_org.springframework.web.servlet.HandlerMapping.Mappings][detectHandlerMethods][295]-> 
	c.n.x.c.UserInfoController:
	{ [/register]}: register(HttpSession,String,String,String,String,String)
	{ [/getUseSpace]}: getUseSpace(HttpSession)
	{GET [/checkCode]}: getCheckCode(Integer,HttpServletRequest,HttpServletResponse)
	{GET [/getAvatar/{userId}]}: getAvatar(String,HttpServletResponse)
	{POST [/updateUserAvatar]}: updateUserAvatar(MultipartFile,HttpSession)
	{ [/sendEmailCode]}: sendEmailCode(String,String,Integer,HttpServletRequest)
	{ [/logout]}: logout(HttpSession)
	{ [/login]}: login(HttpSession,String,String,String)
	{ [/resetPwd]}: retPassword(HttpSession,String,String,String)
	{GET [/updatePassword]}: updatePassword(String,HttpServletResponse)
2026-05-02 00:39:55 [DEBUG][_org.springframework.web.servlet.HandlerMapping.Mappings][detectHandlerMethods][295]-> 
	o.s.b.a.w.s.e.BasicErrorController:
	{ [/error]}: error(HttpServletRequest)
	{ [/error], produces [text/html]}: errorHtml(HttpServletRequest,HttpServletResponse)
2026-05-02 00:39:55 [DEBUG][_org.springframework.web.servlet.HandlerMapping.Mappings][detectHandlerMethods][295]-> 
	c.n.x.c.RecycleController:
	{ [/recycle/loadRecycleList]}: loadRecycleList(HttpSession,FileInfoQuery,String)
	{ [/recycle/delFile]}: delFile(HttpSession,String)
	{ [/recycle/recoverFile]}: recoverFile(HttpSession,String)
2026-05-02 00:39:55 [DEBUG][org.springframework.web.servlet.mvc.method.annotation.RequestMappingHandlerMapping][handlerMethodsInitialized][367]-> 39 mappings in 'requestMappingHandlerMapping'
2026-05-02 00:39:55 [DEBUG][_org.springframework.web.servlet.HandlerMapping.Mappings][detectHandlerMethods][295]-> 
	c.n.x.c.FileShareController:
	{ [/share/cancelShare]}: cancelShare(HttpSession,String)
	{ [/share/shareFile]}: shareFile(HttpSession,String,Integer,Integer,String)
	{ [/share/loadShareList]}: loadShareList(HttpSession,FileShareQuery)
2026-05-02 00:39:55 [DEBUG][org.springframework.data.redis.listener.RedisMessageListenerContainer][stop][242]-> Stopped RedisMessageListenerContainer
2026-05-02 00:39:55 [DEBUG][org.springframework.web.servlet.DispatcherServlet][initMultipartResolver][520]-> Detected StandardServletMultipartResolver
2026-05-02 00:39:55 [DEBUG][org.springframework.web.servlet.DispatcherServlet][initLocaleResolver][544]-> Detected AcceptHeaderLocaleResolver
2026-05-02 00:39:55 [DEBUG][org.springframework.web.servlet.DispatcherServlet][initThemeResolver][569]-> Detected FixedThemeResolver
2026-05-02 00:39:55 [DEBUG][org.springframework.web.servlet.DispatcherServlet][initRequestToViewNameTranslator][719]-> Detected org.springframework.web.servlet.view.DefaultRequestToViewNameTranslator@6c76ccc9
2026-05-02 00:39:55 [DEBUG][org.springframework.web.servlet.DispatcherServlet][initFlashMapManager][783]-> Detected org.springframework.web.servlet.support.SessionFlashMapManager@78b10ace
2026-05-02 00:39:55 [DEBUG][org.springframework.web.servlet.DispatcherServlet][traceDebug][108]-> POST "/api/file/loadDataList", parameters={multipart}
2026-05-02 00:39:55 [DEBUG][org.springframework.web.servlet.DispatcherServlet][traceDebug][108]-> POST "/api/file/loadDataList", parameters={multipart}
2026-05-02 00:39:55 [DEBUG][org.springframework.web.servlet.mvc.method.annotation.RequestMappingHandlerMapping][getHandler][522]-> Mapped to com.njtech.xcloud.controller.FileInfoController#loadDataList(HttpSession, FileInfoQuery, String)
2026-05-02 00:39:55 [DEBUG][org.springframework.web.servlet.mvc.method.annotation.RequestMappingHandlerMapping][getHandler][522]-> Mapped to com.njtech.xcloud.controller.FileInfoController#loadDataList(HttpSession, FileInfoQuery, String)
2026-05-02 00:39:56 [DEBUG][org.springframework.jdbc.datasource.DataSourceUtils][doGetConnection][116]-> Fetching JDBC Connection from DataSource
2026-05-02 00:39:56 [DEBUG][org.springframework.jdbc.datasource.DataSourceUtils][doGetConnection][116]-> Fetching JDBC Connection from DataSource
2026-05-02 00:39:56 [DEBUG][org.springframework.jdbc.datasource.DataSourceUtils][doGetConnection][116]-> Fetching JDBC Connection from DataSource
2026-05-02 00:39:56 [DEBUG][org.springframework.jdbc.datasource.DataSourceUtils][doGetConnection][116]-> Fetching JDBC Connection from DataSource
2026-05-02 00:39:56 [DEBUG][com.zaxxer.hikari.pool.HikariPool][call][729]-> HikariCPDatasource - Added connection com.mysql.cj.jdbc.ConnectionImpl@598c4cec
2026-05-02 00:39:56 [DEBUG][org.springframework.web.servlet.mvc.method.annotation.RequestResponseBodyMethodProcessor][writeWithMessageConverters][268]-> Using 'application/json', given [application/json, text/plain, */*] and supported [application/json, application/*+json, application/json, application/*+json]
2026-05-02 00:39:56 [DEBUG][org.springframework.web.servlet.mvc.method.annotation.RequestResponseBodyMethodProcessor][writeWithMessageConverters][268]-> Using 'application/json', given [application/json, text/plain, */*] and supported [application/json, application/*+json, application/json, application/*+json]
2026-05-02 00:39:56 [DEBUG][org.springframework.web.servlet.mvc.method.annotation.RequestResponseBodyMethodProcessor][traceDebug][108]-> Writing [com.njtech.xcloud.entity.vo.ResponseVO@74b3ff2e]
2026-05-02 00:39:56 [DEBUG][org.springframework.web.servlet.mvc.method.annotation.RequestResponseBodyMethodProcessor][traceDebug][108]-> Writing [com.njtech.xcloud.entity.vo.ResponseVO@7043c82]
2026-05-02 00:39:56 [DEBUG][org.springframework.web.servlet.DispatcherServlet][logResult][1131]-> Completed 200 OK
2026-05-02 00:39:56 [DEBUG][org.springframework.web.servlet.DispatcherServlet][logResult][1131]-> Completed 200 OK
2026-05-02 00:40:11 [DEBUG][com.zaxxer.hikari.pool.HikariPool][logPoolState][421]-> HikariCPDatasource - Before cleanup stats (total=6, active=0, idle=6, waiting=0)
2026-05-02 00:40:11 [DEBUG][com.zaxxer.hikari.pool.HikariPool][logPoolState][421]-> HikariCPDatasource - After cleanup  stats (total=5, active=0, idle=5, waiting=0)
2026-05-02 00:40:11 [DEBUG][com.zaxxer.hikari.pool.HikariPool][fillPool][518]-> HikariCPDatasource - Fill pool skipped, pool is at sufficient level.
2026-05-02 00:40:11 [DEBUG][com.zaxxer.hikari.pool.PoolBase][quietlyCloseConnection][134]-> HikariCPDatasource - Closing connection com.mysql.cj.jdbc.ConnectionImpl@589fc062: (connection has passed idleTimeout)
2026-05-02 00:40:11 [DEBUG][com.zaxxer.hikari.pool.HikariPool][fillPool][518]-> HikariCPDatasource - Fill pool skipped, pool is at sufficient level.
2026-05-02 00:40:41 [DEBUG][com.zaxxer.hikari.pool.HikariPool][logPoolState][421]-> HikariCPDatasource - Before cleanup stats (total=5, active=0, idle=5, waiting=0)
2026-05-02 00:40:41 [DEBUG][com.zaxxer.hikari.pool.HikariPool][logPoolState][421]-> HikariCPDatasource - After cleanup  stats (total=5, active=0, idle=5, waiting=0)
2026-05-02 00:40:41 [DEBUG][com.zaxxer.hikari.pool.HikariPool][fillPool][518]-> HikariCPDatasource - Fill pool skipped, pool is at sufficient level.
2026-05-02 00:40:59 [WARN][org.springframework.context.annotation.ClassPathScanningCandidateComponentProvider][doScan][166]-> No MyBatis mapper was found in '[com.njtech.xcloud.mappers]' package. Please check your configuration.
2026-05-02 00:40:59 [WARN][org.springframework.context.annotation.ClassPathScanningCandidateComponentProvider][doScan][166]-> No MyBatis mapper was found in '[com.njtech.xcloud.mappers]' package. Please check your configuration.
2026-05-02 00:40:59 [INFO][org.springframework.data.repository.config.RepositoryConfigurationDelegate][registerRepositoriesIn][132]-> Bootstrapping Spring Data Redis repositories in DEFAULT mode.
2026-05-02 00:40:59 [DEBUG][org.springframework.data.repository.config.RepositoryConfigurationDelegate][registerRepositoriesIn][145]-> Scanning for Redis repositories in packages com.njtech.xcloud.
2026-05-02 00:40:59 [INFO][org.springframework.data.repository.config.RepositoryConfigurationDelegate][registerRepositoriesIn][201]-> Finished Spring Data repository scanning in 3 ms. Found 0 Redis repository interfaces.
2026-05-02 00:40:59 [DEBUG][org.springframework.context.annotation.ClassPathScanningCandidateComponentProvider][__scanCandidateComponents][435]-> Identified candidate component class: file [C:\Users\Luojun\Desktop\workspace\xcloud\xcloud-java\target\classes\com\njtech\xcloud\controller\FileShareController.class]
2026-05-02 00:40:59 [DEBUG][org.springframework.jmx.export.annotation.AnnotationMBeanExporter][registerBeans][541]-> Autodetecting user-defined JMX MBeans
2026-05-02 00:40:59 [DEBUG][_org.springframework.web.servlet.HandlerMapping.Mappings][detectHandlerMethods][295]-> 
	c.n.x.c.FileShareController:
	{ [/share/cancelShare]}: cancelShare(HttpSession,String)
	{ [/share/shareFile]}: shareFile(HttpSession,String,Integer,Integer,String)
	{ [/share/loadShareList]}: loadShareList(HttpSession,FileShareQuery)
2026-05-02 00:40:59 [DEBUG][org.springframework.web.servlet.DispatcherServlet][initMultipartResolver][520]-> Detected StandardServletMultipartResolver
2026-05-02 00:40:59 [DEBUG][org.springframework.web.servlet.DispatcherServlet][initLocaleResolver][544]-> Detected AcceptHeaderLocaleResolver
2026-05-02 00:40:59 [DEBUG][org.springframework.web.servlet.DispatcherServlet][initThemeResolver][569]-> Detected FixedThemeResolver
2026-05-02 00:40:59 [DEBUG][org.springframework.web.servlet.DispatcherServlet][initRequestToViewNameTranslator][719]-> Detected org.springframework.web.servlet.view.DefaultRequestToViewNameTranslator@6c76ccc9
2026-05-02 00:40:59 [DEBUG][org.springframework.web.servlet.DispatcherServlet][initFlashMapManager][783]-> Detected org.springframework.web.servlet.support.SessionFlashMapManager@78b10ace
2026-05-02 00:40:59 [DEBUG][org.springframework.web.servlet.DispatcherServlet][traceDebug][108]-> POST "/api/getUseSpace", parameters={multipart}
2026-05-02 00:40:59 [DEBUG][org.springframework.web.servlet.DispatcherServlet][traceDebug][108]-> POST "/api/file/loadDataList", parameters={multipart}
2026-05-02 00:40:59 [DEBUG][org.springframework.web.servlet.DispatcherServlet][traceDebug][108]-> POST "/api/file/loadDataList", parameters={multipart}
2026-05-02 00:40:59 [DEBUG][org.springframework.web.servlet.DispatcherServlet][traceDebug][108]-> GET "/api/getAvatar/2117787425?1777653659721", parameters={masked}
2026-05-02 00:40:59 [DEBUG][org.springframework.web.servlet.mvc.method.annotation.RequestMappingHandlerMapping][getHandler][522]-> Mapped to com.njtech.xcloud.controller.UserInfoController#getAvatar(String, HttpServletResponse)
2026-05-02 00:40:59 [DEBUG][org.springframework.web.servlet.mvc.method.annotation.RequestMappingHandlerMapping][getHandler][522]-> Mapped to com.njtech.xcloud.controller.UserInfoController#getUseSpace(HttpSession)
2026-05-02 00:40:59 [DEBUG][org.springframework.data.redis.core.RedisConnectionUtils][doGetConnection][143]-> Fetching Redis Connection from RedisConnectionFactory
2026-05-02 00:40:59 [DEBUG][org.springframework.web.servlet.mvc.method.annotation.RequestMappingHandlerMapping][getHandler][522]-> Mapped to com.njtech.xcloud.controller.FileInfoController#loadDataList(HttpSession, FileInfoQuery, String)
2026-05-02 00:40:59 [DEBUG][org.springframework.web.servlet.mvc.method.annotation.RequestMappingHandlerMapping][getHandler][522]-> Mapped to com.njtech.xcloud.controller.FileInfoController#loadDataList(HttpSession, FileInfoQuery, String)
2026-05-02 00:40:59 [DEBUG][org.springframework.web.servlet.DispatcherServlet][logResult][1131]-> Completed 200 OK
2026-05-02 00:40:59 [DEBUG][io.lettuce.core.RedisChannelHandler][dispatch][175]-> dispatching command AsyncCommand [type=GET, output=ValueOutput [output=null, error='null'], commandType=io.lettuce.core.protocol.Command]
2026-05-02 00:40:59 [DEBUG][io.lettuce.core.protocol.DefaultEndpoint][channelWriteAndFlush][430]-> [channel=0x3f7163c9, /127.0.0.1:59190 -> /127.0.0.1:6379, epid=0x1] write() writeAndFlush command AsyncCommand [type=GET, output=ValueOutput [output=null, error='null'], commandType=io.lettuce.core.protocol.Command]
2026-05-02 00:40:59 [DEBUG][io.lettuce.core.protocol.DefaultEndpoint][write][207]-> [channel=0x3f7163c9, /127.0.0.1:59190 -> /127.0.0.1:6379, epid=0x1] write() done
2026-05-02 00:40:59 [DEBUG][io.lettuce.core.protocol.CommandHandler][write][383]-> [channel=0x3f7163c9, /127.0.0.1:59190 -> /127.0.0.1:6379, epid=0x1, chid=0x1] write(ctx, AsyncCommand [type=GET, output=ValueOutput [output=null, error='null'], commandType=io.lettuce.core.protocol.Command], promise)
2026-05-02 00:40:59 [DEBUG][io.lettuce.core.protocol.CommandEncoder][encode][101]-> [channel=0x3f7163c9, /127.0.0.1:59190 -> /127.0.0.1:6379] writing command AsyncCommand [type=GET, output=ValueOutput [output=null, error='null'], commandType=io.lettuce.core.protocol.Command]
2026-05-02 00:40:59 [DEBUG][org.springframework.jdbc.datasource.DataSourceUtils][doGetConnection][116]-> Fetching JDBC Connection from DataSource
2026-05-02 00:40:59 [DEBUG][io.lettuce.core.protocol.CommandHandler][channelRead][577]-> [channel=0x3f7163c9, /127.0.0.1:59190 -> /127.0.0.1:6379, epid=0x1, chid=0x1] Received: 97 bytes, 1 commands in the stack
2026-05-02 00:40:59 [DEBUG][io.lettuce.core.protocol.CommandHandler][decode][651]-> [channel=0x3f7163c9, /127.0.0.1:59190 -> /127.0.0.1:6379, epid=0x1, chid=0x1] Stack contains: 1 commands
2026-05-02 00:40:59 [DEBUG][io.lettuce.core.protocol.RedisStateMachine][decode][298]-> Decode done, empty stack: true
2026-05-02 00:40:59 [DEBUG][io.lettuce.core.protocol.CommandHandler][decode][679]-> [channel=0x3f7163c9, /127.0.0.1:59190 -> /127.0.0.1:6379, epid=0x1, chid=0x1] Completing command AsyncCommand [type=GET, output=ValueOutput [output=[B@1752edd3, error='null'], commandType=io.lettuce.core.protocol.Command]
2026-05-02 00:40:59 [DEBUG][org.springframework.jdbc.datasource.DataSourceUtils][doGetConnection][116]-> Fetching JDBC Connection from DataSource
2026-05-02 00:40:59 [DEBUG][org.springframework.jdbc.datasource.DataSourceUtils][doGetConnection][116]-> Fetching JDBC Connection from DataSource
2026-05-02 00:40:59 [DEBUG][org.springframework.data.redis.core.RedisConnectionUtils][doCloseConnection][389]-> Closing Redis Connection.
2026-05-02 00:40:59 [DEBUG][org.springframework.web.servlet.mvc.method.annotation.RequestResponseBodyMethodProcessor][writeWithMessageConverters][268]-> Using 'application/json', given [application/json, text/plain, */*] and supported [application/json, application/*+json, application/json, application/*+json]
2026-05-02 00:40:59 [DEBUG][org.springframework.web.servlet.mvc.method.annotation.RequestResponseBodyMethodProcessor][traceDebug][108]-> Writing [com.njtech.xcloud.entity.vo.ResponseVO@4cc76638]
2026-05-02 00:40:59 [DEBUG][org.springframework.jdbc.datasource.DataSourceUtils][doGetConnection][116]-> Fetching JDBC Connection from DataSource
2026-05-02 00:40:59 [DEBUG][org.springframework.web.servlet.DispatcherServlet][logResult][1131]-> Completed 200 OK
2026-05-02 00:40:59 [DEBUG][org.springframework.web.servlet.mvc.method.annotation.RequestResponseBodyMethodProcessor][writeWithMessageConverters][268]-> Using 'application/json', given [application/json, text/plain, */*] and supported [application/json, application/*+json, application/json, application/*+json]
2026-05-02 00:40:59 [DEBUG][org.springframework.web.servlet.mvc.method.annotation.RequestResponseBodyMethodProcessor][writeWithMessageConverters][268]-> Using 'application/json', given [application/json, text/plain, */*] and supported [application/json, application/*+json, application/json, application/*+json]
2026-05-02 00:40:59 [DEBUG][org.springframework.web.servlet.mvc.method.annotation.RequestResponseBodyMethodProcessor][traceDebug][108]-> Writing [com.njtech.xcloud.entity.vo.ResponseVO@78539f9d]
2026-05-02 00:40:59 [DEBUG][org.springframework.web.servlet.mvc.method.annotation.RequestResponseBodyMethodProcessor][traceDebug][108]-> Writing [com.njtech.xcloud.entity.vo.ResponseVO@9f276a0]
2026-05-02 00:40:59 [DEBUG][org.springframework.web.servlet.DispatcherServlet][logResult][1131]-> Completed 200 OK
2026-05-02 00:40:59 [DEBUG][org.springframework.web.servlet.DispatcherServlet][logResult][1131]-> Completed 200 OK
2026-05-02 00:41:01 [DEBUG][org.springframework.web.servlet.DispatcherServlet][traceDebug][108]-> POST "/api/file/loadDataList", parameters={multipart}
2026-05-02 00:41:01 [DEBUG][org.springframework.web.servlet.mvc.method.annotation.RequestMappingHandlerMapping][getHandler][522]-> Mapped to com.njtech.xcloud.controller.FileInfoController#loadDataList(HttpSession, FileInfoQuery, String)
2026-05-02 00:41:01 [DEBUG][org.springframework.jdbc.datasource.DataSourceUtils][doGetConnection][116]-> Fetching JDBC Connection from DataSource
2026-05-02 00:41:01 [DEBUG][org.springframework.jdbc.datasource.DataSourceUtils][doGetConnection][116]-> Fetching JDBC Connection from DataSource
2026-05-02 00:41:01 [DEBUG][org.springframework.web.servlet.mvc.method.annotation.RequestResponseBodyMethodProcessor][writeWithMessageConverters][268]-> Using 'application/json', given [application/json, text/plain, */*] and supported [application/json, application/*+json, application/json, application/*+json]
2026-05-02 00:41:01 [DEBUG][org.springframework.web.servlet.mvc.method.annotation.RequestResponseBodyMethodProcessor][traceDebug][108]-> Writing [com.njtech.xcloud.entity.vo.ResponseVO@1b351dfa]
2026-05-02 00:41:01 [DEBUG][org.springframework.web.servlet.DispatcherServlet][logResult][1131]-> Completed 200 OK
2026-05-02 00:41:02 [DEBUG][org.springframework.web.servlet.DispatcherServlet][traceDebug][108]-> POST "/api/file/loadDataList", parameters={multipart}
2026-05-02 00:41:02 [DEBUG][org.springframework.web.servlet.mvc.method.annotation.RequestMappingHandlerMapping][getHandler][522]-> Mapped to com.njtech.xcloud.controller.FileInfoController#loadDataList(HttpSession, FileInfoQuery, String)
2026-05-02 00:41:02 [DEBUG][org.springframework.jdbc.datasource.DataSourceUtils][doGetConnection][116]-> Fetching JDBC Connection from DataSource
2026-05-02 00:41:02 [DEBUG][org.springframework.jdbc.datasource.DataSourceUtils][doGetConnection][116]-> Fetching JDBC Connection from DataSource
2026-05-02 00:41:02 [DEBUG][org.springframework.web.servlet.mvc.method.annotation.RequestResponseBodyMethodProcessor][writeWithMessageConverters][268]-> Using 'application/json', given [application/json, text/plain, */*] and supported [application/json, application/*+json, application/json, application/*+json]
2026-05-02 00:41:02 [DEBUG][org.springframework.web.servlet.mvc.method.annotation.RequestResponseBodyMethodProcessor][traceDebug][108]-> Writing [com.njtech.xcloud.entity.vo.ResponseVO@7985247c]
2026-05-02 00:41:02 [DEBUG][org.springframework.web.servlet.DispatcherServlet][logResult][1131]-> Completed 200 OK
2026-05-02 00:41:02 [DEBUG][org.springframework.web.servlet.DispatcherServlet][traceDebug][108]-> POST "/api/file/loadDataList", parameters={multipart}
2026-05-02 00:41:02 [DEBUG][org.springframework.web.servlet.mvc.method.annotation.RequestMappingHandlerMapping][getHandler][522]-> Mapped to com.njtech.xcloud.controller.FileInfoController#loadDataList(HttpSession, FileInfoQuery, String)
2026-05-02 00:41:02 [DEBUG][org.springframework.jdbc.datasource.DataSourceUtils][doGetConnection][116]-> Fetching JDBC Connection from DataSource
2026-05-02 00:41:02 [DEBUG][org.springframework.jdbc.datasource.DataSourceUtils][doGetConnection][116]-> Fetching JDBC Connection from DataSource
2026-05-02 00:41:02 [DEBUG][org.springframework.web.servlet.mvc.method.annotation.RequestResponseBodyMethodProcessor][writeWithMessageConverters][268]-> Using 'application/json', given [application/json, text/plain, */*] and supported [application/json, application/*+json, application/json, application/*+json]
2026-05-02 00:41:02 [DEBUG][org.springframework.web.servlet.mvc.method.annotation.RequestResponseBodyMethodProcessor][traceDebug][108]-> Writing [com.njtech.xcloud.entity.vo.ResponseVO@46ff345b]
2026-05-02 00:41:02 [DEBUG][org.springframework.web.servlet.DispatcherServlet][logResult][1131]-> Completed 200 OK
2026-05-02 00:41:03 [DEBUG][org.springframework.web.servlet.DispatcherServlet][traceDebug][108]-> POST "/api/file/loadDataList", parameters={multipart}
2026-05-02 00:41:03 [DEBUG][org.springframework.web.servlet.mvc.method.annotation.RequestMappingHandlerMapping][getHandler][522]-> Mapped to com.njtech.xcloud.controller.FileInfoController#loadDataList(HttpSession, FileInfoQuery, String)
2026-05-02 00:41:03 [DEBUG][org.springframework.jdbc.datasource.DataSourceUtils][doGetConnection][116]-> Fetching JDBC Connection from DataSource
2026-05-02 00:41:03 [DEBUG][org.springframework.jdbc.datasource.DataSourceUtils][doGetConnection][116]-> Fetching JDBC Connection from DataSource
2026-05-02 00:41:03 [DEBUG][org.springframework.web.servlet.mvc.method.annotation.RequestResponseBodyMethodProcessor][writeWithMessageConverters][268]-> Using 'application/json', given [application/json, text/plain, */*] and supported [application/json, application/*+json, application/json, application/*+json]
2026-05-02 00:41:03 [DEBUG][org.springframework.web.servlet.mvc.method.annotation.RequestResponseBodyMethodProcessor][traceDebug][108]-> Writing [com.njtech.xcloud.entity.vo.ResponseVO@23e3f489]
2026-05-02 00:41:03 [DEBUG][org.springframework.web.servlet.DispatcherServlet][logResult][1131]-> Completed 200 OK
2026-05-02 00:41:03 [DEBUG][org.springframework.web.servlet.DispatcherServlet][traceDebug][108]-> POST "/api/file/loadDataList", parameters={multipart}
2026-05-02 00:41:03 [DEBUG][org.springframework.web.servlet.mvc.method.annotation.RequestMappingHandlerMapping][getHandler][522]-> Mapped to com.njtech.xcloud.controller.FileInfoController#loadDataList(HttpSession, FileInfoQuery, String)
2026-05-02 00:41:03 [DEBUG][org.springframework.jdbc.datasource.DataSourceUtils][doGetConnection][116]-> Fetching JDBC Connection from DataSource
2026-05-02 00:41:03 [DEBUG][org.springframework.jdbc.datasource.DataSourceUtils][doGetConnection][116]-> Fetching JDBC Connection from DataSource
2026-05-02 00:41:03 [DEBUG][org.springframework.web.servlet.mvc.method.annotation.RequestResponseBodyMethodProcessor][writeWithMessageConverters][268]-> Using 'application/json', given [application/json, text/plain, */*] and supported [application/json, application/*+json, application/json, application/*+json]
2026-05-02 00:41:03 [DEBUG][org.springframework.web.servlet.mvc.method.annotation.RequestResponseBodyMethodProcessor][traceDebug][108]-> Writing [com.njtech.xcloud.entity.vo.ResponseVO@1a57e185]
2026-05-02 00:41:03 [DEBUG][org.springframework.web.servlet.DispatcherServlet][logResult][1131]-> Completed 200 OK
2026-05-02 00:41:04 [DEBUG][org.springframework.web.servlet.DispatcherServlet][traceDebug][108]-> POST "/api/file/loadDataList", parameters={multipart}
2026-05-02 00:41:04 [DEBUG][org.springframework.web.servlet.mvc.method.annotation.RequestMappingHandlerMapping][getHandler][522]-> Mapped to com.njtech.xcloud.controller.FileInfoController#loadDataList(HttpSession, FileInfoQuery, String)
2026-05-02 00:41:04 [DEBUG][org.springframework.jdbc.datasource.DataSourceUtils][doGetConnection][116]-> Fetching JDBC Connection from DataSource
2026-05-02 00:41:04 [DEBUG][org.springframework.jdbc.datasource.DataSourceUtils][doGetConnection][116]-> Fetching JDBC Connection from DataSource
2026-05-02 00:41:04 [DEBUG][org.springframework.web.servlet.mvc.method.annotation.RequestResponseBodyMethodProcessor][writeWithMessageConverters][268]-> Using 'application/json', given [application/json, text/plain, */*] and supported [application/json, application/*+json, application/json, application/*+json]
2026-05-02 00:41:04 [DEBUG][org.springframework.web.servlet.mvc.method.annotation.RequestResponseBodyMethodProcessor][traceDebug][108]-> Writing [com.njtech.xcloud.entity.vo.ResponseVO@15d3c62e]
2026-05-02 00:41:04 [DEBUG][org.springframework.web.servlet.DispatcherServlet][logResult][1131]-> Completed 200 OK
2026-05-02 00:41:05 [DEBUG][org.springframework.web.servlet.DispatcherServlet][traceDebug][108]-> POST "/api/share/loadShareList", parameters={multipart}
2026-05-02 00:41:05 [DEBUG][org.springframework.web.servlet.mvc.method.annotation.RequestMappingHandlerMapping][getHandler][522]-> Mapped to com.njtech.xcloud.controller.FileShareController#loadShareList(HttpSession, FileShareQuery)
2026-05-02 00:41:05 [DEBUG][org.springframework.jdbc.datasource.DataSourceUtils][doGetConnection][116]-> Fetching JDBC Connection from DataSource
2026-05-02 00:41:05 [DEBUG][org.springframework.jdbc.datasource.DataSourceUtils][doGetConnection][116]-> Fetching JDBC Connection from DataSource
2026-05-02 00:41:05 [DEBUG][org.springframework.web.servlet.mvc.method.annotation.ExceptionHandlerExceptionResolver][doResolveHandlerMethodException][416]-> Using @ExceptionHandler com.njtech.xcloud.controller.AGlobalExceptionHandlerController#handleException(Exception, HttpServletRequest)
2026-05-02 00:41:05 [ERROR][com.njtech.xcloud.controller.AGlobalExceptionHandlerController][handleException][25]-> 请求错误，请求地址http://localhost:7090/api/share/loadShareList,错误信息:
java.lang.NullPointerException: null
	at com.njtech.xcloud.controller.FileShareController.loadShareList(FileShareController.java:61)
	at com.njtech.xcloud.controller.FileShareController$$FastClassByCGLIB$$1.invoke(<generated>)
	at org.springframework.cglib.proxy.MethodProxy.invoke(MethodProxy.java:218)
	at org.springframework.aop.framework.CglibAopProxy$CglibMethodInvocation.invokeJoinpoint(CglibAopProxy.java:783)
	at org.springframework.aop.framework.ReflectiveMethodInvocation.proceed(ReflectiveMethodInvocation.java:163)
	at org.springframework.aop.framework.CglibAopProxy$CglibMethodInvocation.proceed(CglibAopProxy.java:753)
	at org.springframework.aop.framework.adapter.MethodBeforeAdviceInterceptor.invoke(MethodBeforeAdviceInterceptor.java:58)
	at org.springframework.aop.framework.ReflectiveMethodInvocation.proceed(ReflectiveMethodInvocation.java:175)
	at org.springframework.aop.framework.CglibAopProxy$CglibMethodInvocation.proceed(CglibAopProxy.java:753)
	at org.springframework.aop.interceptor.ExposeInvocationInterceptor.invoke(ExposeInvocationInterceptor.java:97)
	at org.springframework.aop.framework.ReflectiveMethodInvocation.proceed(ReflectiveMethodInvocation.java:186)
	at org.springframework.aop.framework.CglibAopProxy$CglibMethodInvocation.proceed(CglibAopProxy.java:753)
	at org.springframework.aop.framework.CglibAopProxy$DynamicAdvisedInterceptor.intercept(CglibAopProxy.java:698)
	at com.njtech.xcloud.controller.FileShareController$$EnhancerBySpringCGLIB$$1.loadShareList(<generated>)
	at sun.reflect.NativeMethodAccessorImpl.invoke0(Native Method)
	at sun.reflect.NativeMethodAccessorImpl.invoke(NativeMethodAccessorImpl.java:62)
	at sun.reflect.DelegatingMethodAccessorImpl.invoke(DelegatingMethodAccessorImpl.java:43)
	at java.lang.reflect.Method.invoke(Method.java:498)
	at org.springframework.web.method.support.InvocableHandlerMethod.doInvoke(InvocableHandlerMethod.java:205)
	at org.springframework.web.method.support.InvocableHandlerMethod.invokeForRequest(InvocableHandlerMethod.java:150)
	at org.springframework.web.servlet.mvc.method.annotation.ServletInvocableHandlerMethod.invokeAndHandle(ServletInvocableHandlerMethod.java:117)
	at org.springframework.web.servlet.mvc.method.annotation.RequestMappingHandlerAdapter.invokeHandlerMethod(RequestMappingHandlerAdapter.java:895)
	at org.springframework.web.servlet.mvc.method.annotation.RequestMappingHandlerAdapter.handleInternal(RequestMappingHandlerAdapter.java:808)
	at org.springframework.web.servlet.mvc.method.AbstractHandlerMethodAdapter.handle(AbstractHandlerMethodAdapter.java:87)
	at org.springframework.web.servlet.DispatcherServlet.doDispatch(DispatcherServlet.java:1067)
	at org.springframework.web.servlet.DispatcherServlet.doService(DispatcherServlet.java:963)
	at org.springframework.web.servlet.FrameworkServlet.processRequest(FrameworkServlet.java:1006)
	at org.springframework.web.servlet.FrameworkServlet.doPost(FrameworkServlet.java:909)
	at javax.servlet.http.HttpServlet.service(HttpServlet.java:681)
	at org.springframework.web.servlet.FrameworkServlet.service(FrameworkServlet.java:883)
	at javax.servlet.http.HttpServlet.service(HttpServlet.java:764)
	at org.apache.catalina.core.ApplicationFilterChain.internalDoFilter(ApplicationFilterChain.java:227)
	at org.apache.catalina.core.ApplicationFilterChain.doFilter(ApplicationFilterChain.java:162)
	at org.apache.tomcat.websocket.server.WsFilter.doFilter(WsFilter.java:53)
	at org.apache.catalina.core.ApplicationFilterChain.internalDoFilter(ApplicationFilterChain.java:189)
	at org.apache.catalina.core.ApplicationFilterChain.doFilter(ApplicationFilterChain.java:162)
	at org.springframework.web.filter.RequestContextFilter.doFilterInternal(RequestContextFilter.java:100)
	at org.springframework.web.filter.OncePerRequestFilter.doFilter(OncePerRequestFilter.java:119)
	at org.apache.catalina.core.ApplicationFilterChain.internalDoFilter(ApplicationFilterChain.java:189)
	at org.apache.catalina.core.ApplicationFilterChain.doFilter(ApplicationFilterChain.java:162)
	at org.springframework.web.filter.FormContentFilter.doFilterInternal(FormContentFilter.java:93)
	at org.springframework.web.filter.OncePerRequestFilter.doFilter(OncePerRequestFilter.java:119)
	at org.apache.catalina.core.ApplicationFilterChain.internalDoFilter(ApplicationFilterChain.java:189)
	at org.apache.catalina.core.ApplicationFilterChain.doFilter(ApplicationFilterChain.java:162)
	at org.springframework.web.filter.CharacterEncodingFilter.doFilterInternal(CharacterEncodingFilter.java:201)
	at org.springframework.web.filter.OncePerRequestFilter.doFilter(OncePerRequestFilter.java:119)
	at org.apache.catalina.core.ApplicationFilterChain.internalDoFilter(ApplicationFilterChain.java:189)
	at org.apache.catalina.core.ApplicationFilterChain.doFilter(ApplicationFilterChain.java:162)
	at org.apache.catalina.core.StandardWrapperValve.invoke(StandardWrapperValve.java:197)
	at org.apache.catalina.core.StandardContextValve.__invoke(StandardContextValve.java:97)
	at org.apache.catalina.core.StandardContextValve.invoke(StandardContextValve.java:41002)
	at org.apache.catalina.authenticator.AuthenticatorBase.invoke(AuthenticatorBase.java:540)
	at org.apache.catalina.core.StandardHostValve.invoke(StandardHostValve.java:135)
	at org.apache.catalina.valves.ErrorReportValve.invoke(ErrorReportValve.java:92)
	at org.apache.catalina.core.StandardEngineValve.invoke(StandardEngineValve.java:78)
	at org.apache.catalina.connector.CoyoteAdapter.service(CoyoteAdapter.java:357)
	at org.apache.coyote.http11.Http11Processor.service(Http11Processor.java:382)
	at org.apache.coyote.AbstractProcessorLight.process(AbstractProcessorLight.java:65)
	at org.apache.coyote.AbstractProtocol$ConnectionHandler.process(AbstractProtocol.java:895)
	at org.apache.tomcat.util.net.NioEndpoint$SocketProcessor.doRun(NioEndpoint.java:1722)
	at org.apache.tomcat.util.net.SocketProcessorBase.run(SocketProcessorBase.java:49)
	at org.apache.tomcat.util.threads.ThreadPoolExecutor.runWorker(ThreadPoolExecutor.java:1191)
	at org.apache.tomcat.util.threads.ThreadPoolExecutor$Worker.run(ThreadPoolExecutor.java:659)
	at org.apache.tomcat.util.threads.TaskThread$WrappingRunnable.run(TaskThread.java:61)
	at java.lang.Thread.run(Thread.java:748)
2026-05-02 00:41:05 [DEBUG][org.springframework.web.servlet.mvc.method.annotation.RequestResponseBodyMethodProcessor][writeWithMessageConverters][268]-> Using 'application/json', given [application/json, text/plain, */*] and supported [application/json, application/*+json, application/json, application/*+json]
2026-05-02 00:41:05 [DEBUG][org.springframework.web.servlet.mvc.method.annotation.RequestResponseBodyMethodProcessor][traceDebug][108]-> Writing [com.njtech.xcloud.entity.vo.ResponseVO@247cf86c]
2026-05-02 00:41:05 [DEBUG][org.springframework.web.servlet.mvc.method.annotation.ExceptionHandlerExceptionResolver][resolveException][146]-> Resolved [java.lang.NullPointerException]
2026-05-02 00:41:05 [DEBUG][org.springframework.web.servlet.DispatcherServlet][logResult][1131]-> Completed 200 OK
2026-05-02 00:41:11 [DEBUG][com.zaxxer.hikari.pool.HikariPool][logPoolState][421]-> HikariCPDatasource - Before cleanup stats (total=5, active=0, idle=5, waiting=0)
2026-05-02 00:41:11 [DEBUG][com.zaxxer.hikari.pool.HikariPool][logPoolState][421]-> HikariCPDatasource - After cleanup  stats (total=5, active=0, idle=5, waiting=0)
2026-05-02 00:41:11 [DEBUG][com.zaxxer.hikari.pool.HikariPool][fillPool][518]-> HikariCPDatasource - Fill pool skipped, pool is at sufficient level.
2026-05-02 00:41:16 [DEBUG][org.springframework.web.servlet.DispatcherServlet][traceDebug][108]-> POST "/api/file/loadDataList", parameters={multipart}
2026-05-02 00:41:16 [DEBUG][org.springframework.web.servlet.DispatcherServlet][traceDebug][108]-> POST "/api/file/loadDataList", parameters={multipart}
2026-05-02 00:41:16 [DEBUG][org.springframework.web.servlet.mvc.method.annotation.RequestMappingHandlerMapping][getHandler][522]-> Mapped to com.njtech.xcloud.controller.FileInfoController#loadDataList(HttpSession, FileInfoQuery, String)
2026-05-02 00:41:16 [DEBUG][org.springframework.web.servlet.mvc.method.annotation.RequestMappingHandlerMapping][getHandler][522]-> Mapped to com.njtech.xcloud.controller.FileInfoController#loadDataList(HttpSession, FileInfoQuery, String)
2026-05-02 00:41:16 [DEBUG][org.springframework.jdbc.datasource.DataSourceUtils][doGetConnection][116]-> Fetching JDBC Connection from DataSource
2026-05-02 00:41:16 [DEBUG][org.springframework.jdbc.datasource.DataSourceUtils][doGetConnection][116]-> Fetching JDBC Connection from DataSource
2026-05-02 00:41:16 [DEBUG][org.springframework.jdbc.datasource.DataSourceUtils][doGetConnection][116]-> Fetching JDBC Connection from DataSource
2026-05-02 00:41:16 [DEBUG][org.springframework.jdbc.datasource.DataSourceUtils][doGetConnection][116]-> Fetching JDBC Connection from DataSource
2026-05-02 00:41:16 [DEBUG][org.springframework.web.servlet.mvc.method.annotation.RequestResponseBodyMethodProcessor][writeWithMessageConverters][268]-> Using 'application/json', given [application/json, text/plain, */*] and supported [application/json, application/*+json, application/json, application/*+json]
2026-05-02 00:41:16 [DEBUG][org.springframework.web.servlet.mvc.method.annotation.RequestResponseBodyMethodProcessor][writeWithMessageConverters][268]-> Using 'application/json', given [application/json, text/plain, */*] and supported [application/json, application/*+json, application/json, application/*+json]
2026-05-02 00:41:16 [DEBUG][org.springframework.web.servlet.mvc.method.annotation.RequestResponseBodyMethodProcessor][traceDebug][108]-> Writing [com.njtech.xcloud.entity.vo.ResponseVO@6fe556e0]
2026-05-02 00:41:16 [DEBUG][org.springframework.web.servlet.mvc.method.annotation.RequestResponseBodyMethodProcessor][traceDebug][108]-> Writing [com.njtech.xcloud.entity.vo.ResponseVO@43530127]
2026-05-02 00:41:16 [DEBUG][org.springframework.web.servlet.DispatcherServlet][logResult][1131]-> Completed 200 OK
2026-05-02 00:41:16 [DEBUG][org.springframework.web.servlet.DispatcherServlet][logResult][1131]-> Completed 200 OK
2026-05-02 00:41:18 [DEBUG][org.springframework.web.servlet.DispatcherServlet][traceDebug][108]-> POST "/api/share/loadShareList", parameters={multipart}
2026-05-02 00:41:18 [DEBUG][org.springframework.web.servlet.mvc.method.annotation.RequestMappingHandlerMapping][getHandler][522]-> Mapped to com.njtech.xcloud.controller.FileShareController#loadShareList(HttpSession, FileShareQuery)
2026-05-02 00:41:18 [DEBUG][org.springframework.jdbc.datasource.DataSourceUtils][doGetConnection][116]-> Fetching JDBC Connection from DataSource
2026-05-02 00:41:18 [DEBUG][org.springframework.jdbc.datasource.DataSourceUtils][doGetConnection][116]-> Fetching JDBC Connection from DataSource
2026-05-02 00:41:18 [DEBUG][org.springframework.web.servlet.mvc.method.annotation.ExceptionHandlerExceptionResolver][doResolveHandlerMethodException][416]-> Using @ExceptionHandler com.njtech.xcloud.controller.AGlobalExceptionHandlerController#handleException(Exception, HttpServletRequest)
2026-05-02 00:41:18 [ERROR][com.njtech.xcloud.controller.AGlobalExceptionHandlerController][handleException][25]-> 请求错误，请求地址http://localhost:7090/api/share/loadShareList,错误信息:
java.lang.NullPointerException: null
	at com.njtech.xcloud.controller.FileShareController.loadShareList(FileShareController.java:61)
	at com.njtech.xcloud.controller.FileShareController$$FastClassByCGLIB$$1.invoke(<generated>)
	at org.springframework.cglib.proxy.MethodProxy.invoke(MethodProxy.java:218)
	at org.springframework.aop.framework.CglibAopProxy$CglibMethodInvocation.invokeJoinpoint(CglibAopProxy.java:783)
	at org.springframework.aop.framework.ReflectiveMethodInvocation.proceed(ReflectiveMethodInvocation.java:163)
	at org.springframework.aop.framework.CglibAopProxy$CglibMethodInvocation.proceed(CglibAopProxy.java:753)
	at org.springframework.aop.framework.adapter.MethodBeforeAdviceInterceptor.invoke(MethodBeforeAdviceInterceptor.java:58)
	at org.springframework.aop.framework.ReflectiveMethodInvocation.proceed(ReflectiveMethodInvocation.java:175)
	at org.springframework.aop.framework.CglibAopProxy$CglibMethodInvocation.proceed(CglibAopProxy.java:753)
	at org.springframework.aop.interceptor.ExposeInvocationInterceptor.invoke(ExposeInvocationInterceptor.java:97)
	at org.springframework.aop.framework.ReflectiveMethodInvocation.proceed(ReflectiveMethodInvocation.java:186)
	at org.springframework.aop.framework.CglibAopProxy$CglibMethodInvocation.proceed(CglibAopProxy.java:753)
	at org.springframework.aop.framework.CglibAopProxy$DynamicAdvisedInterceptor.intercept(CglibAopProxy.java:698)
	at com.njtech.xcloud.controller.FileShareController$$EnhancerBySpringCGLIB$$1.loadShareList(<generated>)
	at sun.reflect.NativeMethodAccessorImpl.invoke0(Native Method)
	at sun.reflect.NativeMethodAccessorImpl.invoke(NativeMethodAccessorImpl.java:62)
	at sun.reflect.DelegatingMethodAccessorImpl.invoke(DelegatingMethodAccessorImpl.java:43)
	at java.lang.reflect.Method.invoke(Method.java:498)
	at org.springframework.web.method.support.InvocableHandlerMethod.doInvoke(InvocableHandlerMethod.java:205)
	at org.springframework.web.method.support.InvocableHandlerMethod.invokeForRequest(InvocableHandlerMethod.java:150)
	at org.springframework.web.servlet.mvc.method.annotation.ServletInvocableHandlerMethod.invokeAndHandle(ServletInvocableHandlerMethod.java:117)
	at org.springframework.web.servlet.mvc.method.annotation.RequestMappingHandlerAdapter.invokeHandlerMethod(RequestMappingHandlerAdapter.java:895)
	at org.springframework.web.servlet.mvc.method.annotation.RequestMappingHandlerAdapter.handleInternal(RequestMappingHandlerAdapter.java:808)
	at org.springframework.web.servlet.mvc.method.AbstractHandlerMethodAdapter.handle(AbstractHandlerMethodAdapter.java:87)
	at org.springframework.web.servlet.DispatcherServlet.doDispatch(DispatcherServlet.java:1067)
	at org.springframework.web.servlet.DispatcherServlet.doService(DispatcherServlet.java:963)
	at org.springframework.web.servlet.FrameworkServlet.processRequest(FrameworkServlet.java:1006)
	at org.springframework.web.servlet.FrameworkServlet.doPost(FrameworkServlet.java:909)
	at javax.servlet.http.HttpServlet.service(HttpServlet.java:681)
	at org.springframework.web.servlet.FrameworkServlet.service(FrameworkServlet.java:883)
	at javax.servlet.http.HttpServlet.service(HttpServlet.java:764)
	at org.apache.catalina.core.ApplicationFilterChain.internalDoFilter(ApplicationFilterChain.java:227)
	at org.apache.catalina.core.ApplicationFilterChain.doFilter(ApplicationFilterChain.java:162)
	at org.apache.tomcat.websocket.server.WsFilter.doFilter(WsFilter.java:53)
	at org.apache.catalina.core.ApplicationFilterChain.internalDoFilter(ApplicationFilterChain.java:189)
	at org.apache.catalina.core.ApplicationFilterChain.doFilter(ApplicationFilterChain.java:162)
	at org.springframework.web.filter.RequestContextFilter.doFilterInternal(RequestContextFilter.java:100)
	at org.springframework.web.filter.OncePerRequestFilter.doFilter(OncePerRequestFilter.java:119)
	at org.apache.catalina.core.ApplicationFilterChain.internalDoFilter(ApplicationFilterChain.java:189)
	at org.apache.catalina.core.ApplicationFilterChain.doFilter(ApplicationFilterChain.java:162)
	at org.springframework.web.filter.FormContentFilter.doFilterInternal(FormContentFilter.java:93)
	at org.springframework.web.filter.OncePerRequestFilter.doFilter(OncePerRequestFilter.java:119)
	at org.apache.catalina.core.ApplicationFilterChain.internalDoFilter(ApplicationFilterChain.java:189)
	at org.apache.catalina.core.ApplicationFilterChain.doFilter(ApplicationFilterChain.java:162)
	at org.springframework.web.filter.CharacterEncodingFilter.doFilterInternal(CharacterEncodingFilter.java:201)
	at org.springframework.web.filter.OncePerRequestFilter.doFilter(OncePerRequestFilter.java:119)
	at org.apache.catalina.core.ApplicationFilterChain.internalDoFilter(ApplicationFilterChain.java:189)
	at org.apache.catalina.core.ApplicationFilterChain.doFilter(ApplicationFilterChain.java:162)
	at org.apache.catalina.core.StandardWrapperValve.invoke(StandardWrapperValve.java:197)
	at org.apache.catalina.core.StandardContextValve.__invoke(StandardContextValve.java:97)
	at org.apache.catalina.core.StandardContextValve.invoke(StandardContextValve.java:41002)
	at org.apache.catalina.authenticator.AuthenticatorBase.invoke(AuthenticatorBase.java:540)
	at org.apache.catalina.core.StandardHostValve.invoke(StandardHostValve.java:135)
	at org.apache.catalina.valves.ErrorReportValve.invoke(ErrorReportValve.java:92)
	at org.apache.catalina.core.StandardEngineValve.invoke(StandardEngineValve.java:78)
	at org.apache.catalina.connector.CoyoteAdapter.service(CoyoteAdapter.java:357)
	at org.apache.coyote.http11.Http11Processor.service(Http11Processor.java:382)
	at org.apache.coyote.AbstractProcessorLight.process(AbstractProcessorLight.java:65)
	at org.apache.coyote.AbstractProtocol$ConnectionHandler.process(AbstractProtocol.java:895)
	at org.apache.tomcat.util.net.NioEndpoint$SocketProcessor.doRun(NioEndpoint.java:1722)
	at org.apache.tomcat.util.net.SocketProcessorBase.run(SocketProcessorBase.java:49)
	at org.apache.tomcat.util.threads.ThreadPoolExecutor.runWorker(ThreadPoolExecutor.java:1191)
	at org.apache.tomcat.util.threads.ThreadPoolExecutor$Worker.run(ThreadPoolExecutor.java:659)
	at org.apache.tomcat.util.threads.TaskThread$WrappingRunnable.run(TaskThread.java:61)
	at java.lang.Thread.run(Thread.java:748)
2026-05-02 00:41:18 [DEBUG][org.springframework.web.servlet.mvc.method.annotation.RequestResponseBodyMethodProcessor][writeWithMessageConverters][268]-> Using 'application/json', given [application/json, text/plain, */*] and supported [application/json, application/*+json, application/json, application/*+json]
2026-05-02 00:41:18 [DEBUG][org.springframework.web.servlet.mvc.method.annotation.RequestResponseBodyMethodProcessor][traceDebug][108]-> Writing [com.njtech.xcloud.entity.vo.ResponseVO@2f51ecf7]
2026-05-02 00:41:18 [DEBUG][org.springframework.web.servlet.mvc.method.annotation.ExceptionHandlerExceptionResolver][resolveException][146]-> Resolved [java.lang.NullPointerException]
2026-05-02 00:41:18 [DEBUG][org.springframework.web.servlet.DispatcherServlet][logResult][1131]-> Completed 200 OK
2026-05-02 00:41:41 [DEBUG][com.zaxxer.hikari.pool.HikariPool][logPoolState][421]-> HikariCPDatasource - Before cleanup stats (total=5, active=0, idle=5, waiting=0)
2026-05-02 00:41:41 [DEBUG][com.zaxxer.hikari.pool.HikariPool][logPoolState][421]-> HikariCPDatasource - After cleanup  stats (total=5, active=0, idle=5, waiting=0)
2026-05-02 00:41:41 [DEBUG][com.zaxxer.hikari.pool.HikariPool][fillPool][518]-> HikariCPDatasource - Fill pool skipped, pool is at sufficient level.
2026-05-02 00:42:11 [DEBUG][com.zaxxer.hikari.pool.HikariPool][logPoolState][421]-> HikariCPDatasource - Before cleanup stats (total=5, active=0, idle=5, waiting=0)
2026-05-02 00:42:11 [DEBUG][com.zaxxer.hikari.pool.HikariPool][logPoolState][421]-> HikariCPDatasource - After cleanup  stats (total=5, active=0, idle=5, waiting=0)
2026-05-02 00:42:11 [DEBUG][com.zaxxer.hikari.pool.HikariPool][fillPool][518]-> HikariCPDatasource - Fill pool skipped, pool is at sufficient level.
2026-05-02 00:42:41 [DEBUG][com.zaxxer.hikari.pool.HikariPool][logPoolState][421]-> HikariCPDatasource - Before cleanup stats (total=5, active=0, idle=5, waiting=0)
2026-05-02 00:42:41 [DEBUG][com.zaxxer.hikari.pool.HikariPool][logPoolState][421]-> HikariCPDatasource - After cleanup  stats (total=5, active=0, idle=5, waiting=0)
2026-05-02 00:42:41 [DEBUG][com.zaxxer.hikari.pool.HikariPool][fillPool][518]-> HikariCPDatasource - Fill pool skipped, pool is at sufficient level.
2026-05-02 00:42:56 [WARN][org.springframework.context.annotation.ClassPathScanningCandidateComponentProvider][doScan][166]-> No MyBatis mapper was found in '[com.njtech.xcloud.mappers]' package. Please check your configuration.
2026-05-02 00:42:56 [WARN][org.springframework.context.annotation.ClassPathScanningCandidateComponentProvider][doScan][166]-> No MyBatis mapper was found in '[com.njtech.xcloud.mappers]' package. Please check your configuration.
2026-05-02 00:42:56 [INFO][org.springframework.data.repository.config.RepositoryConfigurationDelegate][registerRepositoriesIn][132]-> Bootstrapping Spring Data Redis repositories in DEFAULT mode.
2026-05-02 00:42:56 [DEBUG][org.springframework.data.repository.config.RepositoryConfigurationDelegate][registerRepositoriesIn][145]-> Scanning for Redis repositories in packages com.njtech.xcloud.
2026-05-02 00:42:56 [INFO][org.springframework.data.repository.config.RepositoryConfigurationDelegate][registerRepositoriesIn][201]-> Finished Spring Data repository scanning in 3 ms. Found 0 Redis repository interfaces.
2026-05-02 00:42:56 [DEBUG][org.springframework.context.annotation.ClassPathScanningCandidateComponentProvider][__scanCandidateComponents][435]-> Identified candidate component class: file [C:\Users\Luojun\Desktop\workspace\xcloud\xcloud-java\target\classes\com\njtech\xcloud\controller\FileShareController.class]
2026-05-02 00:42:56 [DEBUG][org.springframework.jmx.export.annotation.AnnotationMBeanExporter][registerBeans][541]-> Autodetecting user-defined JMX MBeans
2026-05-02 00:42:56 [DEBUG][_org.springframework.web.servlet.HandlerMapping.Mappings][detectHandlerMethods][295]-> 
	c.n.x.c.FileShareController:
	{ [/share/cancelShare]}: cancelShare(HttpSession,String)
	{ [/share/shareFile]}: shareFile(HttpSession,String,Integer,Integer,String)
	{ [/share/loadShareList]}: loadShareList(HttpSession,FileShareQuery)
2026-05-02 00:42:56 [DEBUG][org.springframework.web.servlet.DispatcherServlet][initMultipartResolver][520]-> Detected StandardServletMultipartResolver
2026-05-02 00:42:56 [DEBUG][org.springframework.web.servlet.DispatcherServlet][initLocaleResolver][544]-> Detected AcceptHeaderLocaleResolver
2026-05-02 00:42:56 [DEBUG][org.springframework.web.servlet.DispatcherServlet][initThemeResolver][569]-> Detected FixedThemeResolver
2026-05-02 00:42:56 [DEBUG][org.springframework.web.servlet.DispatcherServlet][initRequestToViewNameTranslator][719]-> Detected org.springframework.web.servlet.view.DefaultRequestToViewNameTranslator@6c76ccc9
2026-05-02 00:42:56 [DEBUG][org.springframework.web.servlet.DispatcherServlet][initFlashMapManager][783]-> Detected org.springframework.web.servlet.support.SessionFlashMapManager@78b10ace
2026-05-02 00:42:56 [DEBUG][org.springframework.web.servlet.DispatcherServlet][traceDebug][108]-> POST "/api/file/loadDataList", parameters={multipart}
2026-05-02 00:42:56 [DEBUG][org.springframework.web.servlet.DispatcherServlet][traceDebug][108]-> POST "/api/file/loadDataList", parameters={multipart}
2026-05-02 00:42:56 [DEBUG][org.springframework.web.servlet.mvc.method.annotation.RequestMappingHandlerMapping][getHandler][522]-> Mapped to com.njtech.xcloud.controller.FileInfoController#loadDataList(HttpSession, FileInfoQuery, String)
2026-05-02 00:42:56 [DEBUG][org.springframework.web.servlet.mvc.method.annotation.RequestMappingHandlerMapping][getHandler][522]-> Mapped to com.njtech.xcloud.controller.FileInfoController#loadDataList(HttpSession, FileInfoQuery, String)
2026-05-02 00:42:56 [DEBUG][org.springframework.jdbc.datasource.DataSourceUtils][doGetConnection][116]-> Fetching JDBC Connection from DataSource
2026-05-02 00:42:56 [DEBUG][org.springframework.jdbc.datasource.DataSourceUtils][doGetConnection][116]-> Fetching JDBC Connection from DataSource
2026-05-02 00:42:56 [DEBUG][org.springframework.jdbc.datasource.DataSourceUtils][doGetConnection][116]-> Fetching JDBC Connection from DataSource
2026-05-02 00:42:56 [DEBUG][org.springframework.jdbc.datasource.DataSourceUtils][doGetConnection][116]-> Fetching JDBC Connection from DataSource
2026-05-02 00:42:56 [DEBUG][org.springframework.web.servlet.mvc.method.annotation.RequestResponseBodyMethodProcessor][writeWithMessageConverters][268]-> Using 'application/json', given [application/json, text/plain, */*] and supported [application/json, application/*+json, application/json, application/*+json]
2026-05-02 00:42:56 [DEBUG][org.springframework.web.servlet.mvc.method.annotation.RequestResponseBodyMethodProcessor][writeWithMessageConverters][268]-> Using 'application/json', given [application/json, text/plain, */*] and supported [application/json, application/*+json, application/json, application/*+json]
2026-05-02 00:42:56 [DEBUG][org.springframework.web.servlet.mvc.method.annotation.RequestResponseBodyMethodProcessor][traceDebug][108]-> Writing [com.njtech.xcloud.entity.vo.ResponseVO@4169eb2b]
2026-05-02 00:42:56 [DEBUG][org.springframework.web.servlet.mvc.method.annotation.RequestResponseBodyMethodProcessor][traceDebug][108]-> Writing [com.njtech.xcloud.entity.vo.ResponseVO@a872e0e]
2026-05-02 00:42:56 [DEBUG][org.springframework.web.servlet.DispatcherServlet][logResult][1131]-> Completed 200 OK
2026-05-02 00:42:56 [DEBUG][org.springframework.web.servlet.DispatcherServlet][logResult][1131]-> Completed 200 OK
2026-05-02 00:42:58 [DEBUG][org.springframework.web.servlet.DispatcherServlet][traceDebug][108]-> POST "/api/share/loadShareList", parameters={multipart}
2026-05-02 00:42:58 [DEBUG][org.springframework.web.servlet.mvc.method.annotation.RequestMappingHandlerMapping][getHandler][522]-> Mapped to com.njtech.xcloud.controller.FileShareController#loadShareList(HttpSession, FileShareQuery)
2026-05-02 00:42:58 [DEBUG][org.springframework.jdbc.datasource.DataSourceUtils][doGetConnection][116]-> Fetching JDBC Connection from DataSource
2026-05-02 00:42:58 [DEBUG][org.springframework.jdbc.datasource.DataSourceUtils][doGetConnection][116]-> Fetching JDBC Connection from DataSource
2026-05-02 00:42:58 [DEBUG][org.springframework.web.servlet.mvc.method.annotation.ExceptionHandlerExceptionResolver][doResolveHandlerMethodException][416]-> Using @ExceptionHandler com.njtech.xcloud.controller.AGlobalExceptionHandlerController#handleException(Exception, HttpServletRequest)
2026-05-02 00:42:58 [ERROR][com.njtech.xcloud.controller.AGlobalExceptionHandlerController][handleException][25]-> 请求错误，请求地址http://localhost:7090/api/share/loadShareList,错误信息:
java.lang.NullPointerException: null
	at com.njtech.xcloud.controller.FileShareController.loadShareList(FileShareController.java:61)
	at com.njtech.xcloud.controller.FileShareController$$FastClassByCGLIB$$1.invoke(<generated>)
	at org.springframework.cglib.proxy.MethodProxy.invoke(MethodProxy.java:218)
	at org.springframework.aop.framework.CglibAopProxy$CglibMethodInvocation.invokeJoinpoint(CglibAopProxy.java:783)
	at org.springframework.aop.framework.ReflectiveMethodInvocation.proceed(ReflectiveMethodInvocation.java:163)
	at org.springframework.aop.framework.CglibAopProxy$CglibMethodInvocation.proceed(CglibAopProxy.java:753)
	at org.springframework.aop.framework.adapter.MethodBeforeAdviceInterceptor.invoke(MethodBeforeAdviceInterceptor.java:58)
	at org.springframework.aop.framework.ReflectiveMethodInvocation.proceed(ReflectiveMethodInvocation.java:175)
	at org.springframework.aop.framework.CglibAopProxy$CglibMethodInvocation.proceed(CglibAopProxy.java:753)
	at org.springframework.aop.interceptor.ExposeInvocationInterceptor.invoke(ExposeInvocationInterceptor.java:97)
	at org.springframework.aop.framework.ReflectiveMethodInvocation.proceed(ReflectiveMethodInvocation.java:186)
	at org.springframework.aop.framework.CglibAopProxy$CglibMethodInvocation.proceed(CglibAopProxy.java:753)
	at org.springframework.aop.framework.CglibAopProxy$DynamicAdvisedInterceptor.intercept(CglibAopProxy.java:698)
	at com.njtech.xcloud.controller.FileShareController$$EnhancerBySpringCGLIB$$1.loadShareList(<generated>)
	at sun.reflect.NativeMethodAccessorImpl.invoke0(Native Method)
	at sun.reflect.NativeMethodAccessorImpl.invoke(NativeMethodAccessorImpl.java:62)
	at sun.reflect.DelegatingMethodAccessorImpl.invoke(DelegatingMethodAccessorImpl.java:43)
	at java.lang.reflect.Method.invoke(Method.java:498)
	at org.springframework.web.method.support.InvocableHandlerMethod.doInvoke(InvocableHandlerMethod.java:205)
	at org.springframework.web.method.support.InvocableHandlerMethod.invokeForRequest(InvocableHandlerMethod.java:150)
	at org.springframework.web.servlet.mvc.method.annotation.ServletInvocableHandlerMethod.invokeAndHandle(ServletInvocableHandlerMethod.java:117)
	at org.springframework.web.servlet.mvc.method.annotation.RequestMappingHandlerAdapter.invokeHandlerMethod(RequestMappingHandlerAdapter.java:895)
	at org.springframework.web.servlet.mvc.method.annotation.RequestMappingHandlerAdapter.handleInternal(RequestMappingHandlerAdapter.java:808)
	at org.springframework.web.servlet.mvc.method.AbstractHandlerMethodAdapter.handle(AbstractHandlerMethodAdapter.java:87)
	at org.springframework.web.servlet.DispatcherServlet.doDispatch(DispatcherServlet.java:1067)
	at org.springframework.web.servlet.DispatcherServlet.doService(DispatcherServlet.java:963)
	at org.springframework.web.servlet.FrameworkServlet.processRequest(FrameworkServlet.java:1006)
	at org.springframework.web.servlet.FrameworkServlet.doPost(FrameworkServlet.java:909)
	at javax.servlet.http.HttpServlet.service(HttpServlet.java:681)
	at org.springframework.web.servlet.FrameworkServlet.service(FrameworkServlet.java:883)
	at javax.servlet.http.HttpServlet.service(HttpServlet.java:764)
	at org.apache.catalina.core.ApplicationFilterChain.internalDoFilter(ApplicationFilterChain.java:227)
	at org.apache.catalina.core.ApplicationFilterChain.doFilter(ApplicationFilterChain.java:162)
	at org.apache.tomcat.websocket.server.WsFilter.doFilter(WsFilter.java:53)
	at org.apache.catalina.core.ApplicationFilterChain.internalDoFilter(ApplicationFilterChain.java:189)
	at org.apache.catalina.core.ApplicationFilterChain.doFilter(ApplicationFilterChain.java:162)
	at org.springframework.web.filter.RequestContextFilter.doFilterInternal(RequestContextFilter.java:100)
	at org.springframework.web.filter.OncePerRequestFilter.doFilter(OncePerRequestFilter.java:119)
	at org.apache.catalina.core.ApplicationFilterChain.internalDoFilter(ApplicationFilterChain.java:189)
	at org.apache.catalina.core.ApplicationFilterChain.doFilter(ApplicationFilterChain.java:162)
	at org.springframework.web.filter.FormContentFilter.doFilterInternal(FormContentFilter.java:93)
	at org.springframework.web.filter.OncePerRequestFilter.doFilter(OncePerRequestFilter.java:119)
	at org.apache.catalina.core.ApplicationFilterChain.internalDoFilter(ApplicationFilterChain.java:189)
	at org.apache.catalina.core.ApplicationFilterChain.doFilter(ApplicationFilterChain.java:162)
	at org.springframework.web.filter.CharacterEncodingFilter.doFilterInternal(CharacterEncodingFilter.java:201)
	at org.springframework.web.filter.OncePerRequestFilter.doFilter(OncePerRequestFilter.java:119)
	at org.apache.catalina.core.ApplicationFilterChain.internalDoFilter(ApplicationFilterChain.java:189)
	at org.apache.catalina.core.ApplicationFilterChain.doFilter(ApplicationFilterChain.java:162)
	at org.apache.catalina.core.StandardWrapperValve.invoke(StandardWrapperValve.java:197)
	at org.apache.catalina.core.StandardContextValve.__invoke(StandardContextValve.java:97)
	at org.apache.catalina.core.StandardContextValve.invoke(StandardContextValve.java:41002)
	at org.apache.catalina.authenticator.AuthenticatorBase.invoke(AuthenticatorBase.java:540)
	at org.apache.catalina.core.StandardHostValve.invoke(StandardHostValve.java:135)
	at org.apache.catalina.valves.ErrorReportValve.invoke(ErrorReportValve.java:92)
	at org.apache.catalina.core.StandardEngineValve.invoke(StandardEngineValve.java:78)
	at org.apache.catalina.connector.CoyoteAdapter.service(CoyoteAdapter.java:357)
	at org.apache.coyote.http11.Http11Processor.service(Http11Processor.java:382)
	at org.apache.coyote.AbstractProcessorLight.process(AbstractProcessorLight.java:65)
	at org.apache.coyote.AbstractProtocol$ConnectionHandler.process(AbstractProtocol.java:895)
	at org.apache.tomcat.util.net.NioEndpoint$SocketProcessor.doRun(NioEndpoint.java:1722)
	at org.apache.tomcat.util.net.SocketProcessorBase.run(SocketProcessorBase.java:49)
	at org.apache.tomcat.util.threads.ThreadPoolExecutor.runWorker(ThreadPoolExecutor.java:1191)
	at org.apache.tomcat.util.threads.ThreadPoolExecutor$Worker.run(ThreadPoolExecutor.java:659)
	at org.apache.tomcat.util.threads.TaskThread$WrappingRunnable.run(TaskThread.java:61)
	at java.lang.Thread.run(Thread.java:748)
2026-05-02 00:42:58 [DEBUG][org.springframework.web.servlet.mvc.method.annotation.RequestResponseBodyMethodProcessor][writeWithMessageConverters][268]-> Using 'application/json', given [application/json, text/plain, */*] and supported [application/json, application/*+json, application/json, application/*+json]
2026-05-02 00:42:58 [DEBUG][org.springframework.web.servlet.mvc.method.annotation.RequestResponseBodyMethodProcessor][traceDebug][108]-> Writing [com.njtech.xcloud.entity.vo.ResponseVO@7bd8269c]
2026-05-02 00:42:58 [DEBUG][org.springframework.web.servlet.mvc.method.annotation.ExceptionHandlerExceptionResolver][resolveException][146]-> Resolved [java.lang.NullPointerException]
2026-05-02 00:42:58 [DEBUG][org.springframework.web.servlet.DispatcherServlet][logResult][1131]-> Completed 200 OK
2026-05-02 00:43:11 [DEBUG][com.zaxxer.hikari.pool.HikariPool][logPoolState][421]-> HikariCPDatasource - Before cleanup stats (total=5, active=0, idle=5, waiting=0)
2026-05-02 00:43:11 [DEBUG][com.zaxxer.hikari.pool.HikariPool][logPoolState][421]-> HikariCPDatasource - After cleanup  stats (total=5, active=0, idle=5, waiting=0)
2026-05-02 00:43:11 [DEBUG][com.zaxxer.hikari.pool.HikariPool][fillPool][518]-> HikariCPDatasource - Fill pool skipped, pool is at sufficient level.
2026-05-02 00:43:41 [DEBUG][com.zaxxer.hikari.pool.HikariPool][logPoolState][421]-> HikariCPDatasource - Before cleanup stats (total=5, active=0, idle=5, waiting=0)
2026-05-02 00:43:41 [DEBUG][com.zaxxer.hikari.pool.HikariPool][logPoolState][421]-> HikariCPDatasource - After cleanup  stats (total=5, active=0, idle=5, waiting=0)
2026-05-02 00:43:41 [DEBUG][com.zaxxer.hikari.pool.HikariPool][fillPool][518]-> HikariCPDatasource - Fill pool skipped, pool is at sufficient level.
2026-05-02 00:44:11 [DEBUG][com.zaxxer.hikari.pool.HikariPool][logPoolState][421]-> HikariCPDatasource - Before cleanup stats (total=5, active=0, idle=5, waiting=0)
2026-05-02 00:44:11 [DEBUG][com.zaxxer.hikari.pool.HikariPool][logPoolState][421]-> HikariCPDatasource - After cleanup  stats (total=5, active=0, idle=5, waiting=0)
2026-05-02 00:44:11 [DEBUG][com.zaxxer.hikari.pool.HikariPool][fillPool][518]-> HikariCPDatasource - Fill pool skipped, pool is at sufficient level.
2026-05-02 00:44:41 [DEBUG][com.zaxxer.hikari.pool.HikariPool][logPoolState][421]-> HikariCPDatasource - Before cleanup stats (total=5, active=0, idle=5, waiting=0)
2026-05-02 00:44:41 [DEBUG][com.zaxxer.hikari.pool.HikariPool][logPoolState][421]-> HikariCPDatasource - After cleanup  stats (total=5, active=0, idle=5, waiting=0)
2026-05-02 00:44:41 [DEBUG][com.zaxxer.hikari.pool.HikariPool][fillPool][518]-> HikariCPDatasource - Fill pool skipped, pool is at sufficient level.
2026-05-02 00:45:11 [DEBUG][com.zaxxer.hikari.pool.HikariPool][logPoolState][421]-> HikariCPDatasource - Before cleanup stats (total=5, active=0, idle=5, waiting=0)
2026-05-02 00:45:11 [DEBUG][com.zaxxer.hikari.pool.HikariPool][logPoolState][421]-> HikariCPDatasource - After cleanup  stats (total=5, active=0, idle=5, waiting=0)
2026-05-02 00:45:11 [DEBUG][com.zaxxer.hikari.pool.HikariPool][fillPool][518]-> HikariCPDatasource - Fill pool skipped, pool is at sufficient level.
2026-05-02 00:45:40 [WARN][org.springframework.context.annotation.ClassPathScanningCandidateComponentProvider][doScan][166]-> No MyBatis mapper was found in '[com.njtech.xcloud.mappers]' package. Please check your configuration.
2026-05-02 00:45:40 [WARN][org.springframework.context.annotation.ClassPathScanningCandidateComponentProvider][doScan][166]-> No MyBatis mapper was found in '[com.njtech.xcloud.mappers]' package. Please check your configuration.
2026-05-02 00:45:40 [INFO][org.springframework.data.repository.config.RepositoryConfigurationDelegate][registerRepositoriesIn][132]-> Bootstrapping Spring Data Redis repositories in DEFAULT mode.
2026-05-02 00:45:40 [DEBUG][org.springframework.data.repository.config.RepositoryConfigurationDelegate][registerRepositoriesIn][145]-> Scanning for Redis repositories in packages com.njtech.xcloud.
2026-05-02 00:45:40 [INFO][org.springframework.data.repository.config.RepositoryConfigurationDelegate][registerRepositoriesIn][201]-> Finished Spring Data repository scanning in 4 ms. Found 0 Redis repository interfaces.
2026-05-02 00:45:40 [DEBUG][org.springframework.context.annotation.ClassPathScanningCandidateComponentProvider][__scanCandidateComponents][435]-> Identified candidate component class: file [C:\Users\Luojun\Desktop\workspace\xcloud\xcloud-java\target\classes\com\njtech\xcloud\controller\FileShareController.class]
2026-05-02 00:45:40 [DEBUG][org.springframework.jmx.export.annotation.AnnotationMBeanExporter][registerBeans][541]-> Autodetecting user-defined JMX MBeans
2026-05-02 00:45:40 [DEBUG][_org.springframework.web.servlet.HandlerMapping.Mappings][detectHandlerMethods][295]-> 
	c.n.x.c.FileShareController:
	{ [/share/cancelShare]}: cancelShare(HttpSession,String)
	{ [/share/shareFile]}: shareFile(HttpSession,String,Integer,Integer,String)
	{ [/share/loadShareList]}: loadShareList(HttpSession,FileShareQuery)
2026-05-02 00:45:40 [DEBUG][org.springframework.web.servlet.DispatcherServlet][initMultipartResolver][520]-> Detected StandardServletMultipartResolver
2026-05-02 00:45:40 [DEBUG][org.springframework.web.servlet.DispatcherServlet][initLocaleResolver][544]-> Detected AcceptHeaderLocaleResolver
2026-05-02 00:45:40 [DEBUG][org.springframework.web.servlet.DispatcherServlet][initThemeResolver][569]-> Detected FixedThemeResolver
2026-05-02 00:45:40 [DEBUG][org.springframework.web.servlet.DispatcherServlet][initRequestToViewNameTranslator][719]-> Detected org.springframework.web.servlet.view.DefaultRequestToViewNameTranslator@6c76ccc9
2026-05-02 00:45:40 [DEBUG][org.springframework.web.servlet.DispatcherServlet][initFlashMapManager][783]-> Detected org.springframework.web.servlet.support.SessionFlashMapManager@78b10ace
2026-05-02 00:45:40 [DEBUG][org.springframework.web.servlet.DispatcherServlet][traceDebug][108]-> POST "/api/file/loadDataList", parameters={multipart}
2026-05-02 00:45:40 [DEBUG][org.springframework.web.servlet.DispatcherServlet][traceDebug][108]-> POST "/api/file/loadDataList", parameters={multipart}
2026-05-02 00:45:40 [DEBUG][org.springframework.web.servlet.mvc.method.annotation.RequestMappingHandlerMapping][getHandler][522]-> Mapped to com.njtech.xcloud.controller.FileInfoController#loadDataList(HttpSession, FileInfoQuery, String)
2026-05-02 00:45:40 [DEBUG][org.springframework.web.servlet.mvc.method.annotation.RequestMappingHandlerMapping][getHandler][522]-> Mapped to com.njtech.xcloud.controller.FileInfoController#loadDataList(HttpSession, FileInfoQuery, String)
2026-05-02 00:45:40 [DEBUG][org.springframework.jdbc.datasource.DataSourceUtils][doGetConnection][116]-> Fetching JDBC Connection from DataSource
2026-05-02 00:45:40 [DEBUG][org.springframework.jdbc.datasource.DataSourceUtils][doGetConnection][116]-> Fetching JDBC Connection from DataSource
2026-05-02 00:45:40 [DEBUG][org.springframework.jdbc.datasource.DataSourceUtils][doGetConnection][116]-> Fetching JDBC Connection from DataSource
2026-05-02 00:45:40 [DEBUG][org.springframework.jdbc.datasource.DataSourceUtils][doGetConnection][116]-> Fetching JDBC Connection from DataSource
2026-05-02 00:45:40 [DEBUG][org.springframework.web.servlet.mvc.method.annotation.RequestResponseBodyMethodProcessor][writeWithMessageConverters][268]-> Using 'application/json', given [application/json, text/plain, */*] and supported [application/json, application/*+json, application/json, application/*+json]
2026-05-02 00:45:40 [DEBUG][org.springframework.web.servlet.mvc.method.annotation.RequestResponseBodyMethodProcessor][writeWithMessageConverters][268]-> Using 'application/json', given [application/json, text/plain, */*] and supported [application/json, application/*+json, application/json, application/*+json]
2026-05-02 00:45:40 [DEBUG][org.springframework.web.servlet.mvc.method.annotation.RequestResponseBodyMethodProcessor][traceDebug][108]-> Writing [com.njtech.xcloud.entity.vo.ResponseVO@76cf84d9]
2026-05-02 00:45:40 [DEBUG][org.springframework.web.servlet.mvc.method.annotation.RequestResponseBodyMethodProcessor][traceDebug][108]-> Writing [com.njtech.xcloud.entity.vo.ResponseVO@3aa8ebe1]
2026-05-02 00:45:40 [DEBUG][org.springframework.web.servlet.DispatcherServlet][logResult][1131]-> Completed 200 OK
2026-05-02 00:45:40 [DEBUG][org.springframework.web.servlet.DispatcherServlet][logResult][1131]-> Completed 200 OK
2026-05-02 00:45:41 [DEBUG][com.zaxxer.hikari.pool.HikariPool][logPoolState][421]-> HikariCPDatasource - Before cleanup stats (total=5, active=0, idle=5, waiting=0)
2026-05-02 00:45:41 [DEBUG][com.zaxxer.hikari.pool.HikariPool][logPoolState][421]-> HikariCPDatasource - After cleanup  stats (total=5, active=0, idle=5, waiting=0)
2026-05-02 00:45:41 [DEBUG][com.zaxxer.hikari.pool.HikariPool][fillPool][518]-> HikariCPDatasource - Fill pool skipped, pool is at sufficient level.
2026-05-02 00:45:45 [DEBUG][org.springframework.web.servlet.DispatcherServlet][traceDebug][108]-> POST "/api/share/loadShareList", parameters={multipart}
2026-05-02 00:45:45 [DEBUG][org.springframework.web.servlet.mvc.method.annotation.RequestMappingHandlerMapping][getHandler][522]-> Mapped to com.njtech.xcloud.controller.FileShareController#loadShareList(HttpSession, FileShareQuery)
2026-05-02 00:45:45 [DEBUG][org.springframework.jdbc.datasource.DataSourceUtils][doGetConnection][116]-> Fetching JDBC Connection from DataSource
2026-05-02 00:45:45 [DEBUG][org.springframework.jdbc.datasource.DataSourceUtils][doGetConnection][116]-> Fetching JDBC Connection from DataSource
2026-05-02 00:45:45 [DEBUG][org.springframework.web.servlet.mvc.method.annotation.ExceptionHandlerExceptionResolver][doResolveHandlerMethodException][416]-> Using @ExceptionHandler com.njtech.xcloud.controller.AGlobalExceptionHandlerController#handleException(Exception, HttpServletRequest)
2026-05-02 00:45:45 [ERROR][com.njtech.xcloud.controller.AGlobalExceptionHandlerController][handleException][25]-> 请求错误，请求地址http://localhost:7090/api/share/loadShareList,错误信息:
java.lang.NullPointerException: null
	at com.njtech.xcloud.controller.FileShareController.loadShareList(FileShareController.java:65)
	at com.njtech.xcloud.controller.FileShareController$$FastClassByCGLIB$$1.invoke(<generated>)
	at org.springframework.cglib.proxy.MethodProxy.invoke(MethodProxy.java:218)
	at org.springframework.aop.framework.CglibAopProxy$CglibMethodInvocation.invokeJoinpoint(CglibAopProxy.java:783)
	at org.springframework.aop.framework.ReflectiveMethodInvocation.proceed(ReflectiveMethodInvocation.java:163)
	at org.springframework.aop.framework.CglibAopProxy$CglibMethodInvocation.proceed(CglibAopProxy.java:753)
	at org.springframework.aop.framework.adapter.MethodBeforeAdviceInterceptor.invoke(MethodBeforeAdviceInterceptor.java:58)
	at org.springframework.aop.framework.ReflectiveMethodInvocation.proceed(ReflectiveMethodInvocation.java:175)
	at org.springframework.aop.framework.CglibAopProxy$CglibMethodInvocation.proceed(CglibAopProxy.java:753)
	at org.springframework.aop.interceptor.ExposeInvocationInterceptor.invoke(ExposeInvocationInterceptor.java:97)
	at org.springframework.aop.framework.ReflectiveMethodInvocation.proceed(ReflectiveMethodInvocation.java:186)
	at org.springframework.aop.framework.CglibAopProxy$CglibMethodInvocation.proceed(CglibAopProxy.java:753)
	at org.springframework.aop.framework.CglibAopProxy$DynamicAdvisedInterceptor.intercept(CglibAopProxy.java:698)
	at com.njtech.xcloud.controller.FileShareController$$EnhancerBySpringCGLIB$$1.loadShareList(<generated>)
	at sun.reflect.NativeMethodAccessorImpl.invoke0(Native Method)
	at sun.reflect.NativeMethodAccessorImpl.invoke(NativeMethodAccessorImpl.java:62)
	at sun.reflect.DelegatingMethodAccessorImpl.invoke(DelegatingMethodAccessorImpl.java:43)
	at java.lang.reflect.Method.invoke(Method.java:498)
	at org.springframework.web.method.support.InvocableHandlerMethod.doInvoke(InvocableHandlerMethod.java:205)
	at org.springframework.web.method.support.InvocableHandlerMethod.invokeForRequest(InvocableHandlerMethod.java:150)
	at org.springframework.web.servlet.mvc.method.annotation.ServletInvocableHandlerMethod.invokeAndHandle(ServletInvocableHandlerMethod.java:117)
	at org.springframework.web.servlet.mvc.method.annotation.RequestMappingHandlerAdapter.invokeHandlerMethod(RequestMappingHandlerAdapter.java:895)
	at org.springframework.web.servlet.mvc.method.annotation.RequestMappingHandlerAdapter.handleInternal(RequestMappingHandlerAdapter.java:808)
	at org.springframework.web.servlet.mvc.method.AbstractHandlerMethodAdapter.handle(AbstractHandlerMethodAdapter.java:87)
	at org.springframework.web.servlet.DispatcherServlet.doDispatch(DispatcherServlet.java:1067)
	at org.springframework.web.servlet.DispatcherServlet.doService(DispatcherServlet.java:963)
	at org.springframework.web.servlet.FrameworkServlet.processRequest(FrameworkServlet.java:1006)
	at org.springframework.web.servlet.FrameworkServlet.doPost(FrameworkServlet.java:909)
	at javax.servlet.http.HttpServlet.service(HttpServlet.java:681)
	at org.springframework.web.servlet.FrameworkServlet.service(FrameworkServlet.java:883)
	at javax.servlet.http.HttpServlet.service(HttpServlet.java:764)
	at org.apache.catalina.core.ApplicationFilterChain.internalDoFilter(ApplicationFilterChain.java:227)
	at org.apache.catalina.core.ApplicationFilterChain.doFilter(ApplicationFilterChain.java:162)
	at org.apache.tomcat.websocket.server.WsFilter.doFilter(WsFilter.java:53)
	at org.apache.catalina.core.ApplicationFilterChain.internalDoFilter(ApplicationFilterChain.java:189)
	at org.apache.catalina.core.ApplicationFilterChain.doFilter(ApplicationFilterChain.java:162)
	at org.springframework.web.filter.RequestContextFilter.doFilterInternal(RequestContextFilter.java:100)
	at org.springframework.web.filter.OncePerRequestFilter.doFilter(OncePerRequestFilter.java:119)
	at org.apache.catalina.core.ApplicationFilterChain.internalDoFilter(ApplicationFilterChain.java:189)
	at org.apache.catalina.core.ApplicationFilterChain.doFilter(ApplicationFilterChain.java:162)
	at org.springframework.web.filter.FormContentFilter.doFilterInternal(FormContentFilter.java:93)
	at org.springframework.web.filter.OncePerRequestFilter.doFilter(OncePerRequestFilter.java:119)
	at org.apache.catalina.core.ApplicationFilterChain.internalDoFilter(ApplicationFilterChain.java:189)
	at org.apache.catalina.core.ApplicationFilterChain.doFilter(ApplicationFilterChain.java:162)
	at org.springframework.web.filter.CharacterEncodingFilter.doFilterInternal(CharacterEncodingFilter.java:201)
	at org.springframework.web.filter.OncePerRequestFilter.doFilter(OncePerRequestFilter.java:119)
	at org.apache.catalina.core.ApplicationFilterChain.internalDoFilter(ApplicationFilterChain.java:189)
	at org.apache.catalina.core.ApplicationFilterChain.doFilter(ApplicationFilterChain.java:162)
	at org.apache.catalina.core.StandardWrapperValve.invoke(StandardWrapperValve.java:197)
	at org.apache.catalina.core.StandardContextValve.__invoke(StandardContextValve.java:97)
	at org.apache.catalina.core.StandardContextValve.invoke(StandardContextValve.java:41002)
	at org.apache.catalina.authenticator.AuthenticatorBase.invoke(AuthenticatorBase.java:540)
	at org.apache.catalina.core.StandardHostValve.invoke(StandardHostValve.java:135)
	at org.apache.catalina.valves.ErrorReportValve.invoke(ErrorReportValve.java:92)
	at org.apache.catalina.core.StandardEngineValve.invoke(StandardEngineValve.java:78)
	at org.apache.catalina.connector.CoyoteAdapter.service(CoyoteAdapter.java:357)
	at org.apache.coyote.http11.Http11Processor.service(Http11Processor.java:382)
	at org.apache.coyote.AbstractProcessorLight.process(AbstractProcessorLight.java:65)
	at org.apache.coyote.AbstractProtocol$ConnectionHandler.process(AbstractProtocol.java:895)
	at org.apache.tomcat.util.net.NioEndpoint$SocketProcessor.doRun(NioEndpoint.java:1722)
	at org.apache.tomcat.util.net.SocketProcessorBase.run(SocketProcessorBase.java:49)
	at org.apache.tomcat.util.threads.ThreadPoolExecutor.runWorker(ThreadPoolExecutor.java:1191)
	at org.apache.tomcat.util.threads.ThreadPoolExecutor$Worker.run(ThreadPoolExecutor.java:659)
	at org.apache.tomcat.util.threads.TaskThread$WrappingRunnable.run(TaskThread.java:61)
	at java.lang.Thread.run(Thread.java:748)
2026-05-02 00:45:45 [DEBUG][org.springframework.web.servlet.mvc.method.annotation.RequestResponseBodyMethodProcessor][writeWithMessageConverters][268]-> Using 'application/json', given [application/json, text/plain, */*] and supported [application/json, application/*+json, application/json, application/*+json]
2026-05-02 00:45:45 [DEBUG][org.springframework.web.servlet.mvc.method.annotation.RequestResponseBodyMethodProcessor][traceDebug][108]-> Writing [com.njtech.xcloud.entity.vo.ResponseVO@7aecfb92]
2026-05-02 00:45:45 [DEBUG][org.springframework.web.servlet.mvc.method.annotation.ExceptionHandlerExceptionResolver][resolveException][146]-> Resolved [java.lang.NullPointerException]
2026-05-02 00:45:45 [DEBUG][org.springframework.web.servlet.DispatcherServlet][logResult][1131]-> Completed 200 OK
2026-05-02 00:46:11 [DEBUG][com.zaxxer.hikari.pool.HikariPool][logPoolState][421]-> HikariCPDatasource - Before cleanup stats (total=5, active=0, idle=5, waiting=0)
2026-05-02 00:46:11 [DEBUG][com.zaxxer.hikari.pool.HikariPool][logPoolState][421]-> HikariCPDatasource - After cleanup  stats (total=5, active=0, idle=5, waiting=0)
2026-05-02 00:46:11 [DEBUG][com.zaxxer.hikari.pool.HikariPool][fillPool][518]-> HikariCPDatasource - Fill pool skipped, pool is at sufficient level.
2026-05-02 00:46:41 [DEBUG][com.zaxxer.hikari.pool.HikariPool][logPoolState][421]-> HikariCPDatasource - Before cleanup stats (total=5, active=0, idle=5, waiting=0)
2026-05-02 00:46:41 [DEBUG][com.zaxxer.hikari.pool.HikariPool][logPoolState][421]-> HikariCPDatasource - After cleanup  stats (total=5, active=0, idle=5, waiting=0)
2026-05-02 00:46:41 [DEBUG][com.zaxxer.hikari.pool.HikariPool][fillPool][518]-> HikariCPDatasource - Fill pool skipped, pool is at sufficient level.
2026-05-02 00:47:11 [DEBUG][com.zaxxer.hikari.pool.HikariPool][logPoolState][421]-> HikariCPDatasource - Before cleanup stats (total=5, active=0, idle=5, waiting=0)
2026-05-02 00:47:11 [DEBUG][com.zaxxer.hikari.pool.HikariPool][logPoolState][421]-> HikariCPDatasource - After cleanup  stats (total=5, active=0, idle=5, waiting=0)
2026-05-02 00:47:11 [DEBUG][com.zaxxer.hikari.pool.HikariPool][fillPool][518]-> HikariCPDatasource - Fill pool skipped, pool is at sufficient level.
2026-05-02 00:47:21 [WARN][org.springframework.context.annotation.ClassPathScanningCandidateComponentProvider][doScan][166]-> No MyBatis mapper was found in '[com.njtech.xcloud.mappers]' package. Please check your configuration.
2026-05-02 00:47:21 [WARN][org.springframework.context.annotation.ClassPathScanningCandidateComponentProvider][doScan][166]-> No MyBatis mapper was found in '[com.njtech.xcloud.mappers]' package. Please check your configuration.
2026-05-02 00:47:21 [INFO][org.springframework.data.repository.config.RepositoryConfigurationDelegate][registerRepositoriesIn][132]-> Bootstrapping Spring Data Redis repositories in DEFAULT mode.
2026-05-02 00:47:21 [DEBUG][org.springframework.data.repository.config.RepositoryConfigurationDelegate][registerRepositoriesIn][145]-> Scanning for Redis repositories in packages com.njtech.xcloud.
2026-05-02 00:47:21 [INFO][org.springframework.data.repository.config.RepositoryConfigurationDelegate][registerRepositoriesIn][201]-> Finished Spring Data repository scanning in 7 ms. Found 0 Redis repository interfaces.
2026-05-02 00:47:21 [DEBUG][org.springframework.context.annotation.ClassPathScanningCandidateComponentProvider][__scanCandidateComponents][435]-> Identified candidate component class: file [C:\Users\Luojun\Desktop\workspace\xcloud\xcloud-java\target\classes\com\njtech\xcloud\controller\FileShareController.class]
2026-05-02 00:47:21 [DEBUG][org.springframework.jmx.export.annotation.AnnotationMBeanExporter][registerBeans][541]-> Autodetecting user-defined JMX MBeans
2026-05-02 00:47:21 [DEBUG][_org.springframework.web.servlet.HandlerMapping.Mappings][detectHandlerMethods][295]-> 
	c.n.x.c.FileShareController:
	{ [/share/cancelShare]}: cancelShare(HttpSession,String)
	{ [/share/shareFile]}: shareFile(HttpSession,String,Integer,Integer,String)
	{ [/share/loadShareList]}: loadShareList(HttpSession,FileShareQuery)
2026-05-02 00:47:21 [DEBUG][org.springframework.web.servlet.DispatcherServlet][initMultipartResolver][520]-> Detected StandardServletMultipartResolver
2026-05-02 00:47:21 [DEBUG][org.springframework.web.servlet.DispatcherServlet][initLocaleResolver][544]-> Detected AcceptHeaderLocaleResolver
2026-05-02 00:47:21 [DEBUG][org.springframework.web.servlet.DispatcherServlet][initThemeResolver][569]-> Detected FixedThemeResolver
2026-05-02 00:47:21 [DEBUG][org.springframework.web.servlet.DispatcherServlet][initRequestToViewNameTranslator][719]-> Detected org.springframework.web.servlet.view.DefaultRequestToViewNameTranslator@6c76ccc9
2026-05-02 00:47:21 [DEBUG][org.springframework.web.servlet.DispatcherServlet][initFlashMapManager][783]-> Detected org.springframework.web.servlet.support.SessionFlashMapManager@78b10ace
2026-05-02 00:47:21 [DEBUG][org.springframework.web.servlet.DispatcherServlet][traceDebug][108]-> POST "/api/getUseSpace", parameters={multipart}
2026-05-02 00:47:21 [DEBUG][org.springframework.web.servlet.DispatcherServlet][traceDebug][108]-> POST "/api/share/loadShareList", parameters={multipart}
2026-05-02 00:47:21 [DEBUG][org.springframework.web.servlet.DispatcherServlet][traceDebug][108]-> GET "/api/getAvatar/2117787425?1777654041730", parameters={masked}
2026-05-02 00:47:21 [DEBUG][org.springframework.web.servlet.mvc.method.annotation.RequestMappingHandlerMapping][getHandler][522]-> Mapped to com.njtech.xcloud.controller.UserInfoController#getAvatar(String, HttpServletResponse)
2026-05-02 00:47:21 [DEBUG][org.springframework.web.servlet.mvc.method.annotation.RequestMappingHandlerMapping][getHandler][522]-> Mapped to com.njtech.xcloud.controller.UserInfoController#getUseSpace(HttpSession)
2026-05-02 00:47:21 [DEBUG][org.springframework.web.servlet.mvc.method.annotation.RequestMappingHandlerMapping][getHandler][522]-> Mapped to com.njtech.xcloud.controller.FileShareController#loadShareList(HttpSession, FileShareQuery)
2026-05-02 00:47:21 [DEBUG][org.springframework.data.redis.core.RedisConnectionUtils][doGetConnection][143]-> Fetching Redis Connection from RedisConnectionFactory
2026-05-02 00:47:21 [DEBUG][io.lettuce.core.RedisChannelHandler][dispatch][175]-> dispatching command AsyncCommand [type=GET, output=ValueOutput [output=null, error='null'], commandType=io.lettuce.core.protocol.Command]
2026-05-02 00:47:21 [DEBUG][io.lettuce.core.protocol.DefaultEndpoint][channelWriteAndFlush][430]-> [channel=0x3f7163c9, /127.0.0.1:59190 -> /127.0.0.1:6379, epid=0x1] write() writeAndFlush command AsyncCommand [type=GET, output=ValueOutput [output=null, error='null'], commandType=io.lettuce.core.protocol.Command]
2026-05-02 00:47:21 [DEBUG][io.lettuce.core.protocol.CommandHandler][write][383]-> [channel=0x3f7163c9, /127.0.0.1:59190 -> /127.0.0.1:6379, epid=0x1, chid=0x1] write(ctx, AsyncCommand [type=GET, output=ValueOutput [output=null, error='null'], commandType=io.lettuce.core.protocol.Command], promise)
2026-05-02 00:47:21 [DEBUG][io.lettuce.core.protocol.DefaultEndpoint][write][207]-> [channel=0x3f7163c9, /127.0.0.1:59190 -> /127.0.0.1:6379, epid=0x1] write() done
2026-05-02 00:47:21 [DEBUG][io.lettuce.core.protocol.CommandEncoder][encode][101]-> [channel=0x3f7163c9, /127.0.0.1:59190 -> /127.0.0.1:6379] writing command AsyncCommand [type=GET, output=ValueOutput [output=null, error='null'], commandType=io.lettuce.core.protocol.Command]
2026-05-02 00:47:21 [DEBUG][org.springframework.web.servlet.DispatcherServlet][logResult][1131]-> Completed 200 OK
2026-05-02 00:47:21 [DEBUG][io.lettuce.core.protocol.CommandHandler][channelRead][577]-> [channel=0x3f7163c9, /127.0.0.1:59190 -> /127.0.0.1:6379, epid=0x1, chid=0x1] Received: 97 bytes, 1 commands in the stack
2026-05-02 00:47:21 [DEBUG][io.lettuce.core.protocol.CommandHandler][decode][651]-> [channel=0x3f7163c9, /127.0.0.1:59190 -> /127.0.0.1:6379, epid=0x1, chid=0x1] Stack contains: 1 commands
2026-05-02 00:47:21 [DEBUG][io.lettuce.core.protocol.RedisStateMachine][decode][298]-> Decode done, empty stack: true
2026-05-02 00:47:21 [DEBUG][io.lettuce.core.protocol.CommandHandler][decode][679]-> [channel=0x3f7163c9, /127.0.0.1:59190 -> /127.0.0.1:6379, epid=0x1, chid=0x1] Completing command AsyncCommand [type=GET, output=ValueOutput [output=[B@3c77ac38, error='null'], commandType=io.lettuce.core.protocol.Command]
2026-05-02 00:47:21 [DEBUG][org.springframework.data.redis.core.RedisConnectionUtils][doCloseConnection][389]-> Closing Redis Connection.
2026-05-02 00:47:21 [DEBUG][org.springframework.web.servlet.mvc.method.annotation.RequestResponseBodyMethodProcessor][writeWithMessageConverters][268]-> Using 'application/json', given [application/json, text/plain, */*] and supported [application/json, application/*+json, application/json, application/*+json]
2026-05-02 00:47:21 [DEBUG][org.springframework.web.servlet.mvc.method.annotation.RequestResponseBodyMethodProcessor][traceDebug][108]-> Writing [com.njtech.xcloud.entity.vo.ResponseVO@f1690ea]
2026-05-02 00:47:21 [DEBUG][org.springframework.web.servlet.DispatcherServlet][logResult][1131]-> Completed 200 OK
2026-05-02 00:47:21 [DEBUG][org.springframework.jdbc.datasource.DataSourceUtils][doGetConnection][116]-> Fetching JDBC Connection from DataSource
2026-05-02 00:47:21 [DEBUG][org.springframework.jdbc.datasource.DataSourceUtils][doGetConnection][116]-> Fetching JDBC Connection from DataSource
2026-05-02 00:47:21 [DEBUG][org.springframework.web.servlet.mvc.method.annotation.RequestResponseBodyMethodProcessor][writeWithMessageConverters][268]-> Using 'application/json', given [application/json, text/plain, */*] and supported [application/json, application/*+json, application/json, application/*+json]
2026-05-02 00:47:21 [DEBUG][org.springframework.web.servlet.mvc.method.annotation.RequestResponseBodyMethodProcessor][traceDebug][108]-> Writing [com.njtech.xcloud.entity.vo.ResponseVO@430ef538]
2026-05-02 00:47:21 [DEBUG][org.springframework.web.servlet.DispatcherServlet][logResult][1131]-> Completed 200 OK
2026-05-02 00:47:23 [DEBUG][org.springframework.web.servlet.DispatcherServlet][traceDebug][108]-> POST "/api/file/loadDataList", parameters={multipart}
2026-05-02 00:47:23 [DEBUG][org.springframework.web.servlet.DispatcherServlet][traceDebug][108]-> POST "/api/file/loadDataList", parameters={multipart}
2026-05-02 00:47:23 [DEBUG][org.springframework.web.servlet.mvc.method.annotation.RequestMappingHandlerMapping][getHandler][522]-> Mapped to com.njtech.xcloud.controller.FileInfoController#loadDataList(HttpSession, FileInfoQuery, String)
2026-05-02 00:47:23 [DEBUG][org.springframework.web.servlet.mvc.method.annotation.RequestMappingHandlerMapping][getHandler][522]-> Mapped to com.njtech.xcloud.controller.FileInfoController#loadDataList(HttpSession, FileInfoQuery, String)
2026-05-02 00:47:23 [DEBUG][org.springframework.jdbc.datasource.DataSourceUtils][doGetConnection][116]-> Fetching JDBC Connection from DataSource
2026-05-02 00:47:23 [DEBUG][org.springframework.jdbc.datasource.DataSourceUtils][doGetConnection][116]-> Fetching JDBC Connection from DataSource
2026-05-02 00:47:23 [DEBUG][org.springframework.jdbc.datasource.DataSourceUtils][doGetConnection][116]-> Fetching JDBC Connection from DataSource
2026-05-02 00:47:23 [DEBUG][org.springframework.jdbc.datasource.DataSourceUtils][doGetConnection][116]-> Fetching JDBC Connection from DataSource
2026-05-02 00:47:23 [DEBUG][org.springframework.web.servlet.mvc.method.annotation.RequestResponseBodyMethodProcessor][writeWithMessageConverters][268]-> Using 'application/json', given [application/json, text/plain, */*] and supported [application/json, application/*+json, application/json, application/*+json]
2026-05-02 00:47:23 [DEBUG][org.springframework.web.servlet.mvc.method.annotation.RequestResponseBodyMethodProcessor][writeWithMessageConverters][268]-> Using 'application/json', given [application/json, text/plain, */*] and supported [application/json, application/*+json, application/json, application/*+json]
2026-05-02 00:47:23 [DEBUG][org.springframework.web.servlet.mvc.method.annotation.RequestResponseBodyMethodProcessor][traceDebug][108]-> Writing [com.njtech.xcloud.entity.vo.ResponseVO@6d7c139d]
2026-05-02 00:47:23 [DEBUG][org.springframework.web.servlet.mvc.method.annotation.RequestResponseBodyMethodProcessor][traceDebug][108]-> Writing [com.njtech.xcloud.entity.vo.ResponseVO@38c232f8]
2026-05-02 00:47:23 [DEBUG][org.springframework.web.servlet.DispatcherServlet][logResult][1131]-> Completed 200 OK
2026-05-02 00:47:23 [DEBUG][org.springframework.web.servlet.DispatcherServlet][logResult][1131]-> Completed 200 OK
2026-05-02 00:47:24 [DEBUG][org.springframework.web.servlet.DispatcherServlet][traceDebug][108]-> POST "/api/share/loadShareList", parameters={multipart}
2026-05-02 00:47:24 [DEBUG][org.springframework.web.servlet.mvc.method.annotation.RequestMappingHandlerMapping][getHandler][522]-> Mapped to com.njtech.xcloud.controller.FileShareController#loadShareList(HttpSession, FileShareQuery)
2026-05-02 00:47:24 [DEBUG][org.springframework.jdbc.datasource.DataSourceUtils][doGetConnection][116]-> Fetching JDBC Connection from DataSource
2026-05-02 00:47:24 [DEBUG][org.springframework.jdbc.datasource.DataSourceUtils][doGetConnection][116]-> Fetching JDBC Connection from DataSource
2026-05-02 00:47:24 [DEBUG][org.springframework.web.servlet.mvc.method.annotation.RequestResponseBodyMethodProcessor][writeWithMessageConverters][268]-> Using 'application/json', given [application/json, text/plain, */*] and supported [application/json, application/*+json, application/json, application/*+json]
2026-05-02 00:47:24 [DEBUG][org.springframework.web.servlet.mvc.method.annotation.RequestResponseBodyMethodProcessor][traceDebug][108]-> Writing [com.njtech.xcloud.entity.vo.ResponseVO@470a2b73]
2026-05-02 00:47:24 [DEBUG][org.springframework.web.servlet.DispatcherServlet][logResult][1131]-> Completed 200 OK
2026-05-02 00:47:27 [DEBUG][org.springframework.web.servlet.DispatcherServlet][traceDebug][108]-> GET "/api/getAvatar/2117787425?1777654047090", parameters={masked}
2026-05-02 00:47:27 [DEBUG][org.springframework.web.servlet.mvc.method.annotation.RequestMappingHandlerMapping][getHandler][522]-> Mapped to com.njtech.xcloud.controller.UserInfoController#getAvatar(String, HttpServletResponse)
2026-05-02 00:47:27 [DEBUG][org.springframework.web.servlet.DispatcherServlet][logResult][1131]-> Completed 200 OK
2026-05-02 00:47:27 [DEBUG][org.springframework.web.servlet.DispatcherServlet][traceDebug][108]-> POST "/api/getUseSpace", parameters={multipart}
2026-05-02 00:47:27 [DEBUG][org.springframework.web.servlet.DispatcherServlet][traceDebug][108]-> POST "/api/share/loadShareList", parameters={multipart}
2026-05-02 00:47:27 [DEBUG][org.springframework.web.servlet.mvc.method.annotation.RequestMappingHandlerMapping][getHandler][522]-> Mapped to com.njtech.xcloud.controller.UserInfoController#getUseSpace(HttpSession)
2026-05-02 00:47:27 [DEBUG][org.springframework.web.servlet.mvc.method.annotation.RequestMappingHandlerMapping][getHandler][522]-> Mapped to com.njtech.xcloud.controller.FileShareController#loadShareList(HttpSession, FileShareQuery)
2026-05-02 00:47:27 [DEBUG][org.springframework.data.redis.core.RedisConnectionUtils][doGetConnection][143]-> Fetching Redis Connection from RedisConnectionFactory
2026-05-02 00:47:27 [DEBUG][io.lettuce.core.RedisChannelHandler][dispatch][175]-> dispatching command AsyncCommand [type=GET, output=ValueOutput [output=null, error='null'], commandType=io.lettuce.core.protocol.Command]
2026-05-02 00:47:27 [DEBUG][io.lettuce.core.protocol.DefaultEndpoint][channelWriteAndFlush][430]-> [channel=0x3f7163c9, /127.0.0.1:59190 -> /127.0.0.1:6379, epid=0x1] write() writeAndFlush command AsyncCommand [type=GET, output=ValueOutput [output=null, error='null'], commandType=io.lettuce.core.protocol.Command]
2026-05-02 00:47:27 [DEBUG][org.springframework.jdbc.datasource.DataSourceUtils][doGetConnection][116]-> Fetching JDBC Connection from DataSource
2026-05-02 00:47:27 [DEBUG][io.lettuce.core.protocol.CommandHandler][write][383]-> [channel=0x3f7163c9, /127.0.0.1:59190 -> /127.0.0.1:6379, epid=0x1, chid=0x1] write(ctx, AsyncCommand [type=GET, output=ValueOutput [output=null, error='null'], commandType=io.lettuce.core.protocol.Command], promise)
2026-05-02 00:47:27 [DEBUG][io.lettuce.core.protocol.DefaultEndpoint][write][207]-> [channel=0x3f7163c9, /127.0.0.1:59190 -> /127.0.0.1:6379, epid=0x1] write() done
2026-05-02 00:47:27 [DEBUG][io.lettuce.core.protocol.CommandEncoder][encode][101]-> [channel=0x3f7163c9, /127.0.0.1:59190 -> /127.0.0.1:6379] writing command AsyncCommand [type=GET, output=ValueOutput [output=null, error='null'], commandType=io.lettuce.core.protocol.Command]
2026-05-02 00:47:27 [DEBUG][io.lettuce.core.protocol.CommandHandler][channelRead][577]-> [channel=0x3f7163c9, /127.0.0.1:59190 -> /127.0.0.1:6379, epid=0x1, chid=0x1] Received: 97 bytes, 1 commands in the stack
2026-05-02 00:47:27 [DEBUG][io.lettuce.core.protocol.CommandHandler][decode][651]-> [channel=0x3f7163c9, /127.0.0.1:59190 -> /127.0.0.1:6379, epid=0x1, chid=0x1] Stack contains: 1 commands
2026-05-02 00:47:27 [DEBUG][io.lettuce.core.protocol.RedisStateMachine][decode][298]-> Decode done, empty stack: true
2026-05-02 00:47:27 [DEBUG][io.lettuce.core.protocol.CommandHandler][decode][679]-> [channel=0x3f7163c9, /127.0.0.1:59190 -> /127.0.0.1:6379, epid=0x1, chid=0x1] Completing command AsyncCommand [type=GET, output=ValueOutput [output=[B@68aab0db, error='null'], commandType=io.lettuce.core.protocol.Command]
2026-05-02 00:47:27 [DEBUG][org.springframework.jdbc.datasource.DataSourceUtils][doGetConnection][116]-> Fetching JDBC Connection from DataSource
2026-05-02 00:47:27 [DEBUG][org.springframework.data.redis.core.RedisConnectionUtils][doCloseConnection][389]-> Closing Redis Connection.
2026-05-02 00:47:27 [DEBUG][org.springframework.web.servlet.mvc.method.annotation.RequestResponseBodyMethodProcessor][writeWithMessageConverters][268]-> Using 'application/json', given [application/json, text/plain, */*] and supported [application/json, application/*+json, application/json, application/*+json]
2026-05-02 00:47:27 [DEBUG][org.springframework.web.servlet.mvc.method.annotation.RequestResponseBodyMethodProcessor][traceDebug][108]-> Writing [com.njtech.xcloud.entity.vo.ResponseVO@4236ec4b]
2026-05-02 00:47:27 [DEBUG][org.springframework.web.servlet.DispatcherServlet][logResult][1131]-> Completed 200 OK
2026-05-02 00:47:27 [DEBUG][org.springframework.web.servlet.mvc.method.annotation.RequestResponseBodyMethodProcessor][writeWithMessageConverters][268]-> Using 'application/json', given [application/json, text/plain, */*] and supported [application/json, application/*+json, application/json, application/*+json]
2026-05-02 00:47:27 [DEBUG][org.springframework.web.servlet.mvc.method.annotation.RequestResponseBodyMethodProcessor][traceDebug][108]-> Writing [com.njtech.xcloud.entity.vo.ResponseVO@4a6b6e09]
2026-05-02 00:47:27 [DEBUG][org.springframework.web.servlet.DispatcherServlet][logResult][1131]-> Completed 200 OK
2026-05-02 00:47:41 [DEBUG][com.zaxxer.hikari.pool.HikariPool][logPoolState][421]-> HikariCPDatasource - Before cleanup stats (total=5, active=0, idle=5, waiting=0)
2026-05-02 00:47:41 [DEBUG][com.zaxxer.hikari.pool.HikariPool][logPoolState][421]-> HikariCPDatasource - After cleanup  stats (total=5, active=0, idle=5, waiting=0)
2026-05-02 00:47:41 [DEBUG][com.zaxxer.hikari.pool.HikariPool][fillPool][518]-> HikariCPDatasource - Fill pool skipped, pool is at sufficient level.
2026-05-02 00:48:11 [DEBUG][com.zaxxer.hikari.pool.HikariPool][logPoolState][421]-> HikariCPDatasource - Before cleanup stats (total=5, active=0, idle=5, waiting=0)
2026-05-02 00:48:11 [DEBUG][com.zaxxer.hikari.pool.HikariPool][logPoolState][421]-> HikariCPDatasource - After cleanup  stats (total=5, active=0, idle=5, waiting=0)
2026-05-02 00:48:11 [DEBUG][com.zaxxer.hikari.pool.HikariPool][fillPool][518]-> HikariCPDatasource - Fill pool skipped, pool is at sufficient level.
2026-05-02 00:48:41 [DEBUG][com.zaxxer.hikari.pool.HikariPool][logPoolState][421]-> HikariCPDatasource - Before cleanup stats (total=5, active=0, idle=5, waiting=0)
2026-05-02 00:48:41 [DEBUG][com.zaxxer.hikari.pool.HikariPool][logPoolState][421]-> HikariCPDatasource - After cleanup  stats (total=5, active=0, idle=5, waiting=0)
2026-05-02 00:48:41 [DEBUG][com.zaxxer.hikari.pool.HikariPool][fillPool][518]-> HikariCPDatasource - Fill pool skipped, pool is at sufficient level.
2026-05-02 00:49:11 [DEBUG][com.zaxxer.hikari.pool.HikariPool][logPoolState][421]-> HikariCPDatasource - Before cleanup stats (total=5, active=0, idle=5, waiting=0)
2026-05-02 00:49:11 [DEBUG][com.zaxxer.hikari.pool.HikariPool][logPoolState][421]-> HikariCPDatasource - After cleanup  stats (total=5, active=0, idle=5, waiting=0)
2026-05-02 00:49:11 [DEBUG][com.zaxxer.hikari.pool.HikariPool][fillPool][518]-> HikariCPDatasource - Fill pool skipped, pool is at sufficient level.
2026-05-02 00:49:41 [DEBUG][com.zaxxer.hikari.pool.HikariPool][logPoolState][421]-> HikariCPDatasource - Before cleanup stats (total=5, active=0, idle=5, waiting=0)
2026-05-02 00:49:41 [DEBUG][com.zaxxer.hikari.pool.HikariPool][logPoolState][421]-> HikariCPDatasource - After cleanup  stats (total=5, active=0, idle=5, waiting=0)
2026-05-02 00:49:41 [DEBUG][com.zaxxer.hikari.pool.HikariPool][fillPool][518]-> HikariCPDatasource - Fill pool skipped, pool is at sufficient level.
2026-05-02 00:50:11 [DEBUG][com.zaxxer.hikari.pool.HikariPool][logPoolState][421]-> HikariCPDatasource - Before cleanup stats (total=5, active=0, idle=5, waiting=0)
2026-05-02 00:50:11 [DEBUG][com.zaxxer.hikari.pool.HikariPool][logPoolState][421]-> HikariCPDatasource - After cleanup  stats (total=5, active=0, idle=5, waiting=0)
2026-05-02 00:50:11 [DEBUG][com.zaxxer.hikari.pool.HikariPool][fillPool][518]-> HikariCPDatasource - Fill pool skipped, pool is at sufficient level.
2026-05-02 00:50:41 [DEBUG][com.zaxxer.hikari.pool.HikariPool][logPoolState][421]-> HikariCPDatasource - Before cleanup stats (total=5, active=0, idle=5, waiting=0)
2026-05-02 00:50:41 [DEBUG][com.zaxxer.hikari.pool.HikariPool][logPoolState][421]-> HikariCPDatasource - After cleanup  stats (total=5, active=0, idle=5, waiting=0)
2026-05-02 00:50:41 [DEBUG][com.zaxxer.hikari.pool.HikariPool][fillPool][518]-> HikariCPDatasource - Fill pool skipped, pool is at sufficient level.
2026-05-02 00:50:51 [WARN][org.springframework.context.annotation.ClassPathScanningCandidateComponentProvider][doScan][166]-> No MyBatis mapper was found in '[com.njtech.xcloud.mappers]' package. Please check your configuration.
2026-05-02 00:50:51 [WARN][org.springframework.context.annotation.ClassPathScanningCandidateComponentProvider][doScan][166]-> No MyBatis mapper was found in '[com.njtech.xcloud.mappers]' package. Please check your configuration.
2026-05-02 00:50:51 [INFO][org.springframework.data.repository.config.RepositoryConfigurationDelegate][registerRepositoriesIn][132]-> Bootstrapping Spring Data Redis repositories in DEFAULT mode.
2026-05-02 00:50:51 [DEBUG][org.springframework.data.repository.config.RepositoryConfigurationDelegate][registerRepositoriesIn][145]-> Scanning for Redis repositories in packages com.njtech.xcloud.
2026-05-02 00:50:51 [INFO][org.springframework.data.repository.config.RepositoryConfigurationDelegate][registerRepositoriesIn][201]-> Finished Spring Data repository scanning in 2 ms. Found 0 Redis repository interfaces.
2026-05-02 00:50:51 [DEBUG][org.springframework.context.annotation.ClassPathScanningCandidateComponentProvider][__scanCandidateComponents][435]-> Identified candidate component class: file [C:\Users\Luojun\Desktop\workspace\xcloud\xcloud-java\target\classes\com\njtech\xcloud\controller\FileShareController.class]
2026-05-02 00:50:51 [DEBUG][org.springframework.jmx.export.annotation.AnnotationMBeanExporter][registerBeans][541]-> Autodetecting user-defined JMX MBeans
2026-05-02 00:50:51 [DEBUG][_org.springframework.web.servlet.HandlerMapping.Mappings][detectHandlerMethods][295]-> 
	c.n.x.c.FileShareController:
	{ [/share/cancelShare]}: cancelShare(HttpSession,String)
	{ [/share/shareFile]}: shareFile(HttpSession,String,Integer,Integer,String)
	{ [/share/loadShareList]}: loadShareList(HttpSession,FileShareQuery)
2026-05-02 00:50:51 [DEBUG][org.springframework.web.servlet.DispatcherServlet][initMultipartResolver][520]-> Detected StandardServletMultipartResolver
2026-05-02 00:50:51 [DEBUG][org.springframework.web.servlet.DispatcherServlet][initLocaleResolver][544]-> Detected AcceptHeaderLocaleResolver
2026-05-02 00:50:51 [DEBUG][org.springframework.web.servlet.DispatcherServlet][initThemeResolver][569]-> Detected FixedThemeResolver
2026-05-02 00:50:51 [DEBUG][org.springframework.web.servlet.DispatcherServlet][initRequestToViewNameTranslator][719]-> Detected org.springframework.web.servlet.view.DefaultRequestToViewNameTranslator@6c76ccc9
2026-05-02 00:50:51 [DEBUG][org.springframework.web.servlet.DispatcherServlet][initFlashMapManager][783]-> Detected org.springframework.web.servlet.support.SessionFlashMapManager@78b10ace
2026-05-02 00:50:51 [DEBUG][org.springframework.web.servlet.DispatcherServlet][traceDebug][108]-> POST "/api/share/loadShareList", parameters={multipart}
2026-05-02 00:50:51 [DEBUG][org.springframework.web.servlet.DispatcherServlet][traceDebug][108]-> GET "/api/getAvatar/2117787425?1777654251241", parameters={masked}
2026-05-02 00:50:51 [DEBUG][org.springframework.web.servlet.DispatcherServlet][traceDebug][108]-> POST "/api/getUseSpace", parameters={multipart}
2026-05-02 00:50:51 [DEBUG][org.springframework.web.servlet.mvc.method.annotation.RequestMappingHandlerMapping][getHandler][522]-> Mapped to com.njtech.xcloud.controller.UserInfoController#getAvatar(String, HttpServletResponse)
2026-05-02 00:50:51 [DEBUG][org.springframework.web.servlet.mvc.method.annotation.RequestMappingHandlerMapping][getHandler][522]-> Mapped to com.njtech.xcloud.controller.UserInfoController#getUseSpace(HttpSession)
2026-05-02 00:50:51 [DEBUG][org.springframework.web.servlet.mvc.method.annotation.RequestMappingHandlerMapping][getHandler][522]-> Mapped to com.njtech.xcloud.controller.FileShareController#loadShareList(HttpSession, FileShareQuery)
2026-05-02 00:50:51 [DEBUG][org.springframework.data.redis.core.RedisConnectionUtils][doGetConnection][143]-> Fetching Redis Connection from RedisConnectionFactory
2026-05-02 00:50:51 [DEBUG][io.lettuce.core.RedisChannelHandler][dispatch][175]-> dispatching command AsyncCommand [type=GET, output=ValueOutput [output=null, error='null'], commandType=io.lettuce.core.protocol.Command]
2026-05-02 00:50:51 [DEBUG][org.springframework.web.servlet.DispatcherServlet][logResult][1131]-> Completed 200 OK
2026-05-02 00:50:51 [DEBUG][io.lettuce.core.protocol.DefaultEndpoint][channelWriteAndFlush][430]-> [channel=0x3f7163c9, /127.0.0.1:59190 -> /127.0.0.1:6379, epid=0x1] write() writeAndFlush command AsyncCommand [type=GET, output=ValueOutput [output=null, error='null'], commandType=io.lettuce.core.protocol.Command]
2026-05-02 00:50:51 [DEBUG][io.lettuce.core.protocol.CommandHandler][write][383]-> [channel=0x3f7163c9, /127.0.0.1:59190 -> /127.0.0.1:6379, epid=0x1, chid=0x1] write(ctx, AsyncCommand [type=GET, output=ValueOutput [output=null, error='null'], commandType=io.lettuce.core.protocol.Command], promise)
2026-05-02 00:50:51 [DEBUG][io.lettuce.core.protocol.DefaultEndpoint][write][207]-> [channel=0x3f7163c9, /127.0.0.1:59190 -> /127.0.0.1:6379, epid=0x1] write() done
2026-05-02 00:50:51 [DEBUG][io.lettuce.core.protocol.CommandEncoder][encode][101]-> [channel=0x3f7163c9, /127.0.0.1:59190 -> /127.0.0.1:6379] writing command AsyncCommand [type=GET, output=ValueOutput [output=null, error='null'], commandType=io.lettuce.core.protocol.Command]
2026-05-02 00:50:51 [DEBUG][io.lettuce.core.protocol.CommandHandler][channelRead][577]-> [channel=0x3f7163c9, /127.0.0.1:59190 -> /127.0.0.1:6379, epid=0x1, chid=0x1] Received: 97 bytes, 1 commands in the stack
2026-05-02 00:50:51 [DEBUG][io.lettuce.core.protocol.CommandHandler][decode][651]-> [channel=0x3f7163c9, /127.0.0.1:59190 -> /127.0.0.1:6379, epid=0x1, chid=0x1] Stack contains: 1 commands
2026-05-02 00:50:51 [DEBUG][io.lettuce.core.protocol.RedisStateMachine][decode][298]-> Decode done, empty stack: true
2026-05-02 00:50:51 [DEBUG][io.lettuce.core.protocol.CommandHandler][decode][679]-> [channel=0x3f7163c9, /127.0.0.1:59190 -> /127.0.0.1:6379, epid=0x1, chid=0x1] Completing command AsyncCommand [type=GET, output=ValueOutput [output=[B@256284c, error='null'], commandType=io.lettuce.core.protocol.Command]
2026-05-02 00:50:51 [DEBUG][org.springframework.data.redis.core.RedisConnectionUtils][doCloseConnection][389]-> Closing Redis Connection.
2026-05-02 00:50:51 [DEBUG][org.springframework.web.servlet.mvc.method.annotation.RequestResponseBodyMethodProcessor][writeWithMessageConverters][268]-> Using 'application/json', given [application/json, text/plain, */*] and supported [application/json, application/*+json, application/json, application/*+json]
2026-05-02 00:50:51 [DEBUG][org.springframework.web.servlet.mvc.method.annotation.RequestResponseBodyMethodProcessor][traceDebug][108]-> Writing [com.njtech.xcloud.entity.vo.ResponseVO@587da56]
2026-05-02 00:50:51 [DEBUG][org.springframework.web.servlet.DispatcherServlet][logResult][1131]-> Completed 200 OK
2026-05-02 00:50:51 [DEBUG][org.springframework.jdbc.datasource.DataSourceUtils][doGetConnection][116]-> Fetching JDBC Connection from DataSource
2026-05-02 00:50:51 [DEBUG][org.springframework.jdbc.datasource.DataSourceUtils][doGetConnection][116]-> Fetching JDBC Connection from DataSource
2026-05-02 00:50:51 [DEBUG][org.springframework.web.servlet.mvc.method.annotation.ExceptionHandlerExceptionResolver][doResolveHandlerMethodException][416]-> Using @ExceptionHandler com.njtech.xcloud.controller.AGlobalExceptionHandlerController#handleException(Exception, HttpServletRequest)
2026-05-02 00:50:51 [ERROR][com.njtech.xcloud.controller.AGlobalExceptionHandlerController][handleException][25]-> 请求错误，请求地址http://localhost:7090/api/share/loadShareList,错误信息:
java.lang.NullPointerException: null
	at com.njtech.xcloud.controller.FileShareController.loadShareList(FileShareController.java:68)
	at com.njtech.xcloud.controller.FileShareController$$FastClassByCGLIB$$1.invoke(<generated>)
	at org.springframework.cglib.proxy.MethodProxy.invoke(MethodProxy.java:218)
	at org.springframework.aop.framework.CglibAopProxy$CglibMethodInvocation.invokeJoinpoint(CglibAopProxy.java:783)
	at org.springframework.aop.framework.ReflectiveMethodInvocation.proceed(ReflectiveMethodInvocation.java:163)
	at org.springframework.aop.framework.CglibAopProxy$CglibMethodInvocation.proceed(CglibAopProxy.java:753)
	at org.springframework.aop.framework.adapter.MethodBeforeAdviceInterceptor.invoke(MethodBeforeAdviceInterceptor.java:58)
	at org.springframework.aop.framework.ReflectiveMethodInvocation.proceed(ReflectiveMethodInvocation.java:175)
	at org.springframework.aop.framework.CglibAopProxy$CglibMethodInvocation.proceed(CglibAopProxy.java:753)
	at org.springframework.aop.interceptor.ExposeInvocationInterceptor.invoke(ExposeInvocationInterceptor.java:97)
	at org.springframework.aop.framework.ReflectiveMethodInvocation.proceed(ReflectiveMethodInvocation.java:186)
	at org.springframework.aop.framework.CglibAopProxy$CglibMethodInvocation.proceed(CglibAopProxy.java:753)
	at org.springframework.aop.framework.CglibAopProxy$DynamicAdvisedInterceptor.intercept(CglibAopProxy.java:698)
	at com.njtech.xcloud.controller.FileShareController$$EnhancerBySpringCGLIB$$1.loadShareList(<generated>)
	at sun.reflect.NativeMethodAccessorImpl.invoke0(Native Method)
	at sun.reflect.NativeMethodAccessorImpl.invoke(NativeMethodAccessorImpl.java:62)
	at sun.reflect.DelegatingMethodAccessorImpl.invoke(DelegatingMethodAccessorImpl.java:43)
	at java.lang.reflect.Method.invoke(Method.java:498)
	at org.springframework.web.method.support.InvocableHandlerMethod.doInvoke(InvocableHandlerMethod.java:205)
	at org.springframework.web.method.support.InvocableHandlerMethod.invokeForRequest(InvocableHandlerMethod.java:150)
	at org.springframework.web.servlet.mvc.method.annotation.ServletInvocableHandlerMethod.invokeAndHandle(ServletInvocableHandlerMethod.java:117)
	at org.springframework.web.servlet.mvc.method.annotation.RequestMappingHandlerAdapter.invokeHandlerMethod(RequestMappingHandlerAdapter.java:895)
	at org.springframework.web.servlet.mvc.method.annotation.RequestMappingHandlerAdapter.handleInternal(RequestMappingHandlerAdapter.java:808)
	at org.springframework.web.servlet.mvc.method.AbstractHandlerMethodAdapter.handle(AbstractHandlerMethodAdapter.java:87)
	at org.springframework.web.servlet.DispatcherServlet.doDispatch(DispatcherServlet.java:1067)
	at org.springframework.web.servlet.DispatcherServlet.doService(DispatcherServlet.java:963)
	at org.springframework.web.servlet.FrameworkServlet.processRequest(FrameworkServlet.java:1006)
	at org.springframework.web.servlet.FrameworkServlet.doPost(FrameworkServlet.java:909)
	at javax.servlet.http.HttpServlet.service(HttpServlet.java:681)
	at org.springframework.web.servlet.FrameworkServlet.service(FrameworkServlet.java:883)
	at javax.servlet.http.HttpServlet.service(HttpServlet.java:764)
	at org.apache.catalina.core.ApplicationFilterChain.internalDoFilter(ApplicationFilterChain.java:227)
	at org.apache.catalina.core.ApplicationFilterChain.doFilter(ApplicationFilterChain.java:162)
	at org.apache.tomcat.websocket.server.WsFilter.doFilter(WsFilter.java:53)
	at org.apache.catalina.core.ApplicationFilterChain.internalDoFilter(ApplicationFilterChain.java:189)
	at org.apache.catalina.core.ApplicationFilterChain.doFilter(ApplicationFilterChain.java:162)
	at org.springframework.web.filter.RequestContextFilter.doFilterInternal(RequestContextFilter.java:100)
	at org.springframework.web.filter.OncePerRequestFilter.doFilter(OncePerRequestFilter.java:119)
	at org.apache.catalina.core.ApplicationFilterChain.internalDoFilter(ApplicationFilterChain.java:189)
	at org.apache.catalina.core.ApplicationFilterChain.doFilter(ApplicationFilterChain.java:162)
	at org.springframework.web.filter.FormContentFilter.doFilterInternal(FormContentFilter.java:93)
	at org.springframework.web.filter.OncePerRequestFilter.doFilter(OncePerRequestFilter.java:119)
	at org.apache.catalina.core.ApplicationFilterChain.internalDoFilter(ApplicationFilterChain.java:189)
	at org.apache.catalina.core.ApplicationFilterChain.doFilter(ApplicationFilterChain.java:162)
	at org.springframework.web.filter.CharacterEncodingFilter.doFilterInternal(CharacterEncodingFilter.java:201)
	at org.springframework.web.filter.OncePerRequestFilter.doFilter(OncePerRequestFilter.java:119)
	at org.apache.catalina.core.ApplicationFilterChain.internalDoFilter(ApplicationFilterChain.java:189)
	at org.apache.catalina.core.ApplicationFilterChain.doFilter(ApplicationFilterChain.java:162)
	at org.apache.catalina.core.StandardWrapperValve.invoke(StandardWrapperValve.java:197)
	at org.apache.catalina.core.StandardContextValve.__invoke(StandardContextValve.java:97)
	at org.apache.catalina.core.StandardContextValve.invoke(StandardContextValve.java:41002)
	at org.apache.catalina.authenticator.AuthenticatorBase.invoke(AuthenticatorBase.java:540)
	at org.apache.catalina.core.StandardHostValve.invoke(StandardHostValve.java:135)
	at org.apache.catalina.valves.ErrorReportValve.invoke(ErrorReportValve.java:92)
	at org.apache.catalina.core.StandardEngineValve.invoke(StandardEngineValve.java:78)
	at org.apache.catalina.connector.CoyoteAdapter.service(CoyoteAdapter.java:357)
	at org.apache.coyote.http11.Http11Processor.service(Http11Processor.java:382)
	at org.apache.coyote.AbstractProcessorLight.process(AbstractProcessorLight.java:65)
	at org.apache.coyote.AbstractProtocol$ConnectionHandler.process(AbstractProtocol.java:895)
	at org.apache.tomcat.util.net.NioEndpoint$SocketProcessor.doRun(NioEndpoint.java:1722)
	at org.apache.tomcat.util.net.SocketProcessorBase.run(SocketProcessorBase.java:49)
	at org.apache.tomcat.util.threads.ThreadPoolExecutor.runWorker(ThreadPoolExecutor.java:1191)
	at org.apache.tomcat.util.threads.ThreadPoolExecutor$Worker.run(ThreadPoolExecutor.java:659)
	at org.apache.tomcat.util.threads.TaskThread$WrappingRunnable.run(TaskThread.java:61)
	at java.lang.Thread.run(Thread.java:748)
2026-05-02 00:50:51 [DEBUG][org.springframework.web.servlet.mvc.method.annotation.RequestResponseBodyMethodProcessor][writeWithMessageConverters][268]-> Using 'application/json', given [application/json, text/plain, */*] and supported [application/json, application/*+json, application/json, application/*+json]
2026-05-02 00:50:51 [DEBUG][org.springframework.web.servlet.mvc.method.annotation.RequestResponseBodyMethodProcessor][traceDebug][108]-> Writing [com.njtech.xcloud.entity.vo.ResponseVO@5d2ea87a]
2026-05-02 00:50:51 [DEBUG][org.springframework.web.servlet.mvc.method.annotation.ExceptionHandlerExceptionResolver][resolveException][146]-> Resolved [java.lang.NullPointerException]
2026-05-02 00:50:51 [DEBUG][org.springframework.web.servlet.DispatcherServlet][logResult][1131]-> Completed 200 OK
2026-05-02 00:51:11 [DEBUG][com.zaxxer.hikari.pool.HikariPool][logPoolState][421]-> HikariCPDatasource - Before cleanup stats (total=5, active=0, idle=5, waiting=0)
2026-05-02 00:51:11 [DEBUG][com.zaxxer.hikari.pool.HikariPool][logPoolState][421]-> HikariCPDatasource - After cleanup  stats (total=5, active=0, idle=5, waiting=0)
2026-05-02 00:51:11 [DEBUG][com.zaxxer.hikari.pool.HikariPool][fillPool][518]-> HikariCPDatasource - Fill pool skipped, pool is at sufficient level.
2026-05-02 00:51:41 [DEBUG][com.zaxxer.hikari.pool.HikariPool][logPoolState][421]-> HikariCPDatasource - Before cleanup stats (total=5, active=0, idle=5, waiting=0)
2026-05-02 00:51:41 [DEBUG][com.zaxxer.hikari.pool.HikariPool][logPoolState][421]-> HikariCPDatasource - After cleanup  stats (total=5, active=0, idle=5, waiting=0)
2026-05-02 00:51:41 [DEBUG][com.zaxxer.hikari.pool.HikariPool][fillPool][518]-> HikariCPDatasource - Fill pool skipped, pool is at sufficient level.
2026-05-02 00:51:43 [WARN][org.springframework.context.annotation.ClassPathScanningCandidateComponentProvider][doScan][166]-> No MyBatis mapper was found in '[com.njtech.xcloud.mappers]' package. Please check your configuration.
2026-05-02 00:51:43 [WARN][org.springframework.context.annotation.ClassPathScanningCandidateComponentProvider][doScan][166]-> No MyBatis mapper was found in '[com.njtech.xcloud.mappers]' package. Please check your configuration.
2026-05-02 00:51:43 [INFO][org.springframework.data.repository.config.RepositoryConfigurationDelegate][registerRepositoriesIn][132]-> Bootstrapping Spring Data Redis repositories in DEFAULT mode.
2026-05-02 00:51:43 [DEBUG][org.springframework.data.repository.config.RepositoryConfigurationDelegate][registerRepositoriesIn][145]-> Scanning for Redis repositories in packages com.njtech.xcloud.
2026-05-02 00:51:43 [INFO][org.springframework.data.repository.config.RepositoryConfigurationDelegate][registerRepositoriesIn][201]-> Finished Spring Data repository scanning in 2 ms. Found 0 Redis repository interfaces.
2026-05-02 00:51:43 [DEBUG][org.springframework.context.annotation.ClassPathScanningCandidateComponentProvider][__scanCandidateComponents][435]-> Identified candidate component class: file [C:\Users\Luojun\Desktop\workspace\xcloud\xcloud-java\target\classes\com\njtech\xcloud\controller\FileShareController.class]
2026-05-02 00:51:43 [DEBUG][org.springframework.jmx.export.annotation.AnnotationMBeanExporter][registerBeans][541]-> Autodetecting user-defined JMX MBeans
2026-05-02 00:51:43 [DEBUG][_org.springframework.web.servlet.HandlerMapping.Mappings][detectHandlerMethods][295]-> 
	c.n.x.c.FileShareController:
	{ [/share/cancelShare]}: cancelShare(HttpSession,String)
	{ [/share/shareFile]}: shareFile(HttpSession,String,Integer,Integer,String)
	{ [/share/loadShareList]}: loadShareList(HttpSession,FileShareQuery)
2026-05-02 00:51:43 [DEBUG][org.springframework.web.servlet.DispatcherServlet][initMultipartResolver][520]-> Detected StandardServletMultipartResolver
2026-05-02 00:51:43 [DEBUG][org.springframework.web.servlet.DispatcherServlet][initLocaleResolver][544]-> Detected AcceptHeaderLocaleResolver
2026-05-02 00:51:43 [DEBUG][org.springframework.web.servlet.DispatcherServlet][initThemeResolver][569]-> Detected FixedThemeResolver
2026-05-02 00:51:43 [DEBUG][org.springframework.web.servlet.DispatcherServlet][initRequestToViewNameTranslator][719]-> Detected org.springframework.web.servlet.view.DefaultRequestToViewNameTranslator@6c76ccc9
2026-05-02 00:51:43 [DEBUG][org.springframework.web.servlet.DispatcherServlet][initFlashMapManager][783]-> Detected org.springframework.web.servlet.support.SessionFlashMapManager@78b10ace
2026-05-02 00:51:43 [DEBUG][org.springframework.web.servlet.DispatcherServlet][traceDebug][108]-> POST "/api/share/loadShareList", parameters={multipart}
2026-05-02 00:51:43 [DEBUG][org.springframework.web.servlet.DispatcherServlet][traceDebug][108]-> POST "/api/getUseSpace", parameters={multipart}
2026-05-02 00:51:43 [DEBUG][org.springframework.web.servlet.DispatcherServlet][traceDebug][108]-> GET "/api/getAvatar/2117787425?1777654303703", parameters={masked}
2026-05-02 00:51:43 [DEBUG][org.springframework.web.servlet.mvc.method.annotation.RequestMappingHandlerMapping][getHandler][522]-> Mapped to com.njtech.xcloud.controller.UserInfoController#getAvatar(String, HttpServletResponse)
2026-05-02 00:51:43 [DEBUG][org.springframework.web.servlet.mvc.method.annotation.RequestMappingHandlerMapping][getHandler][522]-> Mapped to com.njtech.xcloud.controller.UserInfoController#getUseSpace(HttpSession)
2026-05-02 00:51:43 [DEBUG][org.springframework.web.servlet.mvc.method.annotation.RequestMappingHandlerMapping][getHandler][522]-> Mapped to com.njtech.xcloud.controller.FileShareController#loadShareList(HttpSession, FileShareQuery)
2026-05-02 00:51:43 [DEBUG][org.springframework.data.redis.core.RedisConnectionUtils][doGetConnection][143]-> Fetching Redis Connection from RedisConnectionFactory
2026-05-02 00:51:43 [DEBUG][io.lettuce.core.RedisChannelHandler][dispatch][175]-> dispatching command AsyncCommand [type=GET, output=ValueOutput [output=null, error='null'], commandType=io.lettuce.core.protocol.Command]
2026-05-02 00:51:43 [DEBUG][io.lettuce.core.protocol.DefaultEndpoint][channelWriteAndFlush][430]-> [channel=0x3f7163c9, /127.0.0.1:59190 -> /127.0.0.1:6379, epid=0x1] write() writeAndFlush command AsyncCommand [type=GET, output=ValueOutput [output=null, error='null'], commandType=io.lettuce.core.protocol.Command]
2026-05-02 00:51:43 [DEBUG][io.lettuce.core.protocol.CommandHandler][write][383]-> [channel=0x3f7163c9, /127.0.0.1:59190 -> /127.0.0.1:6379, epid=0x1, chid=0x1] write(ctx, AsyncCommand [type=GET, output=ValueOutput [output=null, error='null'], commandType=io.lettuce.core.protocol.Command], promise)
2026-05-02 00:51:43 [DEBUG][org.springframework.web.servlet.DispatcherServlet][logResult][1131]-> Completed 200 OK
2026-05-02 00:51:43 [DEBUG][io.lettuce.core.protocol.DefaultEndpoint][write][207]-> [channel=0x3f7163c9, /127.0.0.1:59190 -> /127.0.0.1:6379, epid=0x1] write() done
2026-05-02 00:51:43 [DEBUG][io.lettuce.core.protocol.CommandEncoder][encode][101]-> [channel=0x3f7163c9, /127.0.0.1:59190 -> /127.0.0.1:6379] writing command AsyncCommand [type=GET, output=ValueOutput [output=null, error='null'], commandType=io.lettuce.core.protocol.Command]
2026-05-02 00:51:43 [DEBUG][io.lettuce.core.protocol.CommandHandler][channelRead][577]-> [channel=0x3f7163c9, /127.0.0.1:59190 -> /127.0.0.1:6379, epid=0x1, chid=0x1] Received: 97 bytes, 1 commands in the stack
2026-05-02 00:51:43 [DEBUG][io.lettuce.core.protocol.CommandHandler][decode][651]-> [channel=0x3f7163c9, /127.0.0.1:59190 -> /127.0.0.1:6379, epid=0x1, chid=0x1] Stack contains: 1 commands
2026-05-02 00:51:43 [DEBUG][io.lettuce.core.protocol.RedisStateMachine][decode][298]-> Decode done, empty stack: true
2026-05-02 00:51:43 [DEBUG][io.lettuce.core.protocol.CommandHandler][decode][679]-> [channel=0x3f7163c9, /127.0.0.1:59190 -> /127.0.0.1:6379, epid=0x1, chid=0x1] Completing command AsyncCommand [type=GET, output=ValueOutput [output=[B@2ea61a0, error='null'], commandType=io.lettuce.core.protocol.Command]
2026-05-02 00:51:43 [DEBUG][org.springframework.data.redis.core.RedisConnectionUtils][doCloseConnection][389]-> Closing Redis Connection.
2026-05-02 00:51:43 [DEBUG][org.springframework.web.servlet.mvc.method.annotation.RequestResponseBodyMethodProcessor][writeWithMessageConverters][268]-> Using 'application/json', given [application/json, text/plain, */*] and supported [application/json, application/*+json, application/json, application/*+json]
2026-05-02 00:51:43 [DEBUG][org.springframework.web.servlet.mvc.method.annotation.RequestResponseBodyMethodProcessor][traceDebug][108]-> Writing [com.njtech.xcloud.entity.vo.ResponseVO@6bbf8bbb]
2026-05-02 00:51:43 [DEBUG][org.springframework.web.servlet.DispatcherServlet][logResult][1131]-> Completed 200 OK
2026-05-02 00:51:43 [DEBUG][org.springframework.jdbc.datasource.DataSourceUtils][doGetConnection][116]-> Fetching JDBC Connection from DataSource
2026-05-02 00:51:43 [DEBUG][org.springframework.jdbc.datasource.DataSourceUtils][doGetConnection][116]-> Fetching JDBC Connection from DataSource
2026-05-02 00:51:43 [DEBUG][org.springframework.web.servlet.mvc.method.annotation.ExceptionHandlerExceptionResolver][doResolveHandlerMethodException][416]-> Using @ExceptionHandler com.njtech.xcloud.controller.AGlobalExceptionHandlerController#handleException(Exception, HttpServletRequest)
2026-05-02 00:51:43 [ERROR][com.njtech.xcloud.controller.AGlobalExceptionHandlerController][handleException][25]-> 请求错误，请求地址http://localhost:7090/api/share/loadShareList,错误信息:
java.lang.NullPointerException: null
	at com.njtech.xcloud.controller.FileShareController.loadShareList(FileShareController.java:68)
	at com.njtech.xcloud.controller.FileShareController$$FastClassByCGLIB$$1.invoke(<generated>)
	at org.springframework.cglib.proxy.MethodProxy.invoke(MethodProxy.java:218)
	at org.springframework.aop.framework.CglibAopProxy$CglibMethodInvocation.invokeJoinpoint(CglibAopProxy.java:783)
	at org.springframework.aop.framework.ReflectiveMethodInvocation.proceed(ReflectiveMethodInvocation.java:163)
	at org.springframework.aop.framework.CglibAopProxy$CglibMethodInvocation.proceed(CglibAopProxy.java:753)
	at org.springframework.aop.framework.adapter.MethodBeforeAdviceInterceptor.invoke(MethodBeforeAdviceInterceptor.java:58)
	at org.springframework.aop.framework.ReflectiveMethodInvocation.proceed(ReflectiveMethodInvocation.java:175)
	at org.springframework.aop.framework.CglibAopProxy$CglibMethodInvocation.proceed(CglibAopProxy.java:753)
	at org.springframework.aop.interceptor.ExposeInvocationInterceptor.invoke(ExposeInvocationInterceptor.java:97)
	at org.springframework.aop.framework.ReflectiveMethodInvocation.proceed(ReflectiveMethodInvocation.java:186)
	at org.springframework.aop.framework.CglibAopProxy$CglibMethodInvocation.proceed(CglibAopProxy.java:753)
	at org.springframework.aop.framework.CglibAopProxy$DynamicAdvisedInterceptor.intercept(CglibAopProxy.java:698)
	at com.njtech.xcloud.controller.FileShareController$$EnhancerBySpringCGLIB$$1.loadShareList(<generated>)
	at sun.reflect.NativeMethodAccessorImpl.invoke0(Native Method)
	at sun.reflect.NativeMethodAccessorImpl.invoke(NativeMethodAccessorImpl.java:62)
	at sun.reflect.DelegatingMethodAccessorImpl.invoke(DelegatingMethodAccessorImpl.java:43)
	at java.lang.reflect.Method.invoke(Method.java:498)
	at org.springframework.web.method.support.InvocableHandlerMethod.doInvoke(InvocableHandlerMethod.java:205)
	at org.springframework.web.method.support.InvocableHandlerMethod.invokeForRequest(InvocableHandlerMethod.java:150)
	at org.springframework.web.servlet.mvc.method.annotation.ServletInvocableHandlerMethod.invokeAndHandle(ServletInvocableHandlerMethod.java:117)
	at org.springframework.web.servlet.mvc.method.annotation.RequestMappingHandlerAdapter.invokeHandlerMethod(RequestMappingHandlerAdapter.java:895)
	at org.springframework.web.servlet.mvc.method.annotation.RequestMappingHandlerAdapter.handleInternal(RequestMappingHandlerAdapter.java:808)
	at org.springframework.web.servlet.mvc.method.AbstractHandlerMethodAdapter.handle(AbstractHandlerMethodAdapter.java:87)
	at org.springframework.web.servlet.DispatcherServlet.doDispatch(DispatcherServlet.java:1067)
	at org.springframework.web.servlet.DispatcherServlet.doService(DispatcherServlet.java:963)
	at org.springframework.web.servlet.FrameworkServlet.processRequest(FrameworkServlet.java:1006)
	at org.springframework.web.servlet.FrameworkServlet.doPost(FrameworkServlet.java:909)
	at javax.servlet.http.HttpServlet.service(HttpServlet.java:681)
	at org.springframework.web.servlet.FrameworkServlet.service(FrameworkServlet.java:883)
	at javax.servlet.http.HttpServlet.service(HttpServlet.java:764)
	at org.apache.catalina.core.ApplicationFilterChain.internalDoFilter(ApplicationFilterChain.java:227)
	at org.apache.catalina.core.ApplicationFilterChain.doFilter(ApplicationFilterChain.java:162)
	at org.apache.tomcat.websocket.server.WsFilter.doFilter(WsFilter.java:53)
	at org.apache.catalina.core.ApplicationFilterChain.internalDoFilter(ApplicationFilterChain.java:189)
	at org.apache.catalina.core.ApplicationFilterChain.doFilter(ApplicationFilterChain.java:162)
	at org.springframework.web.filter.RequestContextFilter.doFilterInternal(RequestContextFilter.java:100)
	at org.springframework.web.filter.OncePerRequestFilter.doFilter(OncePerRequestFilter.java:119)
	at org.apache.catalina.core.ApplicationFilterChain.internalDoFilter(ApplicationFilterChain.java:189)
	at org.apache.catalina.core.ApplicationFilterChain.doFilter(ApplicationFilterChain.java:162)
	at org.springframework.web.filter.FormContentFilter.doFilterInternal(FormContentFilter.java:93)
	at org.springframework.web.filter.OncePerRequestFilter.doFilter(OncePerRequestFilter.java:119)
	at org.apache.catalina.core.ApplicationFilterChain.internalDoFilter(ApplicationFilterChain.java:189)
	at org.apache.catalina.core.ApplicationFilterChain.doFilter(ApplicationFilterChain.java:162)
	at org.springframework.web.filter.CharacterEncodingFilter.doFilterInternal(CharacterEncodingFilter.java:201)
	at org.springframework.web.filter.OncePerRequestFilter.doFilter(OncePerRequestFilter.java:119)
	at org.apache.catalina.core.ApplicationFilterChain.internalDoFilter(ApplicationFilterChain.java:189)
	at org.apache.catalina.core.ApplicationFilterChain.doFilter(ApplicationFilterChain.java:162)
	at org.apache.catalina.core.StandardWrapperValve.invoke(StandardWrapperValve.java:197)
	at org.apache.catalina.core.StandardContextValve.__invoke(StandardContextValve.java:97)
	at org.apache.catalina.core.StandardContextValve.invoke(StandardContextValve.java:41002)
	at org.apache.catalina.authenticator.AuthenticatorBase.invoke(AuthenticatorBase.java:540)
	at org.apache.catalina.core.StandardHostValve.invoke(StandardHostValve.java:135)
	at org.apache.catalina.valves.ErrorReportValve.invoke(ErrorReportValve.java:92)
	at org.apache.catalina.core.StandardEngineValve.invoke(StandardEngineValve.java:78)
	at org.apache.catalina.connector.CoyoteAdapter.service(CoyoteAdapter.java:357)
	at org.apache.coyote.http11.Http11Processor.service(Http11Processor.java:382)
	at org.apache.coyote.AbstractProcessorLight.process(AbstractProcessorLight.java:65)
	at org.apache.coyote.AbstractProtocol$ConnectionHandler.process(AbstractProtocol.java:895)
	at org.apache.tomcat.util.net.NioEndpoint$SocketProcessor.doRun(NioEndpoint.java:1722)
	at org.apache.tomcat.util.net.SocketProcessorBase.run(SocketProcessorBase.java:49)
	at org.apache.tomcat.util.threads.ThreadPoolExecutor.runWorker(ThreadPoolExecutor.java:1191)
	at org.apache.tomcat.util.threads.ThreadPoolExecutor$Worker.run(ThreadPoolExecutor.java:659)
	at org.apache.tomcat.util.threads.TaskThread$WrappingRunnable.run(TaskThread.java:61)
	at java.lang.Thread.run(Thread.java:748)
2026-05-02 00:51:43 [DEBUG][org.springframework.web.servlet.mvc.method.annotation.RequestResponseBodyMethodProcessor][writeWithMessageConverters][268]-> Using 'application/json', given [application/json, text/plain, */*] and supported [application/json, application/*+json, application/json, application/*+json]
2026-05-02 00:51:43 [DEBUG][org.springframework.web.servlet.mvc.method.annotation.RequestResponseBodyMethodProcessor][traceDebug][108]-> Writing [com.njtech.xcloud.entity.vo.ResponseVO@5b1fbff2]
2026-05-02 00:51:43 [DEBUG][org.springframework.web.servlet.mvc.method.annotation.ExceptionHandlerExceptionResolver][resolveException][146]-> Resolved [java.lang.NullPointerException]
2026-05-02 00:51:43 [DEBUG][org.springframework.web.servlet.DispatcherServlet][logResult][1131]-> Completed 200 OK
2026-05-02 00:52:11 [DEBUG][com.zaxxer.hikari.pool.HikariPool][logPoolState][421]-> HikariCPDatasource - Before cleanup stats (total=5, active=0, idle=5, waiting=0)
2026-05-02 00:52:11 [DEBUG][com.zaxxer.hikari.pool.HikariPool][logPoolState][421]-> HikariCPDatasource - After cleanup  stats (total=5, active=0, idle=5, waiting=0)
2026-05-02 00:52:11 [DEBUG][com.zaxxer.hikari.pool.HikariPool][fillPool][518]-> HikariCPDatasource - Fill pool skipped, pool is at sufficient level.
2026-05-02 00:52:23 [WARN][org.springframework.context.annotation.ClassPathScanningCandidateComponentProvider][doScan][166]-> No MyBatis mapper was found in '[com.njtech.xcloud.mappers]' package. Please check your configuration.
2026-05-02 00:52:23 [WARN][org.springframework.context.annotation.ClassPathScanningCandidateComponentProvider][doScan][166]-> No MyBatis mapper was found in '[com.njtech.xcloud.mappers]' package. Please check your configuration.
2026-05-02 00:52:23 [INFO][org.springframework.data.repository.config.RepositoryConfigurationDelegate][registerRepositoriesIn][132]-> Bootstrapping Spring Data Redis repositories in DEFAULT mode.
2026-05-02 00:52:23 [DEBUG][org.springframework.data.repository.config.RepositoryConfigurationDelegate][registerRepositoriesIn][145]-> Scanning for Redis repositories in packages com.njtech.xcloud.
2026-05-02 00:52:23 [INFO][org.springframework.data.repository.config.RepositoryConfigurationDelegate][registerRepositoriesIn][201]-> Finished Spring Data repository scanning in 3 ms. Found 0 Redis repository interfaces.
2026-05-02 00:52:23 [DEBUG][org.springframework.context.annotation.ClassPathScanningCandidateComponentProvider][__scanCandidateComponents][435]-> Identified candidate component class: file [C:\Users\Luojun\Desktop\workspace\xcloud\xcloud-java\target\classes\com\njtech\xcloud\controller\FileShareController.class]
2026-05-02 00:52:23 [DEBUG][org.springframework.jmx.export.annotation.AnnotationMBeanExporter][registerBeans][541]-> Autodetecting user-defined JMX MBeans
2026-05-02 00:52:23 [DEBUG][_org.springframework.web.servlet.HandlerMapping.Mappings][detectHandlerMethods][295]-> 
	c.n.x.c.FileShareController:
	{ [/share/cancelShare]}: cancelShare(HttpSession,String)
	{ [/share/shareFile]}: shareFile(HttpSession,String,Integer,Integer,String)
	{ [/share/loadShareList]}: loadShareList(HttpSession,FileShareQuery)
2026-05-02 00:52:23 [DEBUG][org.springframework.web.servlet.DispatcherServlet][initMultipartResolver][520]-> Detected StandardServletMultipartResolver
2026-05-02 00:52:23 [DEBUG][org.springframework.web.servlet.DispatcherServlet][initLocaleResolver][544]-> Detected AcceptHeaderLocaleResolver
2026-05-02 00:52:23 [DEBUG][org.springframework.web.servlet.DispatcherServlet][initThemeResolver][569]-> Detected FixedThemeResolver
2026-05-02 00:52:23 [DEBUG][org.springframework.web.servlet.DispatcherServlet][initRequestToViewNameTranslator][719]-> Detected org.springframework.web.servlet.view.DefaultRequestToViewNameTranslator@6c76ccc9
2026-05-02 00:52:23 [DEBUG][org.springframework.web.servlet.DispatcherServlet][initFlashMapManager][783]-> Detected org.springframework.web.servlet.support.SessionFlashMapManager@78b10ace
2026-05-02 00:52:23 [DEBUG][org.springframework.web.servlet.DispatcherServlet][traceDebug][108]-> POST "/api/getUseSpace", parameters={multipart}
2026-05-02 00:52:23 [DEBUG][org.springframework.web.servlet.DispatcherServlet][traceDebug][108]-> POST "/api/share/loadShareList", parameters={multipart}
2026-05-02 00:52:23 [DEBUG][org.springframework.web.servlet.DispatcherServlet][traceDebug][108]-> GET "/api/getAvatar/2117787425?1777654343391", parameters={masked}
2026-05-02 00:52:23 [DEBUG][org.springframework.web.servlet.mvc.method.annotation.RequestMappingHandlerMapping][getHandler][522]-> Mapped to com.njtech.xcloud.controller.UserInfoController#getAvatar(String, HttpServletResponse)
2026-05-02 00:52:23 [DEBUG][org.springframework.web.servlet.mvc.method.annotation.RequestMappingHandlerMapping][getHandler][522]-> Mapped to com.njtech.xcloud.controller.FileShareController#loadShareList(HttpSession, FileShareQuery)
2026-05-02 00:52:23 [DEBUG][org.springframework.web.servlet.mvc.method.annotation.RequestMappingHandlerMapping][getHandler][522]-> Mapped to com.njtech.xcloud.controller.UserInfoController#getUseSpace(HttpSession)
2026-05-02 00:52:23 [DEBUG][org.springframework.data.redis.core.RedisConnectionUtils][doGetConnection][143]-> Fetching Redis Connection from RedisConnectionFactory
2026-05-02 00:52:23 [DEBUG][io.lettuce.core.RedisChannelHandler][dispatch][175]-> dispatching command AsyncCommand [type=GET, output=ValueOutput [output=null, error='null'], commandType=io.lettuce.core.protocol.Command]
2026-05-02 00:52:23 [DEBUG][org.springframework.web.servlet.DispatcherServlet][logResult][1131]-> Completed 200 OK
2026-05-02 00:52:23 [DEBUG][io.lettuce.core.protocol.DefaultEndpoint][channelWriteAndFlush][430]-> [channel=0x3f7163c9, /127.0.0.1:59190 -> /127.0.0.1:6379, epid=0x1] write() writeAndFlush command AsyncCommand [type=GET, output=ValueOutput [output=null, error='null'], commandType=io.lettuce.core.protocol.Command]
2026-05-02 00:52:23 [DEBUG][io.lettuce.core.protocol.CommandHandler][write][383]-> [channel=0x3f7163c9, /127.0.0.1:59190 -> /127.0.0.1:6379, epid=0x1, chid=0x1] write(ctx, AsyncCommand [type=GET, output=ValueOutput [output=null, error='null'], commandType=io.lettuce.core.protocol.Command], promise)
2026-05-02 00:52:23 [DEBUG][io.lettuce.core.protocol.DefaultEndpoint][write][207]-> [channel=0x3f7163c9, /127.0.0.1:59190 -> /127.0.0.1:6379, epid=0x1] write() done
2026-05-02 00:52:23 [DEBUG][io.lettuce.core.protocol.CommandEncoder][encode][101]-> [channel=0x3f7163c9, /127.0.0.1:59190 -> /127.0.0.1:6379] writing command AsyncCommand [type=GET, output=ValueOutput [output=null, error='null'], commandType=io.lettuce.core.protocol.Command]
2026-05-02 00:52:23 [DEBUG][io.lettuce.core.protocol.CommandHandler][channelRead][577]-> [channel=0x3f7163c9, /127.0.0.1:59190 -> /127.0.0.1:6379, epid=0x1, chid=0x1] Received: 97 bytes, 1 commands in the stack
2026-05-02 00:52:23 [DEBUG][io.lettuce.core.protocol.CommandHandler][decode][651]-> [channel=0x3f7163c9, /127.0.0.1:59190 -> /127.0.0.1:6379, epid=0x1, chid=0x1] Stack contains: 1 commands
2026-05-02 00:52:23 [DEBUG][io.lettuce.core.protocol.RedisStateMachine][decode][298]-> Decode done, empty stack: true
2026-05-02 00:52:23 [DEBUG][io.lettuce.core.protocol.CommandHandler][decode][679]-> [channel=0x3f7163c9, /127.0.0.1:59190 -> /127.0.0.1:6379, epid=0x1, chid=0x1] Completing command AsyncCommand [type=GET, output=ValueOutput [output=[B@3fd0ba9, error='null'], commandType=io.lettuce.core.protocol.Command]
2026-05-02 00:52:23 [DEBUG][org.springframework.data.redis.core.RedisConnectionUtils][doCloseConnection][389]-> Closing Redis Connection.
2026-05-02 00:52:23 [DEBUG][org.springframework.web.servlet.mvc.method.annotation.RequestResponseBodyMethodProcessor][writeWithMessageConverters][268]-> Using 'application/json', given [application/json, text/plain, */*] and supported [application/json, application/*+json, application/json, application/*+json]
2026-05-02 00:52:23 [DEBUG][org.springframework.web.servlet.mvc.method.annotation.RequestResponseBodyMethodProcessor][traceDebug][108]-> Writing [com.njtech.xcloud.entity.vo.ResponseVO@6fa2a4c6]
2026-05-02 00:52:23 [DEBUG][org.springframework.web.servlet.DispatcherServlet][logResult][1131]-> Completed 200 OK
2026-05-02 00:52:23 [DEBUG][org.springframework.jdbc.datasource.DataSourceUtils][doGetConnection][116]-> Fetching JDBC Connection from DataSource
2026-05-02 00:52:23 [DEBUG][org.springframework.jdbc.datasource.DataSourceUtils][doGetConnection][116]-> Fetching JDBC Connection from DataSource
2026-05-02 00:52:23 [DEBUG][org.springframework.web.servlet.mvc.method.annotation.ExceptionHandlerExceptionResolver][doResolveHandlerMethodException][416]-> Using @ExceptionHandler com.njtech.xcloud.controller.AGlobalExceptionHandlerController#handleException(Exception, HttpServletRequest)
2026-05-02 00:52:23 [ERROR][com.njtech.xcloud.controller.AGlobalExceptionHandlerController][handleException][25]-> 请求错误，请求地址http://localhost:7090/api/share/loadShareList,错误信息:
java.lang.NullPointerException: null
	at com.njtech.xcloud.controller.FileShareController.loadShareList(FileShareController.java:68)
	at com.njtech.xcloud.controller.FileShareController$$FastClassByCGLIB$$1.invoke(<generated>)
	at org.springframework.cglib.proxy.MethodProxy.invoke(MethodProxy.java:218)
	at org.springframework.aop.framework.CglibAopProxy$CglibMethodInvocation.invokeJoinpoint(CglibAopProxy.java:783)
	at org.springframework.aop.framework.ReflectiveMethodInvocation.proceed(ReflectiveMethodInvocation.java:163)
	at org.springframework.aop.framework.CglibAopProxy$CglibMethodInvocation.proceed(CglibAopProxy.java:753)
	at org.springframework.aop.framework.adapter.MethodBeforeAdviceInterceptor.invoke(MethodBeforeAdviceInterceptor.java:58)
	at org.springframework.aop.framework.ReflectiveMethodInvocation.proceed(ReflectiveMethodInvocation.java:175)
	at org.springframework.aop.framework.CglibAopProxy$CglibMethodInvocation.proceed(CglibAopProxy.java:753)
	at org.springframework.aop.interceptor.ExposeInvocationInterceptor.invoke(ExposeInvocationInterceptor.java:97)
	at org.springframework.aop.framework.ReflectiveMethodInvocation.proceed(ReflectiveMethodInvocation.java:186)
	at org.springframework.aop.framework.CglibAopProxy$CglibMethodInvocation.proceed(CglibAopProxy.java:753)
	at org.springframework.aop.framework.CglibAopProxy$DynamicAdvisedInterceptor.intercept(CglibAopProxy.java:698)
	at com.njtech.xcloud.controller.FileShareController$$EnhancerBySpringCGLIB$$1.loadShareList(<generated>)
	at sun.reflect.NativeMethodAccessorImpl.invoke0(Native Method)
	at sun.reflect.NativeMethodAccessorImpl.invoke(NativeMethodAccessorImpl.java:62)
	at sun.reflect.DelegatingMethodAccessorImpl.invoke(DelegatingMethodAccessorImpl.java:43)
	at java.lang.reflect.Method.invoke(Method.java:498)
	at org.springframework.web.method.support.InvocableHandlerMethod.doInvoke(InvocableHandlerMethod.java:205)
	at org.springframework.web.method.support.InvocableHandlerMethod.invokeForRequest(InvocableHandlerMethod.java:150)
	at org.springframework.web.servlet.mvc.method.annotation.ServletInvocableHandlerMethod.invokeAndHandle(ServletInvocableHandlerMethod.java:117)
	at org.springframework.web.servlet.mvc.method.annotation.RequestMappingHandlerAdapter.invokeHandlerMethod(RequestMappingHandlerAdapter.java:895)
	at org.springframework.web.servlet.mvc.method.annotation.RequestMappingHandlerAdapter.handleInternal(RequestMappingHandlerAdapter.java:808)
	at org.springframework.web.servlet.mvc.method.AbstractHandlerMethodAdapter.handle(AbstractHandlerMethodAdapter.java:87)
	at org.springframework.web.servlet.DispatcherServlet.doDispatch(DispatcherServlet.java:1067)
	at org.springframework.web.servlet.DispatcherServlet.doService(DispatcherServlet.java:963)
	at org.springframework.web.servlet.FrameworkServlet.processRequest(FrameworkServlet.java:1006)
	at org.springframework.web.servlet.FrameworkServlet.doPost(FrameworkServlet.java:909)
	at javax.servlet.http.HttpServlet.service(HttpServlet.java:681)
	at org.springframework.web.servlet.FrameworkServlet.service(FrameworkServlet.java:883)
	at javax.servlet.http.HttpServlet.service(HttpServlet.java:764)
	at org.apache.catalina.core.ApplicationFilterChain.internalDoFilter(ApplicationFilterChain.java:227)
	at org.apache.catalina.core.ApplicationFilterChain.doFilter(ApplicationFilterChain.java:162)
	at org.apache.tomcat.websocket.server.WsFilter.doFilter(WsFilter.java:53)
	at org.apache.catalina.core.ApplicationFilterChain.internalDoFilter(ApplicationFilterChain.java:189)
	at org.apache.catalina.core.ApplicationFilterChain.doFilter(ApplicationFilterChain.java:162)
	at org.springframework.web.filter.RequestContextFilter.doFilterInternal(RequestContextFilter.java:100)
	at org.springframework.web.filter.OncePerRequestFilter.doFilter(OncePerRequestFilter.java:119)
	at org.apache.catalina.core.ApplicationFilterChain.internalDoFilter(ApplicationFilterChain.java:189)
	at org.apache.catalina.core.ApplicationFilterChain.doFilter(ApplicationFilterChain.java:162)
	at org.springframework.web.filter.FormContentFilter.doFilterInternal(FormContentFilter.java:93)
	at org.springframework.web.filter.OncePerRequestFilter.doFilter(OncePerRequestFilter.java:119)
	at org.apache.catalina.core.ApplicationFilterChain.internalDoFilter(ApplicationFilterChain.java:189)
	at org.apache.catalina.core.ApplicationFilterChain.doFilter(ApplicationFilterChain.java:162)
	at org.springframework.web.filter.CharacterEncodingFilter.doFilterInternal(CharacterEncodingFilter.java:201)
	at org.springframework.web.filter.OncePerRequestFilter.doFilter(OncePerRequestFilter.java:119)
	at org.apache.catalina.core.ApplicationFilterChain.internalDoFilter(ApplicationFilterChain.java:189)
	at org.apache.catalina.core.ApplicationFilterChain.doFilter(ApplicationFilterChain.java:162)
	at org.apache.catalina.core.StandardWrapperValve.invoke(StandardWrapperValve.java:197)
	at org.apache.catalina.core.StandardContextValve.__invoke(StandardContextValve.java:97)
	at org.apache.catalina.core.StandardContextValve.invoke(StandardContextValve.java:41002)
	at org.apache.catalina.authenticator.AuthenticatorBase.invoke(AuthenticatorBase.java:540)
	at org.apache.catalina.core.StandardHostValve.invoke(StandardHostValve.java:135)
	at org.apache.catalina.valves.ErrorReportValve.invoke(ErrorReportValve.java:92)
	at org.apache.catalina.core.StandardEngineValve.invoke(StandardEngineValve.java:78)
	at org.apache.catalina.connector.CoyoteAdapter.service(CoyoteAdapter.java:357)
	at org.apache.coyote.http11.Http11Processor.service(Http11Processor.java:382)
	at org.apache.coyote.AbstractProcessorLight.process(AbstractProcessorLight.java:65)
	at org.apache.coyote.AbstractProtocol$ConnectionHandler.process(AbstractProtocol.java:895)
	at org.apache.tomcat.util.net.NioEndpoint$SocketProcessor.doRun(NioEndpoint.java:1722)
	at org.apache.tomcat.util.net.SocketProcessorBase.run(SocketProcessorBase.java:49)
	at org.apache.tomcat.util.threads.ThreadPoolExecutor.runWorker(ThreadPoolExecutor.java:1191)
	at org.apache.tomcat.util.threads.ThreadPoolExecutor$Worker.run(ThreadPoolExecutor.java:659)
	at org.apache.tomcat.util.threads.TaskThread$WrappingRunnable.run(TaskThread.java:61)
	at java.lang.Thread.run(Thread.java:748)
2026-05-02 00:52:23 [DEBUG][org.springframework.web.servlet.mvc.method.annotation.RequestResponseBodyMethodProcessor][writeWithMessageConverters][268]-> Using 'application/json', given [application/json, text/plain, */*] and supported [application/json, application/*+json, application/json, application/*+json]
2026-05-02 00:52:23 [DEBUG][org.springframework.web.servlet.mvc.method.annotation.RequestResponseBodyMethodProcessor][traceDebug][108]-> Writing [com.njtech.xcloud.entity.vo.ResponseVO@1bfa5e4a]
2026-05-02 00:52:23 [DEBUG][org.springframework.web.servlet.mvc.method.annotation.ExceptionHandlerExceptionResolver][resolveException][146]-> Resolved [java.lang.NullPointerException]
2026-05-02 00:52:23 [DEBUG][org.springframework.web.servlet.DispatcherServlet][logResult][1131]-> Completed 200 OK
2026-05-02 00:52:41 [DEBUG][com.zaxxer.hikari.pool.HikariPool][logPoolState][421]-> HikariCPDatasource - Before cleanup stats (total=5, active=0, idle=5, waiting=0)
2026-05-02 00:52:41 [DEBUG][com.zaxxer.hikari.pool.HikariPool][logPoolState][421]-> HikariCPDatasource - After cleanup  stats (total=5, active=0, idle=5, waiting=0)
2026-05-02 00:52:41 [DEBUG][com.zaxxer.hikari.pool.HikariPool][fillPool][518]-> HikariCPDatasource - Fill pool skipped, pool is at sufficient level.
2026-05-02 00:53:11 [DEBUG][com.zaxxer.hikari.pool.HikariPool][logPoolState][421]-> HikariCPDatasource - Before cleanup stats (total=5, active=0, idle=5, waiting=0)
2026-05-02 00:53:11 [DEBUG][com.zaxxer.hikari.pool.HikariPool][logPoolState][421]-> HikariCPDatasource - After cleanup  stats (total=5, active=0, idle=5, waiting=0)
2026-05-02 00:53:11 [DEBUG][com.zaxxer.hikari.pool.HikariPool][fillPool][518]-> HikariCPDatasource - Fill pool skipped, pool is at sufficient level.
2026-05-02 00:53:41 [DEBUG][com.zaxxer.hikari.pool.HikariPool][logPoolState][421]-> HikariCPDatasource - Before cleanup stats (total=5, active=0, idle=5, waiting=0)
2026-05-02 00:53:41 [DEBUG][com.zaxxer.hikari.pool.HikariPool][logPoolState][421]-> HikariCPDatasource - After cleanup  stats (total=5, active=0, idle=5, waiting=0)
2026-05-02 00:53:41 [DEBUG][com.zaxxer.hikari.pool.HikariPool][fillPool][518]-> HikariCPDatasource - Fill pool skipped, pool is at sufficient level.
2026-05-02 00:54:11 [DEBUG][com.zaxxer.hikari.pool.HikariPool][logPoolState][421]-> HikariCPDatasource - Before cleanup stats (total=5, active=0, idle=5, waiting=0)
2026-05-02 00:54:11 [DEBUG][com.zaxxer.hikari.pool.HikariPool][logPoolState][421]-> HikariCPDatasource - After cleanup  stats (total=5, active=0, idle=5, waiting=0)
2026-05-02 00:54:11 [DEBUG][com.zaxxer.hikari.pool.HikariPool][fillPool][518]-> HikariCPDatasource - Fill pool skipped, pool is at sufficient level.
2026-05-02 00:54:41 [DEBUG][com.zaxxer.hikari.pool.HikariPool][logPoolState][421]-> HikariCPDatasource - Before cleanup stats (total=5, active=0, idle=5, waiting=0)
2026-05-02 00:54:41 [DEBUG][com.zaxxer.hikari.pool.HikariPool][logPoolState][421]-> HikariCPDatasource - After cleanup  stats (total=5, active=0, idle=5, waiting=0)
2026-05-02 00:54:41 [DEBUG][com.zaxxer.hikari.pool.HikariPool][fillPool][518]-> HikariCPDatasource - Fill pool skipped, pool is at sufficient level.
2026-05-02 00:55:11 [DEBUG][com.zaxxer.hikari.pool.HikariPool][logPoolState][421]-> HikariCPDatasource - Before cleanup stats (total=5, active=0, idle=5, waiting=0)
2026-05-02 00:55:11 [DEBUG][com.zaxxer.hikari.pool.HikariPool][logPoolState][421]-> HikariCPDatasource - After cleanup  stats (total=5, active=0, idle=5, waiting=0)
2026-05-02 00:55:11 [DEBUG][com.zaxxer.hikari.pool.HikariPool][fillPool][518]-> HikariCPDatasource - Fill pool skipped, pool is at sufficient level.
2026-05-02 00:55:41 [DEBUG][com.zaxxer.hikari.pool.HikariPool][logPoolState][421]-> HikariCPDatasource - Before cleanup stats (total=5, active=0, idle=5, waiting=0)
2026-05-02 00:55:41 [DEBUG][com.zaxxer.hikari.pool.HikariPool][logPoolState][421]-> HikariCPDatasource - After cleanup  stats (total=5, active=0, idle=5, waiting=0)
2026-05-02 00:55:41 [DEBUG][com.zaxxer.hikari.pool.HikariPool][fillPool][518]-> HikariCPDatasource - Fill pool skipped, pool is at sufficient level.
2026-05-02 00:56:11 [DEBUG][com.zaxxer.hikari.pool.HikariPool][logPoolState][421]-> HikariCPDatasource - Before cleanup stats (total=5, active=0, idle=5, waiting=0)
2026-05-02 00:56:11 [DEBUG][com.zaxxer.hikari.pool.HikariPool][logPoolState][421]-> HikariCPDatasource - After cleanup  stats (total=5, active=0, idle=5, waiting=0)
2026-05-02 00:56:11 [DEBUG][com.zaxxer.hikari.pool.HikariPool][fillPool][518]-> HikariCPDatasource - Fill pool skipped, pool is at sufficient level.
2026-05-02 00:56:41 [DEBUG][com.zaxxer.hikari.pool.HikariPool][logPoolState][421]-> HikariCPDatasource - Before cleanup stats (total=5, active=0, idle=5, waiting=0)
2026-05-02 00:56:41 [DEBUG][com.zaxxer.hikari.pool.HikariPool][logPoolState][421]-> HikariCPDatasource - After cleanup  stats (total=5, active=0, idle=5, waiting=0)
2026-05-02 00:56:41 [DEBUG][com.zaxxer.hikari.pool.HikariPool][fillPool][518]-> HikariCPDatasource - Fill pool skipped, pool is at sufficient level.
2026-05-02 00:57:11 [DEBUG][com.zaxxer.hikari.pool.HikariPool][logPoolState][421]-> HikariCPDatasource - Before cleanup stats (total=5, active=0, idle=5, waiting=0)
2026-05-02 00:57:11 [DEBUG][com.zaxxer.hikari.pool.HikariPool][logPoolState][421]-> HikariCPDatasource - After cleanup  stats (total=5, active=0, idle=5, waiting=0)
2026-05-02 00:57:11 [DEBUG][com.zaxxer.hikari.pool.HikariPool][fillPool][518]-> HikariCPDatasource - Fill pool skipped, pool is at sufficient level.
2026-05-02 00:57:41 [DEBUG][com.zaxxer.hikari.pool.HikariPool][logPoolState][421]-> HikariCPDatasource - Before cleanup stats (total=5, active=0, idle=5, waiting=0)
2026-05-02 00:57:41 [DEBUG][com.zaxxer.hikari.pool.HikariPool][logPoolState][421]-> HikariCPDatasource - After cleanup  stats (total=5, active=0, idle=5, waiting=0)
2026-05-02 00:57:41 [DEBUG][com.zaxxer.hikari.pool.HikariPool][fillPool][518]-> HikariCPDatasource - Fill pool skipped, pool is at sufficient level.
2026-05-02 00:58:11 [DEBUG][com.zaxxer.hikari.pool.HikariPool][logPoolState][421]-> HikariCPDatasource - Before cleanup stats (total=5, active=0, idle=5, waiting=0)
2026-05-02 00:58:11 [DEBUG][com.zaxxer.hikari.pool.HikariPool][logPoolState][421]-> HikariCPDatasource - After cleanup  stats (total=5, active=0, idle=5, waiting=0)
2026-05-02 00:58:11 [DEBUG][com.zaxxer.hikari.pool.HikariPool][fillPool][518]-> HikariCPDatasource - Fill pool skipped, pool is at sufficient level.
2026-05-02 00:58:41 [DEBUG][com.zaxxer.hikari.pool.HikariPool][logPoolState][421]-> HikariCPDatasource - Before cleanup stats (total=5, active=0, idle=5, waiting=0)
2026-05-02 00:58:41 [DEBUG][com.zaxxer.hikari.pool.HikariPool][logPoolState][421]-> HikariCPDatasource - After cleanup  stats (total=5, active=0, idle=5, waiting=0)
2026-05-02 00:58:41 [DEBUG][com.zaxxer.hikari.pool.HikariPool][fillPool][518]-> HikariCPDatasource - Fill pool skipped, pool is at sufficient level.
2026-05-02 00:59:11 [DEBUG][com.zaxxer.hikari.pool.HikariPool][logPoolState][421]-> HikariCPDatasource - Before cleanup stats (total=5, active=0, idle=5, waiting=0)
2026-05-02 00:59:11 [DEBUG][com.zaxxer.hikari.pool.HikariPool][logPoolState][421]-> HikariCPDatasource - After cleanup  stats (total=5, active=0, idle=5, waiting=0)
2026-05-02 00:59:11 [DEBUG][com.zaxxer.hikari.pool.HikariPool][fillPool][518]-> HikariCPDatasource - Fill pool skipped, pool is at sufficient level.
2026-05-02 00:59:41 [DEBUG][com.zaxxer.hikari.pool.HikariPool][logPoolState][421]-> HikariCPDatasource - Before cleanup stats (total=5, active=0, idle=5, waiting=0)
2026-05-02 00:59:41 [DEBUG][com.zaxxer.hikari.pool.HikariPool][logPoolState][421]-> HikariCPDatasource - After cleanup  stats (total=5, active=0, idle=5, waiting=0)
2026-05-02 00:59:41 [DEBUG][com.zaxxer.hikari.pool.HikariPool][fillPool][518]-> HikariCPDatasource - Fill pool skipped, pool is at sufficient level.
2026-05-02 01:00:11 [DEBUG][com.zaxxer.hikari.pool.HikariPool][logPoolState][421]-> HikariCPDatasource - Before cleanup stats (total=5, active=0, idle=5, waiting=0)
2026-05-02 01:00:11 [DEBUG][com.zaxxer.hikari.pool.HikariPool][logPoolState][421]-> HikariCPDatasource - After cleanup  stats (total=5, active=0, idle=5, waiting=0)
2026-05-02 01:00:11 [DEBUG][com.zaxxer.hikari.pool.HikariPool][fillPool][518]-> HikariCPDatasource - Fill pool skipped, pool is at sufficient level.
2026-05-02 01:00:41 [DEBUG][com.zaxxer.hikari.pool.HikariPool][logPoolState][421]-> HikariCPDatasource - Before cleanup stats (total=5, active=0, idle=5, waiting=0)
2026-05-02 01:00:41 [DEBUG][com.zaxxer.hikari.pool.HikariPool][logPoolState][421]-> HikariCPDatasource - After cleanup  stats (total=5, active=0, idle=5, waiting=0)
2026-05-02 01:00:41 [DEBUG][com.zaxxer.hikari.pool.HikariPool][fillPool][518]-> HikariCPDatasource - Fill pool skipped, pool is at sufficient level.
2026-05-02 01:01:01 [DEBUG][com.zaxxer.hikari.pool.PoolBase][quietlyCloseConnection][134]-> HikariCPDatasource - Closing connection com.mysql.cj.jdbc.ConnectionImpl@104e9274: (connection has passed maxLifetime)
2026-05-02 01:01:01 [DEBUG][com.zaxxer.hikari.pool.HikariPool][call][729]-> HikariCPDatasource - Added connection com.mysql.cj.jdbc.ConnectionImpl@d7b7c27
2026-05-02 01:01:05 [DEBUG][com.zaxxer.hikari.pool.PoolBase][quietlyCloseConnection][134]-> HikariCPDatasource - Closing connection com.mysql.cj.jdbc.ConnectionImpl@6098fb0e: (connection has passed maxLifetime)
2026-05-02 01:01:05 [DEBUG][com.zaxxer.hikari.pool.HikariPool][call][729]-> HikariCPDatasource - Added connection com.mysql.cj.jdbc.ConnectionImpl@4c46761c
2026-05-02 01:01:06 [DEBUG][com.zaxxer.hikari.pool.PoolBase][quietlyCloseConnection][134]-> HikariCPDatasource - Closing connection com.mysql.cj.jdbc.ConnectionImpl@21a5f135: (connection has passed maxLifetime)
2026-05-02 01:01:06 [DEBUG][com.zaxxer.hikari.pool.HikariPool][call][729]-> HikariCPDatasource - Added connection com.mysql.cj.jdbc.ConnectionImpl@7dc09b34
2026-05-02 01:01:11 [DEBUG][com.zaxxer.hikari.pool.HikariPool][logPoolState][421]-> HikariCPDatasource - Before cleanup stats (total=5, active=0, idle=5, waiting=0)
2026-05-02 01:01:11 [DEBUG][com.zaxxer.hikari.pool.HikariPool][logPoolState][421]-> HikariCPDatasource - After cleanup  stats (total=5, active=0, idle=5, waiting=0)
2026-05-02 01:01:11 [DEBUG][com.zaxxer.hikari.pool.HikariPool][fillPool][518]-> HikariCPDatasource - Fill pool skipped, pool is at sufficient level.
2026-05-02 01:01:17 [DEBUG][com.zaxxer.hikari.pool.PoolBase][quietlyCloseConnection][134]-> HikariCPDatasource - Closing connection com.mysql.cj.jdbc.ConnectionImpl@418a0e7a: (connection has passed maxLifetime)
2026-05-02 01:01:18 [DEBUG][com.zaxxer.hikari.pool.HikariPool][call][729]-> HikariCPDatasource - Added connection com.mysql.cj.jdbc.ConnectionImpl@13638dec
2026-05-02 01:01:41 [DEBUG][com.zaxxer.hikari.pool.HikariPool][logPoolState][421]-> HikariCPDatasource - Before cleanup stats (total=5, active=0, idle=5, waiting=0)
2026-05-02 01:01:41 [DEBUG][com.zaxxer.hikari.pool.HikariPool][logPoolState][421]-> HikariCPDatasource - After cleanup  stats (total=5, active=0, idle=5, waiting=0)
2026-05-02 01:01:41 [DEBUG][com.zaxxer.hikari.pool.HikariPool][fillPool][518]-> HikariCPDatasource - Fill pool skipped, pool is at sufficient level.
2026-05-02 01:02:11 [DEBUG][com.zaxxer.hikari.pool.HikariPool][logPoolState][421]-> HikariCPDatasource - Before cleanup stats (total=5, active=0, idle=5, waiting=0)
2026-05-02 01:02:11 [DEBUG][com.zaxxer.hikari.pool.HikariPool][logPoolState][421]-> HikariCPDatasource - After cleanup  stats (total=5, active=0, idle=5, waiting=0)
2026-05-02 01:02:11 [DEBUG][com.zaxxer.hikari.pool.HikariPool][fillPool][518]-> HikariCPDatasource - Fill pool skipped, pool is at sufficient level.
2026-05-02 01:02:41 [DEBUG][com.zaxxer.hikari.pool.HikariPool][logPoolState][421]-> HikariCPDatasource - Before cleanup stats (total=5, active=0, idle=5, waiting=0)
2026-05-02 01:02:41 [DEBUG][com.zaxxer.hikari.pool.HikariPool][logPoolState][421]-> HikariCPDatasource - After cleanup  stats (total=5, active=0, idle=5, waiting=0)
2026-05-02 01:02:41 [DEBUG][com.zaxxer.hikari.pool.HikariPool][fillPool][518]-> HikariCPDatasource - Fill pool skipped, pool is at sufficient level.
2026-05-02 01:03:11 [DEBUG][com.zaxxer.hikari.pool.HikariPool][logPoolState][421]-> HikariCPDatasource - Before cleanup stats (total=5, active=0, idle=5, waiting=0)
2026-05-02 01:03:11 [DEBUG][com.zaxxer.hikari.pool.HikariPool][logPoolState][421]-> HikariCPDatasource - After cleanup  stats (total=5, active=0, idle=5, waiting=0)
2026-05-02 01:03:11 [DEBUG][com.zaxxer.hikari.pool.HikariPool][fillPool][518]-> HikariCPDatasource - Fill pool skipped, pool is at sufficient level.
2026-05-02 01:03:41 [DEBUG][com.zaxxer.hikari.pool.HikariPool][logPoolState][421]-> HikariCPDatasource - Before cleanup stats (total=5, active=0, idle=5, waiting=0)
2026-05-02 01:03:41 [DEBUG][com.zaxxer.hikari.pool.HikariPool][logPoolState][421]-> HikariCPDatasource - After cleanup  stats (total=5, active=0, idle=5, waiting=0)
2026-05-02 01:03:41 [DEBUG][com.zaxxer.hikari.pool.HikariPool][fillPool][518]-> HikariCPDatasource - Fill pool skipped, pool is at sufficient level.
2026-05-02 01:04:00 [DEBUG][org.springframework.context.annotation.ClassPathScanningCandidateComponentProvider][__scanCandidateComponents][435]-> Identified candidate component class: file [C:\Users\Luojun\Desktop\workspace\xcloud\xcloud-java\target\classes\com\njtech\xcloud\mappers\FileShareMapper.class]
2026-05-02 01:04:00 [DEBUG][org.springframework.context.annotation.ClassPathScanningCandidateComponentProvider][processBeanDefinitions][180]-> Creating MapperFactoryBean with name 'fileShareMapper' and 'com.njtech.xcloud.mappers.FileShareMapper' mapperInterface
2026-05-02 01:04:00 [DEBUG][org.springframework.context.annotation.ClassPathScanningCandidateComponentProvider][processBeanDefinitions][216]-> Enabling autowire by type for MapperFactoryBean with name 'fileShareMapper'.
2026-05-02 01:04:00 [WARN][org.springframework.context.annotation.ClassPathScanningCandidateComponentProvider][doScan][166]-> No MyBatis mapper was found in '[com.njtech.xcloud.mappers]' package. Please check your configuration.
2026-05-02 01:04:00 [INFO][org.springframework.data.repository.config.RepositoryConfigurationDelegate][registerRepositoriesIn][132]-> Bootstrapping Spring Data Redis repositories in DEFAULT mode.
2026-05-02 01:04:00 [DEBUG][org.springframework.data.repository.config.RepositoryConfigurationDelegate][registerRepositoriesIn][145]-> Scanning for Redis repositories in packages com.njtech.xcloud.
2026-05-02 01:04:00 [INFO][org.springframework.data.repository.config.RepositoryConfigurationDelegate][registerRepositoriesIn][201]-> Finished Spring Data repository scanning in 5 ms. Found 0 Redis repository interfaces.
2026-05-02 01:04:00 [DEBUG][org.springframework.context.annotation.ClassPathScanningCandidateComponentProvider][__scanCandidateComponents][435]-> Identified candidate component class: file [C:\Users\Luojun\Desktop\workspace\xcloud\xcloud-java\target\classes\com\njtech\xcloud\service\impl\FileShareServiceImpl.class]
2026-05-02 01:04:00 [DEBUG][org.springframework.context.annotation.ClassPathScanningCandidateComponentProvider][__scanCandidateComponents][435]-> Identified candidate component class: file [C:\Users\Luojun\Desktop\workspace\xcloud\xcloud-java\target\classes\com\njtech\xcloud\controller\FileShareController.class]
2026-05-02 01:04:00 [DEBUG][org.springframework.beans.factory.support.DefaultListableBeanFactory][getSingleton][225]-> Creating shared instance of singleton bean 'fileShareService'
2026-05-02 01:04:00 [DEBUG][org.springframework.beans.factory.support.DefaultListableBeanFactory][getSingleton][225]-> Creating shared instance of singleton bean 'fileShareMapper'
2026-05-02 01:04:00 [DEBUG][org.springframework.jmx.export.annotation.AnnotationMBeanExporter][registerBeans][541]-> Autodetecting user-defined JMX MBeans
2026-05-02 01:04:00 [DEBUG][org.springframework.jmx.export.annotation.AnnotationMBeanExporter][registerBeans][541]-> Autodetecting user-defined JMX MBeans
2026-05-02 01:04:00 [DEBUG][_org.springframework.web.servlet.HandlerMapping.Mappings][detectHandlerMethods][295]-> 
	c.n.x.c.FileShareController:
	{ [/share/cancelShare]}: cancelShare(HttpSession,String)
	{ [/share/shareFile]}: shareFile(HttpSession,String,Integer,Integer,String)
	{ [/share/loadShareList]}: loadShareList(HttpSession,FileShareQuery)
2026-05-02 01:04:00 [DEBUG][org.springframework.web.servlet.DispatcherServlet][initMultipartResolver][520]-> Detected StandardServletMultipartResolver
2026-05-02 01:04:00 [DEBUG][org.springframework.web.servlet.DispatcherServlet][initLocaleResolver][544]-> Detected AcceptHeaderLocaleResolver
2026-05-02 01:04:00 [DEBUG][org.springframework.web.servlet.DispatcherServlet][initThemeResolver][569]-> Detected FixedThemeResolver
2026-05-02 01:04:00 [DEBUG][org.springframework.web.servlet.DispatcherServlet][initRequestToViewNameTranslator][719]-> Detected org.springframework.web.servlet.view.DefaultRequestToViewNameTranslator@6c76ccc9
2026-05-02 01:04:00 [DEBUG][org.springframework.web.servlet.DispatcherServlet][initFlashMapManager][783]-> Detected org.springframework.web.servlet.support.SessionFlashMapManager@78b10ace
2026-05-02 01:04:00 [DEBUG][org.springframework.web.servlet.DispatcherServlet][traceDebug][108]-> GET "/api/getAvatar/2117787425?1777655039939", parameters={masked}
2026-05-02 01:04:00 [DEBUG][org.springframework.web.servlet.DispatcherServlet][traceDebug][108]-> POST "/api/share/loadShareList", parameters={multipart}
2026-05-02 01:04:00 [DEBUG][org.springframework.web.servlet.DispatcherServlet][traceDebug][108]-> POST "/api/getUseSpace", parameters={multipart}
2026-05-02 01:04:00 [DEBUG][org.springframework.web.servlet.mvc.method.annotation.RequestMappingHandlerMapping][getHandler][522]-> Mapped to com.njtech.xcloud.controller.UserInfoController#getAvatar(String, HttpServletResponse)
2026-05-02 01:04:00 [DEBUG][org.springframework.web.servlet.mvc.method.annotation.RequestMappingHandlerMapping][getHandler][522]-> Mapped to com.njtech.xcloud.controller.UserInfoController#getUseSpace(HttpSession)
2026-05-02 01:04:00 [DEBUG][org.springframework.web.servlet.mvc.method.annotation.RequestMappingHandlerMapping][getHandler][522]-> Mapped to com.njtech.xcloud.controller.FileShareController#loadShareList(HttpSession, FileShareQuery)
2026-05-02 01:04:00 [DEBUG][org.springframework.data.redis.core.RedisConnectionUtils][doGetConnection][143]-> Fetching Redis Connection from RedisConnectionFactory
2026-05-02 01:04:00 [DEBUG][io.lettuce.core.RedisChannelHandler][dispatch][175]-> dispatching command AsyncCommand [type=GET, output=ValueOutput [output=null, error='null'], commandType=io.lettuce.core.protocol.Command]
2026-05-02 01:04:00 [DEBUG][io.lettuce.core.protocol.DefaultEndpoint][channelWriteAndFlush][430]-> [channel=0x3f7163c9, /127.0.0.1:59190 -> /127.0.0.1:6379, epid=0x1] write() writeAndFlush command AsyncCommand [type=GET, output=ValueOutput [output=null, error='null'], commandType=io.lettuce.core.protocol.Command]
2026-05-02 01:04:00 [DEBUG][org.springframework.web.servlet.DispatcherServlet][logResult][1131]-> Completed 200 OK
2026-05-02 01:04:00 [DEBUG][io.lettuce.core.protocol.CommandHandler][write][383]-> [channel=0x3f7163c9, /127.0.0.1:59190 -> /127.0.0.1:6379, epid=0x1, chid=0x1] write(ctx, AsyncCommand [type=GET, output=ValueOutput [output=null, error='null'], commandType=io.lettuce.core.protocol.Command], promise)
2026-05-02 01:04:00 [DEBUG][io.lettuce.core.protocol.DefaultEndpoint][write][207]-> [channel=0x3f7163c9, /127.0.0.1:59190 -> /127.0.0.1:6379, epid=0x1] write() done
2026-05-02 01:04:00 [DEBUG][io.lettuce.core.protocol.CommandEncoder][encode][101]-> [channel=0x3f7163c9, /127.0.0.1:59190 -> /127.0.0.1:6379] writing command AsyncCommand [type=GET, output=ValueOutput [output=null, error='null'], commandType=io.lettuce.core.protocol.Command]
2026-05-02 01:04:00 [DEBUG][io.lettuce.core.protocol.CommandHandler][channelRead][577]-> [channel=0x3f7163c9, /127.0.0.1:59190 -> /127.0.0.1:6379, epid=0x1, chid=0x1] Received: 97 bytes, 1 commands in the stack
2026-05-02 01:04:00 [DEBUG][io.lettuce.core.protocol.CommandHandler][decode][651]-> [channel=0x3f7163c9, /127.0.0.1:59190 -> /127.0.0.1:6379, epid=0x1, chid=0x1] Stack contains: 1 commands
2026-05-02 01:04:00 [DEBUG][io.lettuce.core.protocol.RedisStateMachine][decode][298]-> Decode done, empty stack: true
2026-05-02 01:04:00 [DEBUG][io.lettuce.core.protocol.CommandHandler][decode][679]-> [channel=0x3f7163c9, /127.0.0.1:59190 -> /127.0.0.1:6379, epid=0x1, chid=0x1] Completing command AsyncCommand [type=GET, output=ValueOutput [output=[B@3eec5f65, error='null'], commandType=io.lettuce.core.protocol.Command]
2026-05-02 01:04:00 [DEBUG][org.springframework.data.redis.core.RedisConnectionUtils][doCloseConnection][389]-> Closing Redis Connection.
2026-05-02 01:04:00 [DEBUG][org.springframework.web.servlet.mvc.method.annotation.RequestResponseBodyMethodProcessor][writeWithMessageConverters][268]-> Using 'application/json', given [application/json, text/plain, */*] and supported [application/json, application/*+json, application/json, application/*+json]
2026-05-02 01:04:00 [DEBUG][org.springframework.web.servlet.mvc.method.annotation.RequestResponseBodyMethodProcessor][traceDebug][108]-> Writing [com.njtech.xcloud.entity.vo.ResponseVO@b7181cf]
2026-05-02 01:04:00 [DEBUG][org.springframework.web.servlet.DispatcherServlet][logResult][1131]-> Completed 200 OK
2026-05-02 01:04:00 [DEBUG][org.springframework.jdbc.datasource.DataSourceUtils][doGetConnection][116]-> Fetching JDBC Connection from DataSource
2026-05-02 01:04:00 [DEBUG][org.springframework.jdbc.datasource.DataSourceUtils][doGetConnection][116]-> Fetching JDBC Connection from DataSource
2026-05-02 01:04:00 [DEBUG][org.springframework.web.servlet.mvc.method.annotation.ExceptionHandlerExceptionResolver][doResolveHandlerMethodException][416]-> Using @ExceptionHandler com.njtech.xcloud.controller.AGlobalExceptionHandlerController#handleException(Exception, HttpServletRequest)
2026-05-02 01:04:00 [ERROR][com.njtech.xcloud.controller.AGlobalExceptionHandlerController][handleException][25]-> 请求错误，请求地址http://localhost:7090/api/share/loadShareList,错误信息:
java.lang.NullPointerException: null
	at com.njtech.xcloud.controller.FileShareController.loadShareList(FileShareController.java:69)
	at com.njtech.xcloud.controller.FileShareController$$FastClassByCGLIB$$1.invoke(<generated>)
	at org.springframework.cglib.proxy.MethodProxy.invoke(MethodProxy.java:218)
	at org.springframework.aop.framework.CglibAopProxy$CglibMethodInvocation.invokeJoinpoint(CglibAopProxy.java:783)
	at org.springframework.aop.framework.ReflectiveMethodInvocation.proceed(ReflectiveMethodInvocation.java:163)
	at org.springframework.aop.framework.CglibAopProxy$CglibMethodInvocation.proceed(CglibAopProxy.java:753)
	at org.springframework.aop.framework.adapter.MethodBeforeAdviceInterceptor.invoke(MethodBeforeAdviceInterceptor.java:58)
	at org.springframework.aop.framework.ReflectiveMethodInvocation.proceed(ReflectiveMethodInvocation.java:175)
	at org.springframework.aop.framework.CglibAopProxy$CglibMethodInvocation.proceed(CglibAopProxy.java:753)
	at org.springframework.aop.interceptor.ExposeInvocationInterceptor.invoke(ExposeInvocationInterceptor.java:97)
	at org.springframework.aop.framework.ReflectiveMethodInvocation.proceed(ReflectiveMethodInvocation.java:186)
	at org.springframework.aop.framework.CglibAopProxy$CglibMethodInvocation.proceed(CglibAopProxy.java:753)
	at org.springframework.aop.framework.CglibAopProxy$DynamicAdvisedInterceptor.intercept(CglibAopProxy.java:698)
	at com.njtech.xcloud.controller.FileShareController$$EnhancerBySpringCGLIB$$1.loadShareList(<generated>)
	at sun.reflect.NativeMethodAccessorImpl.invoke0(Native Method)
	at sun.reflect.NativeMethodAccessorImpl.invoke(NativeMethodAccessorImpl.java:62)
	at sun.reflect.DelegatingMethodAccessorImpl.invoke(DelegatingMethodAccessorImpl.java:43)
	at java.lang.reflect.Method.invoke(Method.java:498)
	at org.springframework.web.method.support.InvocableHandlerMethod.doInvoke(InvocableHandlerMethod.java:205)
	at org.springframework.web.method.support.InvocableHandlerMethod.invokeForRequest(InvocableHandlerMethod.java:150)
	at org.springframework.web.servlet.mvc.method.annotation.ServletInvocableHandlerMethod.invokeAndHandle(ServletInvocableHandlerMethod.java:117)
	at org.springframework.web.servlet.mvc.method.annotation.RequestMappingHandlerAdapter.invokeHandlerMethod(RequestMappingHandlerAdapter.java:895)
	at org.springframework.web.servlet.mvc.method.annotation.RequestMappingHandlerAdapter.handleInternal(RequestMappingHandlerAdapter.java:808)
	at org.springframework.web.servlet.mvc.method.AbstractHandlerMethodAdapter.handle(AbstractHandlerMethodAdapter.java:87)
	at org.springframework.web.servlet.DispatcherServlet.doDispatch(DispatcherServlet.java:1067)
	at org.springframework.web.servlet.DispatcherServlet.doService(DispatcherServlet.java:963)
	at org.springframework.web.servlet.FrameworkServlet.processRequest(FrameworkServlet.java:1006)
	at org.springframework.web.servlet.FrameworkServlet.doPost(FrameworkServlet.java:909)
	at javax.servlet.http.HttpServlet.service(HttpServlet.java:681)
	at org.springframework.web.servlet.FrameworkServlet.service(FrameworkServlet.java:883)
	at javax.servlet.http.HttpServlet.service(HttpServlet.java:764)
	at org.apache.catalina.core.ApplicationFilterChain.internalDoFilter(ApplicationFilterChain.java:227)
	at org.apache.catalina.core.ApplicationFilterChain.doFilter(ApplicationFilterChain.java:162)
	at org.apache.tomcat.websocket.server.WsFilter.doFilter(WsFilter.java:53)
	at org.apache.catalina.core.ApplicationFilterChain.internalDoFilter(ApplicationFilterChain.java:189)
	at org.apache.catalina.core.ApplicationFilterChain.doFilter(ApplicationFilterChain.java:162)
	at org.springframework.web.filter.RequestContextFilter.doFilterInternal(RequestContextFilter.java:100)
	at org.springframework.web.filter.OncePerRequestFilter.doFilter(OncePerRequestFilter.java:119)
	at org.apache.catalina.core.ApplicationFilterChain.internalDoFilter(ApplicationFilterChain.java:189)
	at org.apache.catalina.core.ApplicationFilterChain.doFilter(ApplicationFilterChain.java:162)
	at org.springframework.web.filter.FormContentFilter.doFilterInternal(FormContentFilter.java:93)
	at org.springframework.web.filter.OncePerRequestFilter.doFilter(OncePerRequestFilter.java:119)
	at org.apache.catalina.core.ApplicationFilterChain.internalDoFilter(ApplicationFilterChain.java:189)
	at org.apache.catalina.core.ApplicationFilterChain.doFilter(ApplicationFilterChain.java:162)
	at org.springframework.web.filter.CharacterEncodingFilter.doFilterInternal(CharacterEncodingFilter.java:201)
	at org.springframework.web.filter.OncePerRequestFilter.doFilter(OncePerRequestFilter.java:119)
	at org.apache.catalina.core.ApplicationFilterChain.internalDoFilter(ApplicationFilterChain.java:189)
	at org.apache.catalina.core.ApplicationFilterChain.doFilter(ApplicationFilterChain.java:162)
	at org.apache.catalina.core.StandardWrapperValve.invoke(StandardWrapperValve.java:197)
	at org.apache.catalina.core.StandardContextValve.__invoke(StandardContextValve.java:97)
	at org.apache.catalina.core.StandardContextValve.invoke(StandardContextValve.java:41002)
	at org.apache.catalina.authenticator.AuthenticatorBase.invoke(AuthenticatorBase.java:540)
	at org.apache.catalina.core.StandardHostValve.invoke(StandardHostValve.java:135)
	at org.apache.catalina.valves.ErrorReportValve.invoke(ErrorReportValve.java:92)
	at org.apache.catalina.core.StandardEngineValve.invoke(StandardEngineValve.java:78)
	at org.apache.catalina.connector.CoyoteAdapter.service(CoyoteAdapter.java:357)
	at org.apache.coyote.http11.Http11Processor.service(Http11Processor.java:382)
	at org.apache.coyote.AbstractProcessorLight.process(AbstractProcessorLight.java:65)
	at org.apache.coyote.AbstractProtocol$ConnectionHandler.process(AbstractProtocol.java:895)
	at org.apache.tomcat.util.net.NioEndpoint$SocketProcessor.doRun(NioEndpoint.java:1722)
	at org.apache.tomcat.util.net.SocketProcessorBase.run(SocketProcessorBase.java:49)
	at org.apache.tomcat.util.threads.ThreadPoolExecutor.runWorker(ThreadPoolExecutor.java:1191)
	at org.apache.tomcat.util.threads.ThreadPoolExecutor$Worker.run(ThreadPoolExecutor.java:659)
	at org.apache.tomcat.util.threads.TaskThread$WrappingRunnable.run(TaskThread.java:61)
	at java.lang.Thread.run(Thread.java:748)
2026-05-02 01:04:00 [DEBUG][org.springframework.web.servlet.mvc.method.annotation.RequestResponseBodyMethodProcessor][writeWithMessageConverters][268]-> Using 'application/json', given [application/json, text/plain, */*] and supported [application/json, application/*+json, application/json, application/*+json]
2026-05-02 01:04:00 [DEBUG][org.springframework.web.servlet.mvc.method.annotation.RequestResponseBodyMethodProcessor][traceDebug][108]-> Writing [com.njtech.xcloud.entity.vo.ResponseVO@1859bf92]
2026-05-02 01:04:00 [DEBUG][org.springframework.web.servlet.mvc.method.annotation.ExceptionHandlerExceptionResolver][resolveException][146]-> Resolved [java.lang.NullPointerException]
2026-05-02 01:04:00 [DEBUG][org.springframework.web.servlet.DispatcherServlet][logResult][1131]-> Completed 200 OK
2026-05-02 01:04:11 [DEBUG][com.zaxxer.hikari.pool.HikariPool][logPoolState][421]-> HikariCPDatasource - Before cleanup stats (total=5, active=0, idle=5, waiting=0)
2026-05-02 01:04:11 [DEBUG][com.zaxxer.hikari.pool.HikariPool][logPoolState][421]-> HikariCPDatasource - After cleanup  stats (total=5, active=0, idle=5, waiting=0)
2026-05-02 01:04:11 [DEBUG][com.zaxxer.hikari.pool.HikariPool][fillPool][518]-> HikariCPDatasource - Fill pool skipped, pool is at sufficient level.
2026-05-02 01:04:41 [DEBUG][com.zaxxer.hikari.pool.HikariPool][logPoolState][421]-> HikariCPDatasource - Before cleanup stats (total=5, active=0, idle=5, waiting=0)
2026-05-02 01:04:41 [DEBUG][com.zaxxer.hikari.pool.HikariPool][logPoolState][421]-> HikariCPDatasource - After cleanup  stats (total=5, active=0, idle=5, waiting=0)
2026-05-02 01:04:41 [DEBUG][com.zaxxer.hikari.pool.HikariPool][fillPool][518]-> HikariCPDatasource - Fill pool skipped, pool is at sufficient level.
2026-05-02 01:05:11 [DEBUG][com.zaxxer.hikari.pool.HikariPool][logPoolState][421]-> HikariCPDatasource - Before cleanup stats (total=5, active=0, idle=5, waiting=0)
2026-05-02 01:05:11 [DEBUG][com.zaxxer.hikari.pool.HikariPool][logPoolState][421]-> HikariCPDatasource - After cleanup  stats (total=5, active=0, idle=5, waiting=0)
2026-05-02 01:05:11 [DEBUG][com.zaxxer.hikari.pool.HikariPool][fillPool][518]-> HikariCPDatasource - Fill pool skipped, pool is at sufficient level.
2026-05-02 01:05:41 [DEBUG][com.zaxxer.hikari.pool.HikariPool][logPoolState][421]-> HikariCPDatasource - Before cleanup stats (total=5, active=0, idle=5, waiting=0)
2026-05-02 01:05:41 [DEBUG][com.zaxxer.hikari.pool.HikariPool][logPoolState][421]-> HikariCPDatasource - After cleanup  stats (total=5, active=0, idle=5, waiting=0)
2026-05-02 01:05:41 [DEBUG][com.zaxxer.hikari.pool.HikariPool][fillPool][518]-> HikariCPDatasource - Fill pool skipped, pool is at sufficient level.
2026-05-02 01:06:02 [WARN][org.springframework.context.annotation.ClassPathScanningCandidateComponentProvider][doScan][166]-> No MyBatis mapper was found in '[com.njtech.xcloud.mappers]' package. Please check your configuration.
2026-05-02 01:06:02 [WARN][org.springframework.context.annotation.ClassPathScanningCandidateComponentProvider][doScan][166]-> No MyBatis mapper was found in '[com.njtech.xcloud.mappers]' package. Please check your configuration.
2026-05-02 01:06:02 [INFO][org.springframework.data.repository.config.RepositoryConfigurationDelegate][registerRepositoriesIn][132]-> Bootstrapping Spring Data Redis repositories in DEFAULT mode.
2026-05-02 01:06:02 [DEBUG][org.springframework.data.repository.config.RepositoryConfigurationDelegate][registerRepositoriesIn][145]-> Scanning for Redis repositories in packages com.njtech.xcloud.
2026-05-02 01:06:02 [INFO][org.springframework.data.repository.config.RepositoryConfigurationDelegate][registerRepositoriesIn][201]-> Finished Spring Data repository scanning in 2 ms. Found 0 Redis repository interfaces.
2026-05-02 01:06:02 [DEBUG][org.springframework.context.annotation.ClassPathScanningCandidateComponentProvider][__scanCandidateComponents][435]-> Identified candidate component class: file [C:\Users\Luojun\Desktop\workspace\xcloud\xcloud-java\target\classes\com\njtech\xcloud\controller\FileShareController.class]
2026-05-02 01:06:02 [DEBUG][org.springframework.jmx.export.annotation.AnnotationMBeanExporter][registerBeans][541]-> Autodetecting user-defined JMX MBeans
2026-05-02 01:06:02 [DEBUG][_org.springframework.web.servlet.HandlerMapping.Mappings][detectHandlerMethods][295]-> 
	c.n.x.c.FileShareController:
	{ [/share/cancelShare]}: cancelShare(HttpSession,String)
	{ [/share/shareFile]}: shareFile(HttpSession,String,Integer,Integer,String)
	{ [/share/loadShareList]}: loadShareList(HttpSession,FileShareQuery)
2026-05-02 01:06:02 [DEBUG][org.springframework.web.servlet.DispatcherServlet][initMultipartResolver][520]-> Detected StandardServletMultipartResolver
2026-05-02 01:06:02 [DEBUG][org.springframework.web.servlet.DispatcherServlet][initLocaleResolver][544]-> Detected AcceptHeaderLocaleResolver
2026-05-02 01:06:02 [DEBUG][org.springframework.web.servlet.DispatcherServlet][initThemeResolver][569]-> Detected FixedThemeResolver
2026-05-02 01:06:02 [DEBUG][org.springframework.web.servlet.DispatcherServlet][initRequestToViewNameTranslator][719]-> Detected org.springframework.web.servlet.view.DefaultRequestToViewNameTranslator@6c76ccc9
2026-05-02 01:06:02 [DEBUG][org.springframework.web.servlet.DispatcherServlet][initFlashMapManager][783]-> Detected org.springframework.web.servlet.support.SessionFlashMapManager@78b10ace
2026-05-02 01:06:02 [DEBUG][org.springframework.web.servlet.DispatcherServlet][traceDebug][108]-> POST "/api/getUseSpace", parameters={multipart}
2026-05-02 01:06:02 [DEBUG][org.springframework.web.servlet.DispatcherServlet][traceDebug][108]-> POST "/api/share/loadShareList", parameters={multipart}
2026-05-02 01:06:02 [DEBUG][org.springframework.web.servlet.DispatcherServlet][traceDebug][108]-> GET "/api/getAvatar/2117787425?1777655162808", parameters={masked}
2026-05-02 01:06:02 [DEBUG][org.springframework.web.servlet.mvc.method.annotation.RequestMappingHandlerMapping][getHandler][522]-> Mapped to com.njtech.xcloud.controller.UserInfoController#getAvatar(String, HttpServletResponse)
2026-05-02 01:06:02 [DEBUG][org.springframework.web.servlet.mvc.method.annotation.RequestMappingHandlerMapping][getHandler][522]-> Mapped to com.njtech.xcloud.controller.UserInfoController#getUseSpace(HttpSession)
2026-05-02 01:06:02 [DEBUG][org.springframework.web.servlet.mvc.method.annotation.RequestMappingHandlerMapping][getHandler][522]-> Mapped to com.njtech.xcloud.controller.FileShareController#loadShareList(HttpSession, FileShareQuery)
2026-05-02 01:06:02 [DEBUG][org.springframework.data.redis.core.RedisConnectionUtils][doGetConnection][143]-> Fetching Redis Connection from RedisConnectionFactory
2026-05-02 01:06:02 [DEBUG][io.lettuce.core.RedisChannelHandler][dispatch][175]-> dispatching command AsyncCommand [type=GET, output=ValueOutput [output=null, error='null'], commandType=io.lettuce.core.protocol.Command]
2026-05-02 01:06:02 [DEBUG][io.lettuce.core.protocol.DefaultEndpoint][channelWriteAndFlush][430]-> [channel=0x3f7163c9, /127.0.0.1:59190 -> /127.0.0.1:6379, epid=0x1] write() writeAndFlush command AsyncCommand [type=GET, output=ValueOutput [output=null, error='null'], commandType=io.lettuce.core.protocol.Command]
2026-05-02 01:06:02 [DEBUG][io.lettuce.core.protocol.CommandHandler][write][383]-> [channel=0x3f7163c9, /127.0.0.1:59190 -> /127.0.0.1:6379, epid=0x1, chid=0x1] write(ctx, AsyncCommand [type=GET, output=ValueOutput [output=null, error='null'], commandType=io.lettuce.core.protocol.Command], promise)
2026-05-02 01:06:02 [DEBUG][io.lettuce.core.protocol.DefaultEndpoint][write][207]-> [channel=0x3f7163c9, /127.0.0.1:59190 -> /127.0.0.1:6379, epid=0x1] write() done
2026-05-02 01:06:02 [DEBUG][io.lettuce.core.protocol.CommandEncoder][encode][101]-> [channel=0x3f7163c9, /127.0.0.1:59190 -> /127.0.0.1:6379] writing command AsyncCommand [type=GET, output=ValueOutput [output=null, error='null'], commandType=io.lettuce.core.protocol.Command]
2026-05-02 01:06:02 [DEBUG][org.springframework.web.servlet.DispatcherServlet][logResult][1131]-> Completed 200 OK
2026-05-02 01:06:02 [DEBUG][io.lettuce.core.protocol.CommandHandler][channelRead][577]-> [channel=0x3f7163c9, /127.0.0.1:59190 -> /127.0.0.1:6379, epid=0x1, chid=0x1] Received: 97 bytes, 1 commands in the stack
2026-05-02 01:06:02 [DEBUG][io.lettuce.core.protocol.CommandHandler][decode][651]-> [channel=0x3f7163c9, /127.0.0.1:59190 -> /127.0.0.1:6379, epid=0x1, chid=0x1] Stack contains: 1 commands
2026-05-02 01:06:02 [DEBUG][io.lettuce.core.protocol.RedisStateMachine][decode][298]-> Decode done, empty stack: true
2026-05-02 01:06:02 [DEBUG][io.lettuce.core.protocol.CommandHandler][decode][679]-> [channel=0x3f7163c9, /127.0.0.1:59190 -> /127.0.0.1:6379, epid=0x1, chid=0x1] Completing command AsyncCommand [type=GET, output=ValueOutput [output=[B@d4b14bc, error='null'], commandType=io.lettuce.core.protocol.Command]
2026-05-02 01:06:02 [DEBUG][org.springframework.data.redis.core.RedisConnectionUtils][doCloseConnection][389]-> Closing Redis Connection.
2026-05-02 01:06:02 [DEBUG][org.springframework.web.servlet.mvc.method.annotation.RequestResponseBodyMethodProcessor][writeWithMessageConverters][268]-> Using 'application/json', given [application/json, text/plain, */*] and supported [application/json, application/*+json, application/json, application/*+json]
2026-05-02 01:06:02 [DEBUG][org.springframework.web.servlet.mvc.method.annotation.RequestResponseBodyMethodProcessor][traceDebug][108]-> Writing [com.njtech.xcloud.entity.vo.ResponseVO@221fd794]
2026-05-02 01:06:02 [DEBUG][org.springframework.web.servlet.DispatcherServlet][logResult][1131]-> Completed 200 OK
2026-05-02 01:06:02 [DEBUG][org.springframework.jdbc.datasource.DataSourceUtils][doGetConnection][116]-> Fetching JDBC Connection from DataSource
2026-05-02 01:06:02 [DEBUG][org.springframework.jdbc.datasource.DataSourceUtils][doGetConnection][116]-> Fetching JDBC Connection from DataSource
2026-05-02 01:06:02 [DEBUG][org.springframework.web.servlet.mvc.method.annotation.ExceptionHandlerExceptionResolver][doResolveHandlerMethodException][416]-> Using @ExceptionHandler com.njtech.xcloud.controller.AGlobalExceptionHandlerController#handleException(Exception, HttpServletRequest)
2026-05-02 01:06:02 [ERROR][com.njtech.xcloud.controller.AGlobalExceptionHandlerController][handleException][25]-> 请求错误，请求地址http://localhost:7090/api/share/loadShareList,错误信息:
java.lang.NullPointerException: null
	at com.njtech.xcloud.controller.FileShareController.loadShareList(FileShareController.java:69)
	at com.njtech.xcloud.controller.FileShareController$$FastClassByCGLIB$$1.invoke(<generated>)
	at org.springframework.cglib.proxy.MethodProxy.invoke(MethodProxy.java:218)
	at org.springframework.aop.framework.CglibAopProxy$CglibMethodInvocation.invokeJoinpoint(CglibAopProxy.java:783)
	at org.springframework.aop.framework.ReflectiveMethodInvocation.proceed(ReflectiveMethodInvocation.java:163)
	at org.springframework.aop.framework.CglibAopProxy$CglibMethodInvocation.proceed(CglibAopProxy.java:753)
	at org.springframework.aop.framework.adapter.MethodBeforeAdviceInterceptor.invoke(MethodBeforeAdviceInterceptor.java:58)
	at org.springframework.aop.framework.ReflectiveMethodInvocation.proceed(ReflectiveMethodInvocation.java:175)
	at org.springframework.aop.framework.CglibAopProxy$CglibMethodInvocation.proceed(CglibAopProxy.java:753)
	at org.springframework.aop.interceptor.ExposeInvocationInterceptor.invoke(ExposeInvocationInterceptor.java:97)
	at org.springframework.aop.framework.ReflectiveMethodInvocation.proceed(ReflectiveMethodInvocation.java:186)
	at org.springframework.aop.framework.CglibAopProxy$CglibMethodInvocation.proceed(CglibAopProxy.java:753)
	at org.springframework.aop.framework.CglibAopProxy$DynamicAdvisedInterceptor.intercept(CglibAopProxy.java:698)
	at com.njtech.xcloud.controller.FileShareController$$EnhancerBySpringCGLIB$$1.loadShareList(<generated>)
	at sun.reflect.NativeMethodAccessorImpl.invoke0(Native Method)
	at sun.reflect.NativeMethodAccessorImpl.invoke(NativeMethodAccessorImpl.java:62)
	at sun.reflect.DelegatingMethodAccessorImpl.invoke(DelegatingMethodAccessorImpl.java:43)
	at java.lang.reflect.Method.invoke(Method.java:498)
	at org.springframework.web.method.support.InvocableHandlerMethod.doInvoke(InvocableHandlerMethod.java:205)
	at org.springframework.web.method.support.InvocableHandlerMethod.invokeForRequest(InvocableHandlerMethod.java:150)
	at org.springframework.web.servlet.mvc.method.annotation.ServletInvocableHandlerMethod.invokeAndHandle(ServletInvocableHandlerMethod.java:117)
	at org.springframework.web.servlet.mvc.method.annotation.RequestMappingHandlerAdapter.invokeHandlerMethod(RequestMappingHandlerAdapter.java:895)
	at org.springframework.web.servlet.mvc.method.annotation.RequestMappingHandlerAdapter.handleInternal(RequestMappingHandlerAdapter.java:808)
	at org.springframework.web.servlet.mvc.method.AbstractHandlerMethodAdapter.handle(AbstractHandlerMethodAdapter.java:87)
	at org.springframework.web.servlet.DispatcherServlet.doDispatch(DispatcherServlet.java:1067)
	at org.springframework.web.servlet.DispatcherServlet.doService(DispatcherServlet.java:963)
	at org.springframework.web.servlet.FrameworkServlet.processRequest(FrameworkServlet.java:1006)
	at org.springframework.web.servlet.FrameworkServlet.doPost(FrameworkServlet.java:909)
	at javax.servlet.http.HttpServlet.service(HttpServlet.java:681)
	at org.springframework.web.servlet.FrameworkServlet.service(FrameworkServlet.java:883)
	at javax.servlet.http.HttpServlet.service(HttpServlet.java:764)
	at org.apache.catalina.core.ApplicationFilterChain.internalDoFilter(ApplicationFilterChain.java:227)
	at org.apache.catalina.core.ApplicationFilterChain.doFilter(ApplicationFilterChain.java:162)
	at org.apache.tomcat.websocket.server.WsFilter.doFilter(WsFilter.java:53)
	at org.apache.catalina.core.ApplicationFilterChain.internalDoFilter(ApplicationFilterChain.java:189)
	at org.apache.catalina.core.ApplicationFilterChain.doFilter(ApplicationFilterChain.java:162)
	at org.springframework.web.filter.RequestContextFilter.doFilterInternal(RequestContextFilter.java:100)
	at org.springframework.web.filter.OncePerRequestFilter.doFilter(OncePerRequestFilter.java:119)
	at org.apache.catalina.core.ApplicationFilterChain.internalDoFilter(ApplicationFilterChain.java:189)
	at org.apache.catalina.core.ApplicationFilterChain.doFilter(ApplicationFilterChain.java:162)
	at org.springframework.web.filter.FormContentFilter.doFilterInternal(FormContentFilter.java:93)
	at org.springframework.web.filter.OncePerRequestFilter.doFilter(OncePerRequestFilter.java:119)
	at org.apache.catalina.core.ApplicationFilterChain.internalDoFilter(ApplicationFilterChain.java:189)
	at org.apache.catalina.core.ApplicationFilterChain.doFilter(ApplicationFilterChain.java:162)
	at org.springframework.web.filter.CharacterEncodingFilter.doFilterInternal(CharacterEncodingFilter.java:201)
	at org.springframework.web.filter.OncePerRequestFilter.doFilter(OncePerRequestFilter.java:119)
	at org.apache.catalina.core.ApplicationFilterChain.internalDoFilter(ApplicationFilterChain.java:189)
	at org.apache.catalina.core.ApplicationFilterChain.doFilter(ApplicationFilterChain.java:162)
	at org.apache.catalina.core.StandardWrapperValve.invoke(StandardWrapperValve.java:197)
	at org.apache.catalina.core.StandardContextValve.__invoke(StandardContextValve.java:97)
	at org.apache.catalina.core.StandardContextValve.invoke(StandardContextValve.java:41002)
	at org.apache.catalina.authenticator.AuthenticatorBase.invoke(AuthenticatorBase.java:540)
	at org.apache.catalina.core.StandardHostValve.invoke(StandardHostValve.java:135)
	at org.apache.catalina.valves.ErrorReportValve.invoke(ErrorReportValve.java:92)
	at org.apache.catalina.core.StandardEngineValve.invoke(StandardEngineValve.java:78)
	at org.apache.catalina.connector.CoyoteAdapter.service(CoyoteAdapter.java:357)
	at org.apache.coyote.http11.Http11Processor.service(Http11Processor.java:382)
	at org.apache.coyote.AbstractProcessorLight.process(AbstractProcessorLight.java:65)
	at org.apache.coyote.AbstractProtocol$ConnectionHandler.process(AbstractProtocol.java:895)
	at org.apache.tomcat.util.net.NioEndpoint$SocketProcessor.doRun(NioEndpoint.java:1722)
	at org.apache.tomcat.util.net.SocketProcessorBase.run(SocketProcessorBase.java:49)
	at org.apache.tomcat.util.threads.ThreadPoolExecutor.runWorker(ThreadPoolExecutor.java:1191)
	at org.apache.tomcat.util.threads.ThreadPoolExecutor$Worker.run(ThreadPoolExecutor.java:659)
	at org.apache.tomcat.util.threads.TaskThread$WrappingRunnable.run(TaskThread.java:61)
	at java.lang.Thread.run(Thread.java:748)
2026-05-02 01:06:02 [DEBUG][org.springframework.web.servlet.mvc.method.annotation.RequestResponseBodyMethodProcessor][writeWithMessageConverters][268]-> Using 'application/json', given [application/json, text/plain, */*] and supported [application/json, application/*+json, application/json, application/*+json]
2026-05-02 01:06:02 [DEBUG][org.springframework.web.servlet.mvc.method.annotation.RequestResponseBodyMethodProcessor][traceDebug][108]-> Writing [com.njtech.xcloud.entity.vo.ResponseVO@2e0c5a4f]
2026-05-02 01:06:02 [DEBUG][org.springframework.web.servlet.mvc.method.annotation.ExceptionHandlerExceptionResolver][resolveException][146]-> Resolved [java.lang.NullPointerException]
2026-05-02 01:06:02 [DEBUG][org.springframework.web.servlet.DispatcherServlet][logResult][1131]-> Completed 200 OK
2026-05-02 01:06:11 [DEBUG][com.zaxxer.hikari.pool.HikariPool][logPoolState][421]-> HikariCPDatasource - Before cleanup stats (total=5, active=0, idle=5, waiting=0)
2026-05-02 01:06:11 [DEBUG][com.zaxxer.hikari.pool.HikariPool][logPoolState][421]-> HikariCPDatasource - After cleanup  stats (total=5, active=0, idle=5, waiting=0)
2026-05-02 01:06:11 [DEBUG][com.zaxxer.hikari.pool.HikariPool][fillPool][518]-> HikariCPDatasource - Fill pool skipped, pool is at sufficient level.
2026-05-02 01:06:25 [WARN][org.springframework.context.annotation.ClassPathScanningCandidateComponentProvider][doScan][166]-> No MyBatis mapper was found in '[com.njtech.xcloud.mappers]' package. Please check your configuration.
2026-05-02 01:06:25 [WARN][org.springframework.context.annotation.ClassPathScanningCandidateComponentProvider][doScan][166]-> No MyBatis mapper was found in '[com.njtech.xcloud.mappers]' package. Please check your configuration.
2026-05-02 01:06:25 [INFO][org.springframework.data.repository.config.RepositoryConfigurationDelegate][registerRepositoriesIn][132]-> Bootstrapping Spring Data Redis repositories in DEFAULT mode.
2026-05-02 01:06:25 [DEBUG][org.springframework.data.repository.config.RepositoryConfigurationDelegate][registerRepositoriesIn][145]-> Scanning for Redis repositories in packages com.njtech.xcloud.
2026-05-02 01:06:25 [INFO][org.springframework.data.repository.config.RepositoryConfigurationDelegate][registerRepositoriesIn][201]-> Finished Spring Data repository scanning in 2 ms. Found 0 Redis repository interfaces.
2026-05-02 01:06:25 [DEBUG][org.springframework.context.annotation.ClassPathScanningCandidateComponentProvider][__scanCandidateComponents][435]-> Identified candidate component class: file [C:\Users\Luojun\Desktop\workspace\xcloud\xcloud-java\target\classes\com\njtech\xcloud\controller\FileShareController.class]
2026-05-02 01:06:25 [DEBUG][org.springframework.jmx.export.annotation.AnnotationMBeanExporter][registerBeans][541]-> Autodetecting user-defined JMX MBeans
2026-05-02 01:06:25 [DEBUG][_org.springframework.web.servlet.HandlerMapping.Mappings][detectHandlerMethods][295]-> 
	c.n.x.c.FileShareController:
	{ [/share/cancelShare]}: cancelShare(HttpSession,String)
	{ [/share/shareFile]}: shareFile(HttpSession,String,Integer,Integer,String)
	{ [/share/loadShareList]}: loadShareList(HttpSession,FileShareQuery)
2026-05-02 01:06:25 [DEBUG][org.springframework.web.servlet.DispatcherServlet][initMultipartResolver][520]-> Detected StandardServletMultipartResolver
2026-05-02 01:06:25 [DEBUG][org.springframework.web.servlet.DispatcherServlet][initLocaleResolver][544]-> Detected AcceptHeaderLocaleResolver
2026-05-02 01:06:25 [DEBUG][org.springframework.web.servlet.DispatcherServlet][initThemeResolver][569]-> Detected FixedThemeResolver
2026-05-02 01:06:25 [DEBUG][org.springframework.web.servlet.DispatcherServlet][initRequestToViewNameTranslator][719]-> Detected org.springframework.web.servlet.view.DefaultRequestToViewNameTranslator@6c76ccc9
2026-05-02 01:06:25 [DEBUG][org.springframework.web.servlet.DispatcherServlet][initFlashMapManager][783]-> Detected org.springframework.web.servlet.support.SessionFlashMapManager@78b10ace
2026-05-02 01:06:25 [DEBUG][org.springframework.web.servlet.DispatcherServlet][traceDebug][108]-> POST "/api/getUseSpace", parameters={multipart}
2026-05-02 01:06:25 [DEBUG][org.springframework.web.servlet.DispatcherServlet][traceDebug][108]-> POST "/api/share/loadShareList", parameters={multipart}
2026-05-02 01:06:25 [DEBUG][org.springframework.web.servlet.DispatcherServlet][traceDebug][108]-> GET "/api/getAvatar/2117787425?1777655184982", parameters={masked}
2026-05-02 01:06:25 [DEBUG][org.springframework.web.servlet.mvc.method.annotation.RequestMappingHandlerMapping][getHandler][522]-> Mapped to com.njtech.xcloud.controller.UserInfoController#getAvatar(String, HttpServletResponse)
2026-05-02 01:06:25 [DEBUG][org.springframework.web.servlet.mvc.method.annotation.RequestMappingHandlerMapping][getHandler][522]-> Mapped to com.njtech.xcloud.controller.UserInfoController#getUseSpace(HttpSession)
2026-05-02 01:06:25 [DEBUG][org.springframework.web.servlet.mvc.method.annotation.RequestMappingHandlerMapping][getHandler][522]-> Mapped to com.njtech.xcloud.controller.FileShareController#loadShareList(HttpSession, FileShareQuery)
2026-05-02 01:06:25 [DEBUG][org.springframework.data.redis.core.RedisConnectionUtils][doGetConnection][143]-> Fetching Redis Connection from RedisConnectionFactory
2026-05-02 01:06:25 [DEBUG][io.lettuce.core.RedisChannelHandler][dispatch][175]-> dispatching command AsyncCommand [type=GET, output=ValueOutput [output=null, error='null'], commandType=io.lettuce.core.protocol.Command]
2026-05-02 01:06:25 [DEBUG][io.lettuce.core.protocol.DefaultEndpoint][channelWriteAndFlush][430]-> [channel=0x3f7163c9, /127.0.0.1:59190 -> /127.0.0.1:6379, epid=0x1] write() writeAndFlush command AsyncCommand [type=GET, output=ValueOutput [output=null, error='null'], commandType=io.lettuce.core.protocol.Command]
2026-05-02 01:06:25 [DEBUG][org.springframework.web.servlet.DispatcherServlet][logResult][1131]-> Completed 200 OK
2026-05-02 01:06:25 [DEBUG][io.lettuce.core.protocol.CommandHandler][write][383]-> [channel=0x3f7163c9, /127.0.0.1:59190 -> /127.0.0.1:6379, epid=0x1, chid=0x1] write(ctx, AsyncCommand [type=GET, output=ValueOutput [output=null, error='null'], commandType=io.lettuce.core.protocol.Command], promise)
2026-05-02 01:06:25 [DEBUG][io.lettuce.core.protocol.DefaultEndpoint][write][207]-> [channel=0x3f7163c9, /127.0.0.1:59190 -> /127.0.0.1:6379, epid=0x1] write() done
2026-05-02 01:06:25 [DEBUG][io.lettuce.core.protocol.CommandEncoder][encode][101]-> [channel=0x3f7163c9, /127.0.0.1:59190 -> /127.0.0.1:6379] writing command AsyncCommand [type=GET, output=ValueOutput [output=null, error='null'], commandType=io.lettuce.core.protocol.Command]
2026-05-02 01:06:25 [DEBUG][io.lettuce.core.protocol.CommandHandler][channelRead][577]-> [channel=0x3f7163c9, /127.0.0.1:59190 -> /127.0.0.1:6379, epid=0x1, chid=0x1] Received: 97 bytes, 1 commands in the stack
2026-05-02 01:06:25 [DEBUG][io.lettuce.core.protocol.CommandHandler][decode][651]-> [channel=0x3f7163c9, /127.0.0.1:59190 -> /127.0.0.1:6379, epid=0x1, chid=0x1] Stack contains: 1 commands
2026-05-02 01:06:25 [DEBUG][io.lettuce.core.protocol.RedisStateMachine][decode][298]-> Decode done, empty stack: true
2026-05-02 01:06:25 [DEBUG][io.lettuce.core.protocol.CommandHandler][decode][679]-> [channel=0x3f7163c9, /127.0.0.1:59190 -> /127.0.0.1:6379, epid=0x1, chid=0x1] Completing command AsyncCommand [type=GET, output=ValueOutput [output=[B@5c7d93d4, error='null'], commandType=io.lettuce.core.protocol.Command]
2026-05-02 01:06:25 [DEBUG][org.springframework.data.redis.core.RedisConnectionUtils][doCloseConnection][389]-> Closing Redis Connection.
2026-05-02 01:06:25 [DEBUG][org.springframework.web.servlet.mvc.method.annotation.RequestResponseBodyMethodProcessor][writeWithMessageConverters][268]-> Using 'application/json', given [application/json, text/plain, */*] and supported [application/json, application/*+json, application/json, application/*+json]
2026-05-02 01:06:25 [DEBUG][org.springframework.web.servlet.mvc.method.annotation.RequestResponseBodyMethodProcessor][traceDebug][108]-> Writing [com.njtech.xcloud.entity.vo.ResponseVO@79343c42]
2026-05-02 01:06:25 [DEBUG][org.springframework.web.servlet.DispatcherServlet][logResult][1131]-> Completed 200 OK
2026-05-02 01:06:25 [DEBUG][org.springframework.jdbc.datasource.DataSourceUtils][doGetConnection][116]-> Fetching JDBC Connection from DataSource
2026-05-02 01:06:25 [DEBUG][org.springframework.jdbc.datasource.DataSourceUtils][doGetConnection][116]-> Fetching JDBC Connection from DataSource
2026-05-02 01:06:25 [DEBUG][org.springframework.web.servlet.mvc.method.annotation.ExceptionHandlerExceptionResolver][doResolveHandlerMethodException][416]-> Using @ExceptionHandler com.njtech.xcloud.controller.AGlobalExceptionHandlerController#handleException(Exception, HttpServletRequest)
2026-05-02 01:06:25 [ERROR][com.njtech.xcloud.controller.AGlobalExceptionHandlerController][handleException][25]-> 请求错误，请求地址http://localhost:7090/api/share/loadShareList,错误信息:
java.lang.NullPointerException: null
	at com.njtech.xcloud.controller.FileShareController.loadShareList(FileShareController.java:69)
	at com.njtech.xcloud.controller.FileShareController$$FastClassByCGLIB$$1.invoke(<generated>)
	at org.springframework.cglib.proxy.MethodProxy.invoke(MethodProxy.java:218)
	at org.springframework.aop.framework.CglibAopProxy$CglibMethodInvocation.invokeJoinpoint(CglibAopProxy.java:783)
	at org.springframework.aop.framework.ReflectiveMethodInvocation.proceed(ReflectiveMethodInvocation.java:163)
	at org.springframework.aop.framework.CglibAopProxy$CglibMethodInvocation.proceed(CglibAopProxy.java:753)
	at org.springframework.aop.framework.adapter.MethodBeforeAdviceInterceptor.invoke(MethodBeforeAdviceInterceptor.java:58)
	at org.springframework.aop.framework.ReflectiveMethodInvocation.proceed(ReflectiveMethodInvocation.java:175)
	at org.springframework.aop.framework.CglibAopProxy$CglibMethodInvocation.proceed(CglibAopProxy.java:753)
	at org.springframework.aop.interceptor.ExposeInvocationInterceptor.invoke(ExposeInvocationInterceptor.java:97)
	at org.springframework.aop.framework.ReflectiveMethodInvocation.proceed(ReflectiveMethodInvocation.java:186)
	at org.springframework.aop.framework.CglibAopProxy$CglibMethodInvocation.proceed(CglibAopProxy.java:753)
	at org.springframework.aop.framework.CglibAopProxy$DynamicAdvisedInterceptor.intercept(CglibAopProxy.java:698)
	at com.njtech.xcloud.controller.FileShareController$$EnhancerBySpringCGLIB$$1.loadShareList(<generated>)
	at sun.reflect.NativeMethodAccessorImpl.invoke0(Native Method)
	at sun.reflect.NativeMethodAccessorImpl.invoke(NativeMethodAccessorImpl.java:62)
	at sun.reflect.DelegatingMethodAccessorImpl.invoke(DelegatingMethodAccessorImpl.java:43)
	at java.lang.reflect.Method.invoke(Method.java:498)
	at org.springframework.web.method.support.InvocableHandlerMethod.doInvoke(InvocableHandlerMethod.java:205)
	at org.springframework.web.method.support.InvocableHandlerMethod.invokeForRequest(InvocableHandlerMethod.java:150)
	at org.springframework.web.servlet.mvc.method.annotation.ServletInvocableHandlerMethod.invokeAndHandle(ServletInvocableHandlerMethod.java:117)
	at org.springframework.web.servlet.mvc.method.annotation.RequestMappingHandlerAdapter.invokeHandlerMethod(RequestMappingHandlerAdapter.java:895)
	at org.springframework.web.servlet.mvc.method.annotation.RequestMappingHandlerAdapter.handleInternal(RequestMappingHandlerAdapter.java:808)
	at org.springframework.web.servlet.mvc.method.AbstractHandlerMethodAdapter.handle(AbstractHandlerMethodAdapter.java:87)
	at org.springframework.web.servlet.DispatcherServlet.doDispatch(DispatcherServlet.java:1067)
	at org.springframework.web.servlet.DispatcherServlet.doService(DispatcherServlet.java:963)
	at org.springframework.web.servlet.FrameworkServlet.processRequest(FrameworkServlet.java:1006)
	at org.springframework.web.servlet.FrameworkServlet.doPost(FrameworkServlet.java:909)
	at javax.servlet.http.HttpServlet.service(HttpServlet.java:681)
	at org.springframework.web.servlet.FrameworkServlet.service(FrameworkServlet.java:883)
	at javax.servlet.http.HttpServlet.service(HttpServlet.java:764)
	at org.apache.catalina.core.ApplicationFilterChain.internalDoFilter(ApplicationFilterChain.java:227)
	at org.apache.catalina.core.ApplicationFilterChain.doFilter(ApplicationFilterChain.java:162)
	at org.apache.tomcat.websocket.server.WsFilter.doFilter(WsFilter.java:53)
	at org.apache.catalina.core.ApplicationFilterChain.internalDoFilter(ApplicationFilterChain.java:189)
	at org.apache.catalina.core.ApplicationFilterChain.doFilter(ApplicationFilterChain.java:162)
	at org.springframework.web.filter.RequestContextFilter.doFilterInternal(RequestContextFilter.java:100)
	at org.springframework.web.filter.OncePerRequestFilter.doFilter(OncePerRequestFilter.java:119)
	at org.apache.catalina.core.ApplicationFilterChain.internalDoFilter(ApplicationFilterChain.java:189)
	at org.apache.catalina.core.ApplicationFilterChain.doFilter(ApplicationFilterChain.java:162)
	at org.springframework.web.filter.FormContentFilter.doFilterInternal(FormContentFilter.java:93)
	at org.springframework.web.filter.OncePerRequestFilter.doFilter(OncePerRequestFilter.java:119)
	at org.apache.catalina.core.ApplicationFilterChain.internalDoFilter(ApplicationFilterChain.java:189)
	at org.apache.catalina.core.ApplicationFilterChain.doFilter(ApplicationFilterChain.java:162)
	at org.springframework.web.filter.CharacterEncodingFilter.doFilterInternal(CharacterEncodingFilter.java:201)
	at org.springframework.web.filter.OncePerRequestFilter.doFilter(OncePerRequestFilter.java:119)
	at org.apache.catalina.core.ApplicationFilterChain.internalDoFilter(ApplicationFilterChain.java:189)
	at org.apache.catalina.core.ApplicationFilterChain.doFilter(ApplicationFilterChain.java:162)
	at org.apache.catalina.core.StandardWrapperValve.invoke(StandardWrapperValve.java:197)
	at org.apache.catalina.core.StandardContextValve.__invoke(StandardContextValve.java:97)
	at org.apache.catalina.core.StandardContextValve.invoke(StandardContextValve.java:41002)
	at org.apache.catalina.authenticator.AuthenticatorBase.invoke(AuthenticatorBase.java:540)
	at org.apache.catalina.core.StandardHostValve.invoke(StandardHostValve.java:135)
	at org.apache.catalina.valves.ErrorReportValve.invoke(ErrorReportValve.java:92)
	at org.apache.catalina.core.StandardEngineValve.invoke(StandardEngineValve.java:78)
	at org.apache.catalina.connector.CoyoteAdapter.service(CoyoteAdapter.java:357)
	at org.apache.coyote.http11.Http11Processor.service(Http11Processor.java:382)
	at org.apache.coyote.AbstractProcessorLight.process(AbstractProcessorLight.java:65)
	at org.apache.coyote.AbstractProtocol$ConnectionHandler.process(AbstractProtocol.java:895)
	at org.apache.tomcat.util.net.NioEndpoint$SocketProcessor.doRun(NioEndpoint.java:1722)
	at org.apache.tomcat.util.net.SocketProcessorBase.run(SocketProcessorBase.java:49)
	at org.apache.tomcat.util.threads.ThreadPoolExecutor.runWorker(ThreadPoolExecutor.java:1191)
	at org.apache.tomcat.util.threads.ThreadPoolExecutor$Worker.run(ThreadPoolExecutor.java:659)
	at org.apache.tomcat.util.threads.TaskThread$WrappingRunnable.run(TaskThread.java:61)
	at java.lang.Thread.run(Thread.java:748)
2026-05-02 01:06:25 [DEBUG][org.springframework.web.servlet.mvc.method.annotation.RequestResponseBodyMethodProcessor][writeWithMessageConverters][268]-> Using 'application/json', given [application/json, text/plain, */*] and supported [application/json, application/*+json, application/json, application/*+json]
2026-05-02 01:06:25 [DEBUG][org.springframework.web.servlet.mvc.method.annotation.RequestResponseBodyMethodProcessor][traceDebug][108]-> Writing [com.njtech.xcloud.entity.vo.ResponseVO@4d6d064f]
2026-05-02 01:06:25 [DEBUG][org.springframework.web.servlet.mvc.method.annotation.ExceptionHandlerExceptionResolver][resolveException][146]-> Resolved [java.lang.NullPointerException]
2026-05-02 01:06:25 [DEBUG][org.springframework.web.servlet.DispatcherServlet][logResult][1131]-> Completed 200 OK
2026-05-02 01:06:41 [DEBUG][com.zaxxer.hikari.pool.HikariPool][logPoolState][421]-> HikariCPDatasource - Before cleanup stats (total=5, active=0, idle=5, waiting=0)
2026-05-02 01:06:41 [DEBUG][com.zaxxer.hikari.pool.HikariPool][logPoolState][421]-> HikariCPDatasource - After cleanup  stats (total=5, active=0, idle=5, waiting=0)
2026-05-02 01:06:41 [DEBUG][com.zaxxer.hikari.pool.HikariPool][fillPool][518]-> HikariCPDatasource - Fill pool skipped, pool is at sufficient level.
2026-05-02 01:07:11 [DEBUG][com.zaxxer.hikari.pool.HikariPool][logPoolState][421]-> HikariCPDatasource - Before cleanup stats (total=5, active=0, idle=5, waiting=0)
2026-05-02 01:07:11 [DEBUG][com.zaxxer.hikari.pool.HikariPool][logPoolState][421]-> HikariCPDatasource - After cleanup  stats (total=5, active=0, idle=5, waiting=0)
2026-05-02 01:07:11 [DEBUG][com.zaxxer.hikari.pool.HikariPool][fillPool][518]-> HikariCPDatasource - Fill pool skipped, pool is at sufficient level.
2026-05-02 01:07:41 [DEBUG][com.zaxxer.hikari.pool.HikariPool][logPoolState][421]-> HikariCPDatasource - Before cleanup stats (total=5, active=0, idle=5, waiting=0)
2026-05-02 01:07:41 [DEBUG][com.zaxxer.hikari.pool.HikariPool][logPoolState][421]-> HikariCPDatasource - After cleanup  stats (total=5, active=0, idle=5, waiting=0)
2026-05-02 01:07:41 [DEBUG][com.zaxxer.hikari.pool.HikariPool][fillPool][518]-> HikariCPDatasource - Fill pool skipped, pool is at sufficient level.
2026-05-02 01:08:11 [DEBUG][com.zaxxer.hikari.pool.HikariPool][logPoolState][421]-> HikariCPDatasource - Before cleanup stats (total=5, active=0, idle=5, waiting=0)
2026-05-02 01:08:11 [DEBUG][com.zaxxer.hikari.pool.HikariPool][logPoolState][421]-> HikariCPDatasource - After cleanup  stats (total=5, active=0, idle=5, waiting=0)
2026-05-02 01:08:11 [DEBUG][com.zaxxer.hikari.pool.HikariPool][fillPool][518]-> HikariCPDatasource - Fill pool skipped, pool is at sufficient level.
2026-05-02 01:08:41 [DEBUG][com.zaxxer.hikari.pool.HikariPool][logPoolState][421]-> HikariCPDatasource - Before cleanup stats (total=5, active=0, idle=5, waiting=0)
2026-05-02 01:08:41 [DEBUG][com.zaxxer.hikari.pool.HikariPool][logPoolState][421]-> HikariCPDatasource - After cleanup  stats (total=5, active=0, idle=5, waiting=0)
2026-05-02 01:08:41 [DEBUG][com.zaxxer.hikari.pool.HikariPool][fillPool][518]-> HikariCPDatasource - Fill pool skipped, pool is at sufficient level.
2026-05-02 01:09:11 [DEBUG][com.zaxxer.hikari.pool.HikariPool][logPoolState][421]-> HikariCPDatasource - Before cleanup stats (total=5, active=0, idle=5, waiting=0)
2026-05-02 01:09:11 [DEBUG][com.zaxxer.hikari.pool.HikariPool][logPoolState][421]-> HikariCPDatasource - After cleanup  stats (total=5, active=0, idle=5, waiting=0)
2026-05-02 01:09:11 [DEBUG][com.zaxxer.hikari.pool.HikariPool][fillPool][518]-> HikariCPDatasource - Fill pool skipped, pool is at sufficient level.
2026-05-02 01:09:31 [DEBUG][com.zaxxer.hikari.pool.PoolBase][quietlyCloseConnection][134]-> HikariCPDatasource - Closing connection com.mysql.cj.jdbc.ConnectionImpl@598c4cec: (connection has passed maxLifetime)
2026-05-02 01:09:32 [DEBUG][com.zaxxer.hikari.pool.HikariPool][call][729]-> HikariCPDatasource - Added connection com.mysql.cj.jdbc.ConnectionImpl@e050691
2026-05-02 01:09:41 [DEBUG][com.zaxxer.hikari.pool.HikariPool][logPoolState][421]-> HikariCPDatasource - Before cleanup stats (total=5, active=0, idle=5, waiting=0)
2026-05-02 01:09:41 [DEBUG][com.zaxxer.hikari.pool.HikariPool][logPoolState][421]-> HikariCPDatasource - After cleanup  stats (total=5, active=0, idle=5, waiting=0)
2026-05-02 01:09:41 [DEBUG][com.zaxxer.hikari.pool.HikariPool][fillPool][518]-> HikariCPDatasource - Fill pool skipped, pool is at sufficient level.
2026-05-02 01:10:02 [WARN][org.springframework.context.annotation.ClassPathScanningCandidateComponentProvider][doScan][166]-> No MyBatis mapper was found in '[com.njtech.xcloud.mappers]' package. Please check your configuration.
2026-05-02 01:10:02 [WARN][org.springframework.context.annotation.ClassPathScanningCandidateComponentProvider][doScan][166]-> No MyBatis mapper was found in '[com.njtech.xcloud.mappers]' package. Please check your configuration.
2026-05-02 01:10:02 [INFO][org.springframework.data.repository.config.RepositoryConfigurationDelegate][registerRepositoriesIn][132]-> Bootstrapping Spring Data Redis repositories in DEFAULT mode.
2026-05-02 01:10:02 [DEBUG][org.springframework.data.repository.config.RepositoryConfigurationDelegate][registerRepositoriesIn][145]-> Scanning for Redis repositories in packages com.njtech.xcloud.
2026-05-02 01:10:02 [INFO][org.springframework.data.repository.config.RepositoryConfigurationDelegate][registerRepositoriesIn][201]-> Finished Spring Data repository scanning in 3 ms. Found 0 Redis repository interfaces.
2026-05-02 01:10:02 [DEBUG][org.springframework.context.annotation.ClassPathScanningCandidateComponentProvider][__scanCandidateComponents][435]-> Identified candidate component class: file [C:\Users\Luojun\Desktop\workspace\xcloud\xcloud-java\target\classes\com\njtech\xcloud\controller\FileShareController.class]
2026-05-02 01:10:02 [DEBUG][org.springframework.jmx.export.annotation.AnnotationMBeanExporter][registerBeans][541]-> Autodetecting user-defined JMX MBeans
2026-05-02 01:10:02 [DEBUG][_org.springframework.web.servlet.HandlerMapping.Mappings][detectHandlerMethods][295]-> 
	c.n.x.c.FileShareController:
	{ [/share/cancelShare]}: cancelShare(HttpSession,String)
	{ [/share/shareFile]}: shareFile(HttpSession,String,Integer,Integer,String)
	{ [/share/loadShareList]}: loadShareList(HttpSession,FileShareQuery)
2026-05-02 01:10:02 [DEBUG][org.springframework.web.servlet.DispatcherServlet][initMultipartResolver][520]-> Detected StandardServletMultipartResolver
2026-05-02 01:10:02 [DEBUG][org.springframework.web.servlet.DispatcherServlet][initLocaleResolver][544]-> Detected AcceptHeaderLocaleResolver
2026-05-02 01:10:02 [DEBUG][org.springframework.web.servlet.DispatcherServlet][initThemeResolver][569]-> Detected FixedThemeResolver
2026-05-02 01:10:02 [DEBUG][org.springframework.web.servlet.DispatcherServlet][initRequestToViewNameTranslator][719]-> Detected org.springframework.web.servlet.view.DefaultRequestToViewNameTranslator@6c76ccc9
2026-05-02 01:10:02 [DEBUG][org.springframework.web.servlet.DispatcherServlet][initFlashMapManager][783]-> Detected org.springframework.web.servlet.support.SessionFlashMapManager@78b10ace
2026-05-02 01:10:02 [DEBUG][org.springframework.web.servlet.DispatcherServlet][traceDebug][108]-> POST "/api/share/loadShareList", parameters={multipart}
2026-05-02 01:10:02 [DEBUG][org.springframework.web.servlet.DispatcherServlet][traceDebug][108]-> GET "/api/getAvatar/2117787425?1777655402277", parameters={masked}
2026-05-02 01:10:02 [DEBUG][org.springframework.web.servlet.DispatcherServlet][traceDebug][108]-> POST "/api/getUseSpace", parameters={multipart}
2026-05-02 01:10:02 [DEBUG][org.springframework.web.servlet.mvc.method.annotation.RequestMappingHandlerMapping][getHandler][522]-> Mapped to com.njtech.xcloud.controller.UserInfoController#getAvatar(String, HttpServletResponse)
2026-05-02 01:10:02 [DEBUG][org.springframework.web.servlet.mvc.method.annotation.RequestMappingHandlerMapping][getHandler][522]-> Mapped to com.njtech.xcloud.controller.UserInfoController#getUseSpace(HttpSession)
2026-05-02 01:10:02 [DEBUG][org.springframework.web.servlet.mvc.method.annotation.RequestMappingHandlerMapping][getHandler][522]-> Mapped to com.njtech.xcloud.controller.FileShareController#loadShareList(HttpSession, FileShareQuery)
2026-05-02 01:10:02 [DEBUG][org.springframework.data.redis.core.RedisConnectionUtils][doGetConnection][143]-> Fetching Redis Connection from RedisConnectionFactory
2026-05-02 01:10:02 [DEBUG][org.springframework.web.servlet.DispatcherServlet][logResult][1131]-> Completed 200 OK
2026-05-02 01:10:02 [DEBUG][io.lettuce.core.RedisChannelHandler][dispatch][175]-> dispatching command AsyncCommand [type=GET, output=ValueOutput [output=null, error='null'], commandType=io.lettuce.core.protocol.Command]
2026-05-02 01:10:02 [DEBUG][io.lettuce.core.protocol.DefaultEndpoint][channelWriteAndFlush][430]-> [channel=0x3f7163c9, /127.0.0.1:59190 -> /127.0.0.1:6379, epid=0x1] write() writeAndFlush command AsyncCommand [type=GET, output=ValueOutput [output=null, error='null'], commandType=io.lettuce.core.protocol.Command]
2026-05-02 01:10:02 [DEBUG][io.lettuce.core.protocol.CommandHandler][write][383]-> [channel=0x3f7163c9, /127.0.0.1:59190 -> /127.0.0.1:6379, epid=0x1, chid=0x1] write(ctx, AsyncCommand [type=GET, output=ValueOutput [output=null, error='null'], commandType=io.lettuce.core.protocol.Command], promise)
2026-05-02 01:10:02 [DEBUG][io.lettuce.core.protocol.DefaultEndpoint][write][207]-> [channel=0x3f7163c9, /127.0.0.1:59190 -> /127.0.0.1:6379, epid=0x1] write() done
2026-05-02 01:10:02 [DEBUG][io.lettuce.core.protocol.CommandEncoder][encode][101]-> [channel=0x3f7163c9, /127.0.0.1:59190 -> /127.0.0.1:6379] writing command AsyncCommand [type=GET, output=ValueOutput [output=null, error='null'], commandType=io.lettuce.core.protocol.Command]
2026-05-02 01:10:02 [DEBUG][io.lettuce.core.protocol.CommandHandler][channelRead][577]-> [channel=0x3f7163c9, /127.0.0.1:59190 -> /127.0.0.1:6379, epid=0x1, chid=0x1] Received: 97 bytes, 1 commands in the stack
2026-05-02 01:10:02 [DEBUG][io.lettuce.core.protocol.CommandHandler][decode][651]-> [channel=0x3f7163c9, /127.0.0.1:59190 -> /127.0.0.1:6379, epid=0x1, chid=0x1] Stack contains: 1 commands
2026-05-02 01:10:02 [DEBUG][io.lettuce.core.protocol.RedisStateMachine][decode][298]-> Decode done, empty stack: true
2026-05-02 01:10:02 [DEBUG][io.lettuce.core.protocol.CommandHandler][decode][679]-> [channel=0x3f7163c9, /127.0.0.1:59190 -> /127.0.0.1:6379, epid=0x1, chid=0x1] Completing command AsyncCommand [type=GET, output=ValueOutput [output=[B@37b66bb1, error='null'], commandType=io.lettuce.core.protocol.Command]
2026-05-02 01:10:02 [DEBUG][org.springframework.data.redis.core.RedisConnectionUtils][doCloseConnection][389]-> Closing Redis Connection.
2026-05-02 01:10:02 [DEBUG][org.springframework.web.servlet.mvc.method.annotation.RequestResponseBodyMethodProcessor][writeWithMessageConverters][268]-> Using 'application/json', given [application/json, text/plain, */*] and supported [application/json, application/*+json, application/json, application/*+json]
2026-05-02 01:10:02 [DEBUG][org.springframework.web.servlet.mvc.method.annotation.RequestResponseBodyMethodProcessor][traceDebug][108]-> Writing [com.njtech.xcloud.entity.vo.ResponseVO@5e3aea8d]
2026-05-02 01:10:02 [DEBUG][org.springframework.web.servlet.DispatcherServlet][logResult][1131]-> Completed 200 OK
2026-05-02 01:10:02 [DEBUG][org.springframework.jdbc.datasource.DataSourceUtils][doGetConnection][116]-> Fetching JDBC Connection from DataSource
2026-05-02 01:10:02 [DEBUG][org.springframework.jdbc.datasource.DataSourceUtils][doGetConnection][116]-> Fetching JDBC Connection from DataSource
2026-05-02 01:10:02 [DEBUG][org.springframework.web.servlet.mvc.method.annotation.ExceptionHandlerExceptionResolver][doResolveHandlerMethodException][416]-> Using @ExceptionHandler com.njtech.xcloud.controller.AGlobalExceptionHandlerController#handleException(Exception, HttpServletRequest)
2026-05-02 01:10:02 [ERROR][com.njtech.xcloud.controller.AGlobalExceptionHandlerController][handleException][25]-> 请求错误，请求地址http://localhost:7090/api/share/loadShareList,错误信息:
java.lang.NullPointerException: null
	at com.njtech.xcloud.controller.FileShareController.loadShareList(FileShareController.java:69)
	at com.njtech.xcloud.controller.FileShareController$$FastClassByCGLIB$$1.invoke(<generated>)
	at org.springframework.cglib.proxy.MethodProxy.invoke(MethodProxy.java:218)
	at org.springframework.aop.framework.CglibAopProxy$CglibMethodInvocation.invokeJoinpoint(CglibAopProxy.java:783)
	at org.springframework.aop.framework.ReflectiveMethodInvocation.proceed(ReflectiveMethodInvocation.java:163)
	at org.springframework.aop.framework.CglibAopProxy$CglibMethodInvocation.proceed(CglibAopProxy.java:753)
	at org.springframework.aop.framework.adapter.MethodBeforeAdviceInterceptor.invoke(MethodBeforeAdviceInterceptor.java:58)
	at org.springframework.aop.framework.ReflectiveMethodInvocation.proceed(ReflectiveMethodInvocation.java:175)
	at org.springframework.aop.framework.CglibAopProxy$CglibMethodInvocation.proceed(CglibAopProxy.java:753)
	at org.springframework.aop.interceptor.ExposeInvocationInterceptor.invoke(ExposeInvocationInterceptor.java:97)
	at org.springframework.aop.framework.ReflectiveMethodInvocation.proceed(ReflectiveMethodInvocation.java:186)
	at org.springframework.aop.framework.CglibAopProxy$CglibMethodInvocation.proceed(CglibAopProxy.java:753)
	at org.springframework.aop.framework.CglibAopProxy$DynamicAdvisedInterceptor.intercept(CglibAopProxy.java:698)
	at com.njtech.xcloud.controller.FileShareController$$EnhancerBySpringCGLIB$$1.loadShareList(<generated>)
	at sun.reflect.NativeMethodAccessorImpl.invoke0(Native Method)
	at sun.reflect.NativeMethodAccessorImpl.invoke(NativeMethodAccessorImpl.java:62)
	at sun.reflect.DelegatingMethodAccessorImpl.invoke(DelegatingMethodAccessorImpl.java:43)
	at java.lang.reflect.Method.invoke(Method.java:498)
	at org.springframework.web.method.support.InvocableHandlerMethod.doInvoke(InvocableHandlerMethod.java:205)
	at org.springframework.web.method.support.InvocableHandlerMethod.invokeForRequest(InvocableHandlerMethod.java:150)
	at org.springframework.web.servlet.mvc.method.annotation.ServletInvocableHandlerMethod.invokeAndHandle(ServletInvocableHandlerMethod.java:117)
	at org.springframework.web.servlet.mvc.method.annotation.RequestMappingHandlerAdapter.invokeHandlerMethod(RequestMappingHandlerAdapter.java:895)
	at org.springframework.web.servlet.mvc.method.annotation.RequestMappingHandlerAdapter.handleInternal(RequestMappingHandlerAdapter.java:808)
	at org.springframework.web.servlet.mvc.method.AbstractHandlerMethodAdapter.handle(AbstractHandlerMethodAdapter.java:87)
	at org.springframework.web.servlet.DispatcherServlet.doDispatch(DispatcherServlet.java:1067)
	at org.springframework.web.servlet.DispatcherServlet.doService(DispatcherServlet.java:963)
	at org.springframework.web.servlet.FrameworkServlet.processRequest(FrameworkServlet.java:1006)
	at org.springframework.web.servlet.FrameworkServlet.doPost(FrameworkServlet.java:909)
	at javax.servlet.http.HttpServlet.service(HttpServlet.java:681)
	at org.springframework.web.servlet.FrameworkServlet.service(FrameworkServlet.java:883)
	at javax.servlet.http.HttpServlet.service(HttpServlet.java:764)
	at org.apache.catalina.core.ApplicationFilterChain.internalDoFilter(ApplicationFilterChain.java:227)
	at org.apache.catalina.core.ApplicationFilterChain.doFilter(ApplicationFilterChain.java:162)
	at org.apache.tomcat.websocket.server.WsFilter.doFilter(WsFilter.java:53)
	at org.apache.catalina.core.ApplicationFilterChain.internalDoFilter(ApplicationFilterChain.java:189)
	at org.apache.catalina.core.ApplicationFilterChain.doFilter(ApplicationFilterChain.java:162)
	at org.springframework.web.filter.RequestContextFilter.doFilterInternal(RequestContextFilter.java:100)
	at org.springframework.web.filter.OncePerRequestFilter.doFilter(OncePerRequestFilter.java:119)
	at org.apache.catalina.core.ApplicationFilterChain.internalDoFilter(ApplicationFilterChain.java:189)
	at org.apache.catalina.core.ApplicationFilterChain.doFilter(ApplicationFilterChain.java:162)
	at org.springframework.web.filter.FormContentFilter.doFilterInternal(FormContentFilter.java:93)
	at org.springframework.web.filter.OncePerRequestFilter.doFilter(OncePerRequestFilter.java:119)
	at org.apache.catalina.core.ApplicationFilterChain.internalDoFilter(ApplicationFilterChain.java:189)
	at org.apache.catalina.core.ApplicationFilterChain.doFilter(ApplicationFilterChain.java:162)
	at org.springframework.web.filter.CharacterEncodingFilter.doFilterInternal(CharacterEncodingFilter.java:201)
	at org.springframework.web.filter.OncePerRequestFilter.doFilter(OncePerRequestFilter.java:119)
	at org.apache.catalina.core.ApplicationFilterChain.internalDoFilter(ApplicationFilterChain.java:189)
	at org.apache.catalina.core.ApplicationFilterChain.doFilter(ApplicationFilterChain.java:162)
	at org.apache.catalina.core.StandardWrapperValve.invoke(StandardWrapperValve.java:197)
	at org.apache.catalina.core.StandardContextValve.__invoke(StandardContextValve.java:97)
	at org.apache.catalina.core.StandardContextValve.invoke(StandardContextValve.java:41002)
	at org.apache.catalina.authenticator.AuthenticatorBase.invoke(AuthenticatorBase.java:540)
	at org.apache.catalina.core.StandardHostValve.invoke(StandardHostValve.java:135)
	at org.apache.catalina.valves.ErrorReportValve.invoke(ErrorReportValve.java:92)
	at org.apache.catalina.core.StandardEngineValve.invoke(StandardEngineValve.java:78)
	at org.apache.catalina.connector.CoyoteAdapter.service(CoyoteAdapter.java:357)
	at org.apache.coyote.http11.Http11Processor.service(Http11Processor.java:382)
	at org.apache.coyote.AbstractProcessorLight.process(AbstractProcessorLight.java:65)
	at org.apache.coyote.AbstractProtocol$ConnectionHandler.process(AbstractProtocol.java:895)
	at org.apache.tomcat.util.net.NioEndpoint$SocketProcessor.doRun(NioEndpoint.java:1722)
	at org.apache.tomcat.util.net.SocketProcessorBase.run(SocketProcessorBase.java:49)
	at org.apache.tomcat.util.threads.ThreadPoolExecutor.runWorker(ThreadPoolExecutor.java:1191)
	at org.apache.tomcat.util.threads.ThreadPoolExecutor$Worker.run(ThreadPoolExecutor.java:659)
	at org.apache.tomcat.util.threads.TaskThread$WrappingRunnable.run(TaskThread.java:61)
	at java.lang.Thread.run(Thread.java:748)
2026-05-02 01:10:02 [DEBUG][org.springframework.web.servlet.mvc.method.annotation.RequestResponseBodyMethodProcessor][writeWithMessageConverters][268]-> Using 'application/json', given [application/json, text/plain, */*] and supported [application/json, application/*+json, application/json, application/*+json]
2026-05-02 01:10:02 [DEBUG][org.springframework.web.servlet.mvc.method.annotation.RequestResponseBodyMethodProcessor][traceDebug][108]-> Writing [com.njtech.xcloud.entity.vo.ResponseVO@6cb44558]
2026-05-02 01:10:02 [DEBUG][org.springframework.web.servlet.mvc.method.annotation.ExceptionHandlerExceptionResolver][resolveException][146]-> Resolved [java.lang.NullPointerException]
2026-05-02 01:10:02 [DEBUG][org.springframework.web.servlet.DispatcherServlet][logResult][1131]-> Completed 200 OK
2026-05-02 01:10:11 [DEBUG][com.zaxxer.hikari.pool.HikariPool][logPoolState][421]-> HikariCPDatasource - Before cleanup stats (total=5, active=0, idle=5, waiting=0)
2026-05-02 01:10:11 [DEBUG][com.zaxxer.hikari.pool.HikariPool][logPoolState][421]-> HikariCPDatasource - After cleanup  stats (total=5, active=0, idle=5, waiting=0)
2026-05-02 01:10:11 [DEBUG][com.zaxxer.hikari.pool.HikariPool][fillPool][518]-> HikariCPDatasource - Fill pool skipped, pool is at sufficient level.
2026-05-02 01:10:15 [DEBUG][org.springframework.web.servlet.DispatcherServlet][traceDebug][108]-> POST "/api/file/loadDataList", parameters={multipart}
2026-05-02 01:10:15 [DEBUG][org.springframework.web.servlet.DispatcherServlet][traceDebug][108]-> POST "/api/file/loadDataList", parameters={multipart}
2026-05-02 01:10:15 [DEBUG][org.springframework.web.servlet.mvc.method.annotation.RequestMappingHandlerMapping][getHandler][522]-> Mapped to com.njtech.xcloud.controller.FileInfoController#loadDataList(HttpSession, FileInfoQuery, String)
2026-05-02 01:10:15 [DEBUG][org.springframework.web.servlet.mvc.method.annotation.RequestMappingHandlerMapping][getHandler][522]-> Mapped to com.njtech.xcloud.controller.FileInfoController#loadDataList(HttpSession, FileInfoQuery, String)
2026-05-02 01:10:15 [DEBUG][org.springframework.jdbc.datasource.DataSourceUtils][doGetConnection][116]-> Fetching JDBC Connection from DataSource
2026-05-02 01:10:15 [DEBUG][org.springframework.jdbc.datasource.DataSourceUtils][doGetConnection][116]-> Fetching JDBC Connection from DataSource
2026-05-02 01:10:15 [DEBUG][org.springframework.jdbc.datasource.DataSourceUtils][doGetConnection][116]-> Fetching JDBC Connection from DataSource
2026-05-02 01:10:15 [DEBUG][org.springframework.jdbc.datasource.DataSourceUtils][doGetConnection][116]-> Fetching JDBC Connection from DataSource
2026-05-02 01:10:15 [DEBUG][org.springframework.web.servlet.mvc.method.annotation.RequestResponseBodyMethodProcessor][writeWithMessageConverters][268]-> Using 'application/json', given [application/json, text/plain, */*] and supported [application/json, application/*+json, application/json, application/*+json]
2026-05-02 01:10:15 [DEBUG][org.springframework.web.servlet.mvc.method.annotation.RequestResponseBodyMethodProcessor][writeWithMessageConverters][268]-> Using 'application/json', given [application/json, text/plain, */*] and supported [application/json, application/*+json, application/json, application/*+json]
2026-05-02 01:10:15 [DEBUG][org.springframework.web.servlet.mvc.method.annotation.RequestResponseBodyMethodProcessor][traceDebug][108]-> Writing [com.njtech.xcloud.entity.vo.ResponseVO@32256e20]
2026-05-02 01:10:15 [DEBUG][org.springframework.web.servlet.mvc.method.annotation.RequestResponseBodyMethodProcessor][traceDebug][108]-> Writing [com.njtech.xcloud.entity.vo.ResponseVO@5ae08392]
2026-05-02 01:10:15 [DEBUG][org.springframework.web.servlet.DispatcherServlet][logResult][1131]-> Completed 200 OK
2026-05-02 01:10:15 [DEBUG][org.springframework.web.servlet.DispatcherServlet][logResult][1131]-> Completed 200 OK
2026-05-02 01:10:20 [DEBUG][org.springframework.web.servlet.DispatcherServlet][traceDebug][108]-> POST "/api/share/loadShareList", parameters={multipart}
2026-05-02 01:10:20 [DEBUG][org.springframework.web.servlet.mvc.method.annotation.RequestMappingHandlerMapping][getHandler][522]-> Mapped to com.njtech.xcloud.controller.FileShareController#loadShareList(HttpSession, FileShareQuery)
2026-05-02 01:10:20 [DEBUG][org.springframework.jdbc.datasource.DataSourceUtils][doGetConnection][116]-> Fetching JDBC Connection from DataSource
2026-05-02 01:10:20 [DEBUG][org.springframework.jdbc.datasource.DataSourceUtils][doGetConnection][116]-> Fetching JDBC Connection from DataSource
2026-05-02 01:10:20 [DEBUG][org.springframework.web.servlet.mvc.method.annotation.ExceptionHandlerExceptionResolver][doResolveHandlerMethodException][416]-> Using @ExceptionHandler com.njtech.xcloud.controller.AGlobalExceptionHandlerController#handleException(Exception, HttpServletRequest)
2026-05-02 01:10:20 [ERROR][com.njtech.xcloud.controller.AGlobalExceptionHandlerController][handleException][25]-> 请求错误，请求地址http://localhost:7090/api/share/loadShareList,错误信息:
java.lang.NullPointerException: null
	at com.njtech.xcloud.controller.FileShareController.loadShareList(FileShareController.java:69)
	at com.njtech.xcloud.controller.FileShareController$$FastClassByCGLIB$$1.invoke(<generated>)
	at org.springframework.cglib.proxy.MethodProxy.invoke(MethodProxy.java:218)
	at org.springframework.aop.framework.CglibAopProxy$CglibMethodInvocation.invokeJoinpoint(CglibAopProxy.java:783)
	at org.springframework.aop.framework.ReflectiveMethodInvocation.proceed(ReflectiveMethodInvocation.java:163)
	at org.springframework.aop.framework.CglibAopProxy$CglibMethodInvocation.proceed(CglibAopProxy.java:753)
	at org.springframework.aop.framework.adapter.MethodBeforeAdviceInterceptor.invoke(MethodBeforeAdviceInterceptor.java:58)
	at org.springframework.aop.framework.ReflectiveMethodInvocation.proceed(ReflectiveMethodInvocation.java:175)
	at org.springframework.aop.framework.CglibAopProxy$CglibMethodInvocation.proceed(CglibAopProxy.java:753)
	at org.springframework.aop.interceptor.ExposeInvocationInterceptor.invoke(ExposeInvocationInterceptor.java:97)
	at org.springframework.aop.framework.ReflectiveMethodInvocation.proceed(ReflectiveMethodInvocation.java:186)
	at org.springframework.aop.framework.CglibAopProxy$CglibMethodInvocation.proceed(CglibAopProxy.java:753)
	at org.springframework.aop.framework.CglibAopProxy$DynamicAdvisedInterceptor.intercept(CglibAopProxy.java:698)
	at com.njtech.xcloud.controller.FileShareController$$EnhancerBySpringCGLIB$$1.loadShareList(<generated>)
	at sun.reflect.NativeMethodAccessorImpl.invoke0(Native Method)
	at sun.reflect.NativeMethodAccessorImpl.invoke(NativeMethodAccessorImpl.java:62)
	at sun.reflect.DelegatingMethodAccessorImpl.invoke(DelegatingMethodAccessorImpl.java:43)
	at java.lang.reflect.Method.invoke(Method.java:498)
	at org.springframework.web.method.support.InvocableHandlerMethod.doInvoke(InvocableHandlerMethod.java:205)
	at org.springframework.web.method.support.InvocableHandlerMethod.invokeForRequest(InvocableHandlerMethod.java:150)
	at org.springframework.web.servlet.mvc.method.annotation.ServletInvocableHandlerMethod.invokeAndHandle(ServletInvocableHandlerMethod.java:117)
	at org.springframework.web.servlet.mvc.method.annotation.RequestMappingHandlerAdapter.invokeHandlerMethod(RequestMappingHandlerAdapter.java:895)
	at org.springframework.web.servlet.mvc.method.annotation.RequestMappingHandlerAdapter.handleInternal(RequestMappingHandlerAdapter.java:808)
	at org.springframework.web.servlet.mvc.method.AbstractHandlerMethodAdapter.handle(AbstractHandlerMethodAdapter.java:87)
	at org.springframework.web.servlet.DispatcherServlet.doDispatch(DispatcherServlet.java:1067)
	at org.springframework.web.servlet.DispatcherServlet.doService(DispatcherServlet.java:963)
	at org.springframework.web.servlet.FrameworkServlet.processRequest(FrameworkServlet.java:1006)
	at org.springframework.web.servlet.FrameworkServlet.doPost(FrameworkServlet.java:909)
	at javax.servlet.http.HttpServlet.service(HttpServlet.java:681)
	at org.springframework.web.servlet.FrameworkServlet.service(FrameworkServlet.java:883)
	at javax.servlet.http.HttpServlet.service(HttpServlet.java:764)
	at org.apache.catalina.core.ApplicationFilterChain.internalDoFilter(ApplicationFilterChain.java:227)
	at org.apache.catalina.core.ApplicationFilterChain.doFilter(ApplicationFilterChain.java:162)
	at org.apache.tomcat.websocket.server.WsFilter.doFilter(WsFilter.java:53)
	at org.apache.catalina.core.ApplicationFilterChain.internalDoFilter(ApplicationFilterChain.java:189)
	at org.apache.catalina.core.ApplicationFilterChain.doFilter(ApplicationFilterChain.java:162)
	at org.springframework.web.filter.RequestContextFilter.doFilterInternal(RequestContextFilter.java:100)
	at org.springframework.web.filter.OncePerRequestFilter.doFilter(OncePerRequestFilter.java:119)
	at org.apache.catalina.core.ApplicationFilterChain.internalDoFilter(ApplicationFilterChain.java:189)
	at org.apache.catalina.core.ApplicationFilterChain.doFilter(ApplicationFilterChain.java:162)
	at org.springframework.web.filter.FormContentFilter.doFilterInternal(FormContentFilter.java:93)
	at org.springframework.web.filter.OncePerRequestFilter.doFilter(OncePerRequestFilter.java:119)
	at org.apache.catalina.core.ApplicationFilterChain.internalDoFilter(ApplicationFilterChain.java:189)
	at org.apache.catalina.core.ApplicationFilterChain.doFilter(ApplicationFilterChain.java:162)
	at org.springframework.web.filter.CharacterEncodingFilter.doFilterInternal(CharacterEncodingFilter.java:201)
	at org.springframework.web.filter.OncePerRequestFilter.doFilter(OncePerRequestFilter.java:119)
	at org.apache.catalina.core.ApplicationFilterChain.internalDoFilter(ApplicationFilterChain.java:189)
	at org.apache.catalina.core.ApplicationFilterChain.doFilter(ApplicationFilterChain.java:162)
	at org.apache.catalina.core.StandardWrapperValve.invoke(StandardWrapperValve.java:197)
	at org.apache.catalina.core.StandardContextValve.__invoke(StandardContextValve.java:97)
	at org.apache.catalina.core.StandardContextValve.invoke(StandardContextValve.java:41002)
	at org.apache.catalina.authenticator.AuthenticatorBase.invoke(AuthenticatorBase.java:540)
	at org.apache.catalina.core.StandardHostValve.invoke(StandardHostValve.java:135)
	at org.apache.catalina.valves.ErrorReportValve.invoke(ErrorReportValve.java:92)
	at org.apache.catalina.core.StandardEngineValve.invoke(StandardEngineValve.java:78)
	at org.apache.catalina.connector.CoyoteAdapter.service(CoyoteAdapter.java:357)
	at org.apache.coyote.http11.Http11Processor.service(Http11Processor.java:382)
	at org.apache.coyote.AbstractProcessorLight.process(AbstractProcessorLight.java:65)
	at org.apache.coyote.AbstractProtocol$ConnectionHandler.process(AbstractProtocol.java:895)
	at org.apache.tomcat.util.net.NioEndpoint$SocketProcessor.doRun(NioEndpoint.java:1722)
	at org.apache.tomcat.util.net.SocketProcessorBase.run(SocketProcessorBase.java:49)
	at org.apache.tomcat.util.threads.ThreadPoolExecutor.runWorker(ThreadPoolExecutor.java:1191)
	at org.apache.tomcat.util.threads.ThreadPoolExecutor$Worker.run(ThreadPoolExecutor.java:659)
	at org.apache.tomcat.util.threads.TaskThread$WrappingRunnable.run(TaskThread.java:61)
	at java.lang.Thread.run(Thread.java:748)
2026-05-02 01:10:20 [DEBUG][org.springframework.web.servlet.mvc.method.annotation.RequestResponseBodyMethodProcessor][writeWithMessageConverters][268]-> Using 'application/json', given [application/json, text/plain, */*] and supported [application/json, application/*+json, application/json, application/*+json]
2026-05-02 01:10:20 [DEBUG][org.springframework.web.servlet.mvc.method.annotation.RequestResponseBodyMethodProcessor][traceDebug][108]-> Writing [com.njtech.xcloud.entity.vo.ResponseVO@7318b2af]
2026-05-02 01:10:20 [DEBUG][org.springframework.web.servlet.mvc.method.annotation.ExceptionHandlerExceptionResolver][resolveException][146]-> Resolved [java.lang.NullPointerException]
2026-05-02 01:10:20 [DEBUG][org.springframework.web.servlet.DispatcherServlet][logResult][1131]-> Completed 200 OK
2026-05-02 01:10:41 [DEBUG][com.zaxxer.hikari.pool.HikariPool][logPoolState][421]-> HikariCPDatasource - Before cleanup stats (total=5, active=0, idle=5, waiting=0)
2026-05-02 01:10:41 [DEBUG][com.zaxxer.hikari.pool.HikariPool][logPoolState][421]-> HikariCPDatasource - After cleanup  stats (total=5, active=0, idle=5, waiting=0)
2026-05-02 01:10:41 [DEBUG][com.zaxxer.hikari.pool.HikariPool][fillPool][518]-> HikariCPDatasource - Fill pool skipped, pool is at sufficient level.
2026-05-02 01:11:11 [DEBUG][com.zaxxer.hikari.pool.HikariPool][logPoolState][421]-> HikariCPDatasource - Before cleanup stats (total=5, active=0, idle=5, waiting=0)
2026-05-02 01:11:11 [DEBUG][com.zaxxer.hikari.pool.HikariPool][logPoolState][421]-> HikariCPDatasource - After cleanup  stats (total=5, active=0, idle=5, waiting=0)
2026-05-02 01:11:11 [DEBUG][com.zaxxer.hikari.pool.HikariPool][fillPool][518]-> HikariCPDatasource - Fill pool skipped, pool is at sufficient level.
2026-05-02 01:11:41 [DEBUG][com.zaxxer.hikari.pool.HikariPool][logPoolState][421]-> HikariCPDatasource - Before cleanup stats (total=5, active=0, idle=5, waiting=0)
2026-05-02 01:11:41 [DEBUG][com.zaxxer.hikari.pool.HikariPool][logPoolState][421]-> HikariCPDatasource - After cleanup  stats (total=5, active=0, idle=5, waiting=0)
2026-05-02 01:11:41 [DEBUG][com.zaxxer.hikari.pool.HikariPool][fillPool][518]-> HikariCPDatasource - Fill pool skipped, pool is at sufficient level.
2026-05-02 01:12:11 [DEBUG][com.zaxxer.hikari.pool.HikariPool][logPoolState][421]-> HikariCPDatasource - Before cleanup stats (total=5, active=0, idle=5, waiting=0)
2026-05-02 01:12:11 [DEBUG][com.zaxxer.hikari.pool.HikariPool][logPoolState][421]-> HikariCPDatasource - After cleanup  stats (total=5, active=0, idle=5, waiting=0)
2026-05-02 01:12:11 [DEBUG][com.zaxxer.hikari.pool.HikariPool][fillPool][518]-> HikariCPDatasource - Fill pool skipped, pool is at sufficient level.
2026-05-02 01:12:41 [DEBUG][com.zaxxer.hikari.pool.HikariPool][logPoolState][421]-> HikariCPDatasource - Before cleanup stats (total=5, active=0, idle=5, waiting=0)
2026-05-02 01:12:41 [DEBUG][com.zaxxer.hikari.pool.HikariPool][logPoolState][421]-> HikariCPDatasource - After cleanup  stats (total=5, active=0, idle=5, waiting=0)
2026-05-02 01:12:41 [DEBUG][com.zaxxer.hikari.pool.HikariPool][fillPool][518]-> HikariCPDatasource - Fill pool skipped, pool is at sufficient level.
2026-05-02 01:13:11 [DEBUG][com.zaxxer.hikari.pool.HikariPool][logPoolState][421]-> HikariCPDatasource - Before cleanup stats (total=5, active=0, idle=5, waiting=0)
2026-05-02 01:13:11 [DEBUG][com.zaxxer.hikari.pool.HikariPool][logPoolState][421]-> HikariCPDatasource - After cleanup  stats (total=5, active=0, idle=5, waiting=0)
2026-05-02 01:13:11 [DEBUG][com.zaxxer.hikari.pool.HikariPool][fillPool][518]-> HikariCPDatasource - Fill pool skipped, pool is at sufficient level.
2026-05-02 01:13:20 [WARN][org.springframework.context.annotation.ClassPathScanningCandidateComponentProvider][doScan][166]-> No MyBatis mapper was found in '[com.njtech.xcloud.mappers]' package. Please check your configuration.
2026-05-02 01:13:20 [WARN][org.springframework.context.annotation.ClassPathScanningCandidateComponentProvider][doScan][166]-> No MyBatis mapper was found in '[com.njtech.xcloud.mappers]' package. Please check your configuration.
2026-05-02 01:13:20 [INFO][org.springframework.data.repository.config.RepositoryConfigurationDelegate][registerRepositoriesIn][132]-> Bootstrapping Spring Data Redis repositories in DEFAULT mode.
2026-05-02 01:13:20 [DEBUG][org.springframework.data.repository.config.RepositoryConfigurationDelegate][registerRepositoriesIn][145]-> Scanning for Redis repositories in packages com.njtech.xcloud.
2026-05-02 01:13:20 [INFO][org.springframework.data.repository.config.RepositoryConfigurationDelegate][registerRepositoriesIn][201]-> Finished Spring Data repository scanning in 4 ms. Found 0 Redis repository interfaces.
2026-05-02 01:13:20 [DEBUG][org.springframework.context.annotation.ClassPathScanningCandidateComponentProvider][__scanCandidateComponents][435]-> Identified candidate component class: file [C:\Users\Luojun\Desktop\workspace\xcloud\xcloud-java\target\classes\com\njtech\xcloud\controller\FileShareController.class]
2026-05-02 01:13:20 [DEBUG][org.springframework.jmx.export.annotation.AnnotationMBeanExporter][registerBeans][541]-> Autodetecting user-defined JMX MBeans
2026-05-02 01:13:20 [DEBUG][_org.springframework.web.servlet.HandlerMapping.Mappings][detectHandlerMethods][295]-> 
	c.n.x.c.FileShareController:
	{ [/share/cancelShare]}: cancelShare(HttpSession,String)
	{ [/share/shareFile]}: shareFile(HttpSession,String,Integer,Integer,String)
	{ [/share/loadShareList]}: loadShareList(HttpSession,FileShareQuery)
2026-05-02 01:13:20 [DEBUG][org.springframework.web.servlet.DispatcherServlet][initMultipartResolver][520]-> Detected StandardServletMultipartResolver
2026-05-02 01:13:20 [DEBUG][org.springframework.web.servlet.DispatcherServlet][initLocaleResolver][544]-> Detected AcceptHeaderLocaleResolver
2026-05-02 01:13:20 [DEBUG][org.springframework.web.servlet.DispatcherServlet][initThemeResolver][569]-> Detected FixedThemeResolver
2026-05-02 01:13:20 [DEBUG][org.springframework.web.servlet.DispatcherServlet][initRequestToViewNameTranslator][719]-> Detected org.springframework.web.servlet.view.DefaultRequestToViewNameTranslator@6c76ccc9
2026-05-02 01:13:20 [DEBUG][org.springframework.web.servlet.DispatcherServlet][initFlashMapManager][783]-> Detected org.springframework.web.servlet.support.SessionFlashMapManager@78b10ace
2026-05-02 01:13:20 [DEBUG][org.springframework.web.servlet.DispatcherServlet][traceDebug][108]-> POST "/api/file/loadDataList", parameters={multipart}
2026-05-02 01:13:20 [DEBUG][org.springframework.web.servlet.DispatcherServlet][traceDebug][108]-> POST "/api/file/loadDataList", parameters={multipart}
2026-05-02 01:13:20 [DEBUG][org.springframework.web.servlet.mvc.method.annotation.RequestMappingHandlerMapping][getHandler][522]-> Mapped to com.njtech.xcloud.controller.FileInfoController#loadDataList(HttpSession, FileInfoQuery, String)
2026-05-02 01:13:20 [DEBUG][org.springframework.web.servlet.mvc.method.annotation.RequestMappingHandlerMapping][getHandler][522]-> Mapped to com.njtech.xcloud.controller.FileInfoController#loadDataList(HttpSession, FileInfoQuery, String)
2026-05-02 01:13:20 [DEBUG][org.springframework.jdbc.datasource.DataSourceUtils][doGetConnection][116]-> Fetching JDBC Connection from DataSource
2026-05-02 01:13:20 [DEBUG][org.springframework.jdbc.datasource.DataSourceUtils][doGetConnection][116]-> Fetching JDBC Connection from DataSource
2026-05-02 01:13:20 [DEBUG][org.springframework.jdbc.datasource.DataSourceUtils][doGetConnection][116]-> Fetching JDBC Connection from DataSource
2026-05-02 01:13:20 [DEBUG][org.springframework.jdbc.datasource.DataSourceUtils][doGetConnection][116]-> Fetching JDBC Connection from DataSource
2026-05-02 01:13:20 [DEBUG][org.springframework.web.servlet.mvc.method.annotation.RequestResponseBodyMethodProcessor][writeWithMessageConverters][268]-> Using 'application/json', given [application/json, text/plain, */*] and supported [application/json, application/*+json, application/json, application/*+json]
2026-05-02 01:13:20 [DEBUG][org.springframework.web.servlet.mvc.method.annotation.RequestResponseBodyMethodProcessor][writeWithMessageConverters][268]-> Using 'application/json', given [application/json, text/plain, */*] and supported [application/json, application/*+json, application/json, application/*+json]
2026-05-02 01:13:20 [DEBUG][org.springframework.web.servlet.mvc.method.annotation.RequestResponseBodyMethodProcessor][traceDebug][108]-> Writing [com.njtech.xcloud.entity.vo.ResponseVO@32d5cc88]
2026-05-02 01:13:20 [DEBUG][org.springframework.web.servlet.mvc.method.annotation.RequestResponseBodyMethodProcessor][traceDebug][108]-> Writing [com.njtech.xcloud.entity.vo.ResponseVO@b76196e]
2026-05-02 01:13:20 [DEBUG][org.springframework.web.servlet.DispatcherServlet][logResult][1131]-> Completed 200 OK
2026-05-02 01:13:20 [DEBUG][org.springframework.web.servlet.DispatcherServlet][logResult][1131]-> Completed 200 OK
2026-05-02 01:13:21 [DEBUG][org.springframework.web.servlet.DispatcherServlet][traceDebug][108]-> POST "/api/share/loadShareList", parameters={multipart}
2026-05-02 01:13:21 [DEBUG][org.springframework.web.servlet.mvc.method.annotation.RequestMappingHandlerMapping][getHandler][522]-> Mapped to com.njtech.xcloud.controller.FileShareController#loadShareList(HttpSession, FileShareQuery)
2026-05-02 01:13:21 [DEBUG][org.springframework.jdbc.datasource.DataSourceUtils][doGetConnection][116]-> Fetching JDBC Connection from DataSource
2026-05-02 01:13:21 [DEBUG][org.springframework.jdbc.datasource.DataSourceUtils][doGetConnection][116]-> Fetching JDBC Connection from DataSource
2026-05-02 01:13:21 [DEBUG][org.springframework.web.servlet.mvc.method.annotation.ExceptionHandlerExceptionResolver][doResolveHandlerMethodException][416]-> Using @ExceptionHandler com.njtech.xcloud.controller.AGlobalExceptionHandlerController#handleException(Exception, HttpServletRequest)
2026-05-02 01:13:21 [ERROR][com.njtech.xcloud.controller.AGlobalExceptionHandlerController][handleException][25]-> 请求错误，请求地址http://localhost:7090/api/share/loadShareList,错误信息:
java.lang.NullPointerException: null
	at com.njtech.xcloud.controller.FileShareController.loadShareList(FileShareController.java:64)
	at com.njtech.xcloud.controller.FileShareController$$FastClassByCGLIB$$1.invoke(<generated>)
	at org.springframework.cglib.proxy.MethodProxy.invoke(MethodProxy.java:218)
	at org.springframework.aop.framework.CglibAopProxy$CglibMethodInvocation.invokeJoinpoint(CglibAopProxy.java:783)
	at org.springframework.aop.framework.ReflectiveMethodInvocation.proceed(ReflectiveMethodInvocation.java:163)
	at org.springframework.aop.framework.CglibAopProxy$CglibMethodInvocation.proceed(CglibAopProxy.java:753)
	at org.springframework.aop.framework.adapter.MethodBeforeAdviceInterceptor.invoke(MethodBeforeAdviceInterceptor.java:58)
	at org.springframework.aop.framework.ReflectiveMethodInvocation.proceed(ReflectiveMethodInvocation.java:175)
	at org.springframework.aop.framework.CglibAopProxy$CglibMethodInvocation.proceed(CglibAopProxy.java:753)
	at org.springframework.aop.interceptor.ExposeInvocationInterceptor.invoke(ExposeInvocationInterceptor.java:97)
	at org.springframework.aop.framework.ReflectiveMethodInvocation.proceed(ReflectiveMethodInvocation.java:186)
	at org.springframework.aop.framework.CglibAopProxy$CglibMethodInvocation.proceed(CglibAopProxy.java:753)
	at org.springframework.aop.framework.CglibAopProxy$DynamicAdvisedInterceptor.intercept(CglibAopProxy.java:698)
	at com.njtech.xcloud.controller.FileShareController$$EnhancerBySpringCGLIB$$1.loadShareList(<generated>)
	at sun.reflect.NativeMethodAccessorImpl.invoke0(Native Method)
	at sun.reflect.NativeMethodAccessorImpl.invoke(NativeMethodAccessorImpl.java:62)
	at sun.reflect.DelegatingMethodAccessorImpl.invoke(DelegatingMethodAccessorImpl.java:43)
	at java.lang.reflect.Method.invoke(Method.java:498)
	at org.springframework.web.method.support.InvocableHandlerMethod.doInvoke(InvocableHandlerMethod.java:205)
	at org.springframework.web.method.support.InvocableHandlerMethod.invokeForRequest(InvocableHandlerMethod.java:150)
	at org.springframework.web.servlet.mvc.method.annotation.ServletInvocableHandlerMethod.invokeAndHandle(ServletInvocableHandlerMethod.java:117)
	at org.springframework.web.servlet.mvc.method.annotation.RequestMappingHandlerAdapter.invokeHandlerMethod(RequestMappingHandlerAdapter.java:895)
	at org.springframework.web.servlet.mvc.method.annotation.RequestMappingHandlerAdapter.handleInternal(RequestMappingHandlerAdapter.java:808)
	at org.springframework.web.servlet.mvc.method.AbstractHandlerMethodAdapter.handle(AbstractHandlerMethodAdapter.java:87)
	at org.springframework.web.servlet.DispatcherServlet.doDispatch(DispatcherServlet.java:1067)
	at org.springframework.web.servlet.DispatcherServlet.doService(DispatcherServlet.java:963)
	at org.springframework.web.servlet.FrameworkServlet.processRequest(FrameworkServlet.java:1006)
	at org.springframework.web.servlet.FrameworkServlet.doPost(FrameworkServlet.java:909)
	at javax.servlet.http.HttpServlet.service(HttpServlet.java:681)
	at org.springframework.web.servlet.FrameworkServlet.service(FrameworkServlet.java:883)
	at javax.servlet.http.HttpServlet.service(HttpServlet.java:764)
	at org.apache.catalina.core.ApplicationFilterChain.internalDoFilter(ApplicationFilterChain.java:227)
	at org.apache.catalina.core.ApplicationFilterChain.doFilter(ApplicationFilterChain.java:162)
	at org.apache.tomcat.websocket.server.WsFilter.doFilter(WsFilter.java:53)
	at org.apache.catalina.core.ApplicationFilterChain.internalDoFilter(ApplicationFilterChain.java:189)
	at org.apache.catalina.core.ApplicationFilterChain.doFilter(ApplicationFilterChain.java:162)
	at org.springframework.web.filter.RequestContextFilter.doFilterInternal(RequestContextFilter.java:100)
	at org.springframework.web.filter.OncePerRequestFilter.doFilter(OncePerRequestFilter.java:119)
	at org.apache.catalina.core.ApplicationFilterChain.internalDoFilter(ApplicationFilterChain.java:189)
	at org.apache.catalina.core.ApplicationFilterChain.doFilter(ApplicationFilterChain.java:162)
	at org.springframework.web.filter.FormContentFilter.doFilterInternal(FormContentFilter.java:93)
	at org.springframework.web.filter.OncePerRequestFilter.doFilter(OncePerRequestFilter.java:119)
	at org.apache.catalina.core.ApplicationFilterChain.internalDoFilter(ApplicationFilterChain.java:189)
	at org.apache.catalina.core.ApplicationFilterChain.doFilter(ApplicationFilterChain.java:162)
	at org.springframework.web.filter.CharacterEncodingFilter.doFilterInternal(CharacterEncodingFilter.java:201)
	at org.springframework.web.filter.OncePerRequestFilter.doFilter(OncePerRequestFilter.java:119)
	at org.apache.catalina.core.ApplicationFilterChain.internalDoFilter(ApplicationFilterChain.java:189)
	at org.apache.catalina.core.ApplicationFilterChain.doFilter(ApplicationFilterChain.java:162)
	at org.apache.catalina.core.StandardWrapperValve.invoke(StandardWrapperValve.java:197)
	at org.apache.catalina.core.StandardContextValve.__invoke(StandardContextValve.java:97)
	at org.apache.catalina.core.StandardContextValve.invoke(StandardContextValve.java:41002)
	at org.apache.catalina.authenticator.AuthenticatorBase.invoke(AuthenticatorBase.java:540)
	at org.apache.catalina.core.StandardHostValve.invoke(StandardHostValve.java:135)
	at org.apache.catalina.valves.ErrorReportValve.invoke(ErrorReportValve.java:92)
	at org.apache.catalina.core.StandardEngineValve.invoke(StandardEngineValve.java:78)
	at org.apache.catalina.connector.CoyoteAdapter.service(CoyoteAdapter.java:357)
	at org.apache.coyote.http11.Http11Processor.service(Http11Processor.java:382)
	at org.apache.coyote.AbstractProcessorLight.process(AbstractProcessorLight.java:65)
	at org.apache.coyote.AbstractProtocol$ConnectionHandler.process(AbstractProtocol.java:895)
	at org.apache.tomcat.util.net.NioEndpoint$SocketProcessor.doRun(NioEndpoint.java:1722)
	at org.apache.tomcat.util.net.SocketProcessorBase.run(SocketProcessorBase.java:49)
	at org.apache.tomcat.util.threads.ThreadPoolExecutor.runWorker(ThreadPoolExecutor.java:1191)
	at org.apache.tomcat.util.threads.ThreadPoolExecutor$Worker.run(ThreadPoolExecutor.java:659)
	at org.apache.tomcat.util.threads.TaskThread$WrappingRunnable.run(TaskThread.java:61)
	at java.lang.Thread.run(Thread.java:748)
2026-05-02 01:13:21 [DEBUG][org.springframework.web.servlet.mvc.method.annotation.RequestResponseBodyMethodProcessor][writeWithMessageConverters][268]-> Using 'application/json', given [application/json, text/plain, */*] and supported [application/json, application/*+json, application/json, application/*+json]
2026-05-02 01:13:21 [DEBUG][org.springframework.web.servlet.mvc.method.annotation.RequestResponseBodyMethodProcessor][traceDebug][108]-> Writing [com.njtech.xcloud.entity.vo.ResponseVO@49759786]
2026-05-02 01:13:21 [DEBUG][org.springframework.web.servlet.mvc.method.annotation.ExceptionHandlerExceptionResolver][resolveException][146]-> Resolved [java.lang.NullPointerException]
2026-05-02 01:13:21 [DEBUG][org.springframework.web.servlet.DispatcherServlet][logResult][1131]-> Completed 200 OK
2026-05-02 01:13:41 [DEBUG][com.zaxxer.hikari.pool.HikariPool][logPoolState][421]-> HikariCPDatasource - Before cleanup stats (total=5, active=0, idle=5, waiting=0)
2026-05-02 01:13:41 [DEBUG][com.zaxxer.hikari.pool.HikariPool][logPoolState][421]-> HikariCPDatasource - After cleanup  stats (total=5, active=0, idle=5, waiting=0)
2026-05-02 01:13:41 [DEBUG][com.zaxxer.hikari.pool.HikariPool][fillPool][518]-> HikariCPDatasource - Fill pool skipped, pool is at sufficient level.
2026-05-02 01:14:11 [DEBUG][com.zaxxer.hikari.pool.HikariPool][logPoolState][421]-> HikariCPDatasource - Before cleanup stats (total=5, active=0, idle=5, waiting=0)
2026-05-02 01:14:11 [DEBUG][com.zaxxer.hikari.pool.HikariPool][logPoolState][421]-> HikariCPDatasource - After cleanup  stats (total=5, active=0, idle=5, waiting=0)
2026-05-02 01:14:11 [DEBUG][com.zaxxer.hikari.pool.HikariPool][fillPool][518]-> HikariCPDatasource - Fill pool skipped, pool is at sufficient level.
2026-05-02 01:14:41 [DEBUG][com.zaxxer.hikari.pool.HikariPool][logPoolState][421]-> HikariCPDatasource - Before cleanup stats (total=5, active=0, idle=5, waiting=0)
2026-05-02 01:14:41 [DEBUG][com.zaxxer.hikari.pool.HikariPool][logPoolState][421]-> HikariCPDatasource - After cleanup  stats (total=5, active=0, idle=5, waiting=0)
2026-05-02 01:14:41 [DEBUG][com.zaxxer.hikari.pool.HikariPool][fillPool][518]-> HikariCPDatasource - Fill pool skipped, pool is at sufficient level.
2026-05-02 01:15:11 [DEBUG][com.zaxxer.hikari.pool.HikariPool][logPoolState][421]-> HikariCPDatasource - Before cleanup stats (total=5, active=0, idle=5, waiting=0)
2026-05-02 01:15:11 [DEBUG][com.zaxxer.hikari.pool.HikariPool][logPoolState][421]-> HikariCPDatasource - After cleanup  stats (total=5, active=0, idle=5, waiting=0)
2026-05-02 01:15:11 [DEBUG][com.zaxxer.hikari.pool.HikariPool][fillPool][518]-> HikariCPDatasource - Fill pool skipped, pool is at sufficient level.
2026-05-02 01:15:36 [WARN][org.springframework.context.annotation.ClassPathScanningCandidateComponentProvider][doScan][166]-> No MyBatis mapper was found in '[com.njtech.xcloud.mappers]' package. Please check your configuration.
2026-05-02 01:15:36 [WARN][org.springframework.context.annotation.ClassPathScanningCandidateComponentProvider][doScan][166]-> No MyBatis mapper was found in '[com.njtech.xcloud.mappers]' package. Please check your configuration.
2026-05-02 01:15:36 [INFO][org.springframework.data.repository.config.RepositoryConfigurationDelegate][registerRepositoriesIn][132]-> Bootstrapping Spring Data Redis repositories in DEFAULT mode.
2026-05-02 01:15:36 [DEBUG][org.springframework.data.repository.config.RepositoryConfigurationDelegate][registerRepositoriesIn][145]-> Scanning for Redis repositories in packages com.njtech.xcloud.
2026-05-02 01:15:36 [INFO][org.springframework.data.repository.config.RepositoryConfigurationDelegate][registerRepositoriesIn][201]-> Finished Spring Data repository scanning in 4 ms. Found 0 Redis repository interfaces.
2026-05-02 01:15:36 [DEBUG][org.springframework.context.annotation.ClassPathScanningCandidateComponentProvider][__scanCandidateComponents][435]-> Identified candidate component class: file [C:\Users\Luojun\Desktop\workspace\xcloud\xcloud-java\target\classes\com\njtech\xcloud\controller\FileShareController.class]
2026-05-02 01:15:36 [DEBUG][org.springframework.jmx.export.annotation.AnnotationMBeanExporter][registerBeans][541]-> Autodetecting user-defined JMX MBeans
2026-05-02 01:15:36 [DEBUG][_org.springframework.web.servlet.HandlerMapping.Mappings][detectHandlerMethods][295]-> 
	c.n.x.c.FileShareController:
	{ [/share/cancelShare]}: cancelShare(HttpSession,String)
	{ [/share/shareFile]}: shareFile(HttpSession,String,Integer,Integer,String)
	{ [/share/loadShareList]}: loadShareList(HttpSession,FileShareQuery)
2026-05-02 01:15:36 [DEBUG][org.springframework.web.servlet.DispatcherServlet][initMultipartResolver][520]-> Detected StandardServletMultipartResolver
2026-05-02 01:15:36 [DEBUG][org.springframework.web.servlet.DispatcherServlet][initLocaleResolver][544]-> Detected AcceptHeaderLocaleResolver
2026-05-02 01:15:36 [DEBUG][org.springframework.web.servlet.DispatcherServlet][initThemeResolver][569]-> Detected FixedThemeResolver
2026-05-02 01:15:36 [DEBUG][org.springframework.web.servlet.DispatcherServlet][initRequestToViewNameTranslator][719]-> Detected org.springframework.web.servlet.view.DefaultRequestToViewNameTranslator@6c76ccc9
2026-05-02 01:15:36 [DEBUG][org.springframework.web.servlet.DispatcherServlet][initFlashMapManager][783]-> Detected org.springframework.web.servlet.support.SessionFlashMapManager@78b10ace
2026-05-02 01:15:36 [DEBUG][org.springframework.web.servlet.DispatcherServlet][traceDebug][108]-> POST "/api/getUseSpace", parameters={multipart}
2026-05-02 01:15:36 [DEBUG][org.springframework.web.servlet.DispatcherServlet][traceDebug][108]-> POST "/api/share/loadShareList", parameters={multipart}
2026-05-02 01:15:36 [DEBUG][org.springframework.web.servlet.DispatcherServlet][traceDebug][108]-> GET "/api/getAvatar/2117787425?1777655736718", parameters={masked}
2026-05-02 01:15:36 [DEBUG][org.springframework.web.servlet.mvc.method.annotation.RequestMappingHandlerMapping][getHandler][522]-> Mapped to com.njtech.xcloud.controller.UserInfoController#getAvatar(String, HttpServletResponse)
2026-05-02 01:15:36 [DEBUG][org.springframework.web.servlet.mvc.method.annotation.RequestMappingHandlerMapping][getHandler][522]-> Mapped to com.njtech.xcloud.controller.UserInfoController#getUseSpace(HttpSession)
2026-05-02 01:15:36 [DEBUG][org.springframework.data.redis.core.RedisConnectionUtils][doGetConnection][143]-> Fetching Redis Connection from RedisConnectionFactory
2026-05-02 01:15:36 [DEBUG][io.lettuce.core.RedisChannelHandler][dispatch][175]-> dispatching command AsyncCommand [type=GET, output=ValueOutput [output=null, error='null'], commandType=io.lettuce.core.protocol.Command]
2026-05-02 01:15:36 [DEBUG][org.springframework.web.servlet.mvc.method.annotation.RequestMappingHandlerMapping][getHandler][522]-> Mapped to com.njtech.xcloud.controller.FileShareController#loadShareList(HttpSession, FileShareQuery)
2026-05-02 01:15:36 [DEBUG][io.lettuce.core.protocol.DefaultEndpoint][channelWriteAndFlush][430]-> [channel=0x3f7163c9, /127.0.0.1:59190 -> /127.0.0.1:6379, epid=0x1] write() writeAndFlush command AsyncCommand [type=GET, output=ValueOutput [output=null, error='null'], commandType=io.lettuce.core.protocol.Command]
2026-05-02 01:15:36 [DEBUG][org.springframework.web.servlet.DispatcherServlet][logResult][1131]-> Completed 200 OK
2026-05-02 01:15:36 [DEBUG][io.lettuce.core.protocol.CommandHandler][write][383]-> [channel=0x3f7163c9, /127.0.0.1:59190 -> /127.0.0.1:6379, epid=0x1, chid=0x1] write(ctx, AsyncCommand [type=GET, output=ValueOutput [output=null, error='null'], commandType=io.lettuce.core.protocol.Command], promise)
2026-05-02 01:15:36 [DEBUG][io.lettuce.core.protocol.DefaultEndpoint][write][207]-> [channel=0x3f7163c9, /127.0.0.1:59190 -> /127.0.0.1:6379, epid=0x1] write() done
2026-05-02 01:15:36 [DEBUG][io.lettuce.core.protocol.CommandEncoder][encode][101]-> [channel=0x3f7163c9, /127.0.0.1:59190 -> /127.0.0.1:6379] writing command AsyncCommand [type=GET, output=ValueOutput [output=null, error='null'], commandType=io.lettuce.core.protocol.Command]
2026-05-02 01:15:36 [DEBUG][io.lettuce.core.protocol.CommandHandler][channelRead][577]-> [channel=0x3f7163c9, /127.0.0.1:59190 -> /127.0.0.1:6379, epid=0x1, chid=0x1] Received: 97 bytes, 1 commands in the stack
2026-05-02 01:15:36 [DEBUG][io.lettuce.core.protocol.CommandHandler][decode][651]-> [channel=0x3f7163c9, /127.0.0.1:59190 -> /127.0.0.1:6379, epid=0x1, chid=0x1] Stack contains: 1 commands
2026-05-02 01:15:36 [DEBUG][io.lettuce.core.protocol.RedisStateMachine][decode][298]-> Decode done, empty stack: true
2026-05-02 01:15:36 [DEBUG][io.lettuce.core.protocol.CommandHandler][decode][679]-> [channel=0x3f7163c9, /127.0.0.1:59190 -> /127.0.0.1:6379, epid=0x1, chid=0x1] Completing command AsyncCommand [type=GET, output=ValueOutput [output=[B@6b7d1d55, error='null'], commandType=io.lettuce.core.protocol.Command]
2026-05-02 01:15:36 [DEBUG][org.springframework.data.redis.core.RedisConnectionUtils][doCloseConnection][389]-> Closing Redis Connection.
2026-05-02 01:15:36 [DEBUG][org.springframework.web.servlet.mvc.method.annotation.RequestResponseBodyMethodProcessor][writeWithMessageConverters][268]-> Using 'application/json', given [application/json, text/plain, */*] and supported [application/json, application/*+json, application/json, application/*+json]
2026-05-02 01:15:36 [DEBUG][org.springframework.web.servlet.mvc.method.annotation.RequestResponseBodyMethodProcessor][traceDebug][108]-> Writing [com.njtech.xcloud.entity.vo.ResponseVO@7681d60b]
2026-05-02 01:15:36 [DEBUG][org.springframework.web.servlet.DispatcherServlet][logResult][1131]-> Completed 200 OK
2026-05-02 01:15:36 [DEBUG][org.springframework.jdbc.datasource.DataSourceUtils][doGetConnection][116]-> Fetching JDBC Connection from DataSource
2026-05-02 01:15:36 [DEBUG][org.springframework.jdbc.datasource.DataSourceUtils][doGetConnection][116]-> Fetching JDBC Connection from DataSource
2026-05-02 01:15:36 [DEBUG][org.springframework.web.servlet.mvc.method.annotation.ExceptionHandlerExceptionResolver][doResolveHandlerMethodException][416]-> Using @ExceptionHandler com.njtech.xcloud.controller.AGlobalExceptionHandlerController#handleException(Exception, HttpServletRequest)
2026-05-02 01:15:36 [ERROR][com.njtech.xcloud.controller.AGlobalExceptionHandlerController][handleException][25]-> 请求错误，请求地址http://localhost:7090/api/share/loadShareList,错误信息:
java.lang.NullPointerException: null
	at com.njtech.xcloud.controller.FileShareController.loadShareList(FileShareController.java:64)
	at com.njtech.xcloud.controller.FileShareController$$FastClassByCGLIB$$1.invoke(<generated>)
	at org.springframework.cglib.proxy.MethodProxy.invoke(MethodProxy.java:218)
	at org.springframework.aop.framework.CglibAopProxy$CglibMethodInvocation.invokeJoinpoint(CglibAopProxy.java:783)
	at org.springframework.aop.framework.ReflectiveMethodInvocation.proceed(ReflectiveMethodInvocation.java:163)
	at org.springframework.aop.framework.CglibAopProxy$CglibMethodInvocation.proceed(CglibAopProxy.java:753)
	at org.springframework.aop.framework.adapter.MethodBeforeAdviceInterceptor.invoke(MethodBeforeAdviceInterceptor.java:58)
	at org.springframework.aop.framework.ReflectiveMethodInvocation.proceed(ReflectiveMethodInvocation.java:175)
	at org.springframework.aop.framework.CglibAopProxy$CglibMethodInvocation.proceed(CglibAopProxy.java:753)
	at org.springframework.aop.interceptor.ExposeInvocationInterceptor.invoke(ExposeInvocationInterceptor.java:97)
	at org.springframework.aop.framework.ReflectiveMethodInvocation.proceed(ReflectiveMethodInvocation.java:186)
	at org.springframework.aop.framework.CglibAopProxy$CglibMethodInvocation.proceed(CglibAopProxy.java:753)
	at org.springframework.aop.framework.CglibAopProxy$DynamicAdvisedInterceptor.intercept(CglibAopProxy.java:698)
	at com.njtech.xcloud.controller.FileShareController$$EnhancerBySpringCGLIB$$1.loadShareList(<generated>)
	at sun.reflect.NativeMethodAccessorImpl.invoke0(Native Method)
	at sun.reflect.NativeMethodAccessorImpl.invoke(NativeMethodAccessorImpl.java:62)
	at sun.reflect.DelegatingMethodAccessorImpl.invoke(DelegatingMethodAccessorImpl.java:43)
	at java.lang.reflect.Method.invoke(Method.java:498)
	at org.springframework.web.method.support.InvocableHandlerMethod.doInvoke(InvocableHandlerMethod.java:205)
	at org.springframework.web.method.support.InvocableHandlerMethod.invokeForRequest(InvocableHandlerMethod.java:150)
	at org.springframework.web.servlet.mvc.method.annotation.ServletInvocableHandlerMethod.invokeAndHandle(ServletInvocableHandlerMethod.java:117)
	at org.springframework.web.servlet.mvc.method.annotation.RequestMappingHandlerAdapter.invokeHandlerMethod(RequestMappingHandlerAdapter.java:895)
	at org.springframework.web.servlet.mvc.method.annotation.RequestMappingHandlerAdapter.handleInternal(RequestMappingHandlerAdapter.java:808)
	at org.springframework.web.servlet.mvc.method.AbstractHandlerMethodAdapter.handle(AbstractHandlerMethodAdapter.java:87)
	at org.springframework.web.servlet.DispatcherServlet.doDispatch(DispatcherServlet.java:1067)
	at org.springframework.web.servlet.DispatcherServlet.doService(DispatcherServlet.java:963)
	at org.springframework.web.servlet.FrameworkServlet.processRequest(FrameworkServlet.java:1006)
	at org.springframework.web.servlet.FrameworkServlet.doPost(FrameworkServlet.java:909)
	at javax.servlet.http.HttpServlet.service(HttpServlet.java:681)
	at org.springframework.web.servlet.FrameworkServlet.service(FrameworkServlet.java:883)
	at javax.servlet.http.HttpServlet.service(HttpServlet.java:764)
	at org.apache.catalina.core.ApplicationFilterChain.internalDoFilter(ApplicationFilterChain.java:227)
	at org.apache.catalina.core.ApplicationFilterChain.doFilter(ApplicationFilterChain.java:162)
	at org.apache.tomcat.websocket.server.WsFilter.doFilter(WsFilter.java:53)
	at org.apache.catalina.core.ApplicationFilterChain.internalDoFilter(ApplicationFilterChain.java:189)
	at org.apache.catalina.core.ApplicationFilterChain.doFilter(ApplicationFilterChain.java:162)
	at org.springframework.web.filter.RequestContextFilter.doFilterInternal(RequestContextFilter.java:100)
	at org.springframework.web.filter.OncePerRequestFilter.doFilter(OncePerRequestFilter.java:119)
	at org.apache.catalina.core.ApplicationFilterChain.internalDoFilter(ApplicationFilterChain.java:189)
	at org.apache.catalina.core.ApplicationFilterChain.doFilter(ApplicationFilterChain.java:162)
	at org.springframework.web.filter.FormContentFilter.doFilterInternal(FormContentFilter.java:93)
	at org.springframework.web.filter.OncePerRequestFilter.doFilter(OncePerRequestFilter.java:119)
	at org.apache.catalina.core.ApplicationFilterChain.internalDoFilter(ApplicationFilterChain.java:189)
	at org.apache.catalina.core.ApplicationFilterChain.doFilter(ApplicationFilterChain.java:162)
	at org.springframework.web.filter.CharacterEncodingFilter.doFilterInternal(CharacterEncodingFilter.java:201)
	at org.springframework.web.filter.OncePerRequestFilter.doFilter(OncePerRequestFilter.java:119)
	at org.apache.catalina.core.ApplicationFilterChain.internalDoFilter(ApplicationFilterChain.java:189)
	at org.apache.catalina.core.ApplicationFilterChain.doFilter(ApplicationFilterChain.java:162)
	at org.apache.catalina.core.StandardWrapperValve.invoke(StandardWrapperValve.java:197)
	at org.apache.catalina.core.StandardContextValve.__invoke(StandardContextValve.java:97)
	at org.apache.catalina.core.StandardContextValve.invoke(StandardContextValve.java:41002)
	at org.apache.catalina.authenticator.AuthenticatorBase.invoke(AuthenticatorBase.java:540)
	at org.apache.catalina.core.StandardHostValve.invoke(StandardHostValve.java:135)
	at org.apache.catalina.valves.ErrorReportValve.invoke(ErrorReportValve.java:92)
	at org.apache.catalina.core.StandardEngineValve.invoke(StandardEngineValve.java:78)
	at org.apache.catalina.connector.CoyoteAdapter.service(CoyoteAdapter.java:357)
	at org.apache.coyote.http11.Http11Processor.service(Http11Processor.java:382)
	at org.apache.coyote.AbstractProcessorLight.process(AbstractProcessorLight.java:65)
	at org.apache.coyote.AbstractProtocol$ConnectionHandler.process(AbstractProtocol.java:895)
	at org.apache.tomcat.util.net.NioEndpoint$SocketProcessor.doRun(NioEndpoint.java:1722)
	at org.apache.tomcat.util.net.SocketProcessorBase.run(SocketProcessorBase.java:49)
	at org.apache.tomcat.util.threads.ThreadPoolExecutor.runWorker(ThreadPoolExecutor.java:1191)
	at org.apache.tomcat.util.threads.ThreadPoolExecutor$Worker.run(ThreadPoolExecutor.java:659)
	at org.apache.tomcat.util.threads.TaskThread$WrappingRunnable.run(TaskThread.java:61)
	at java.lang.Thread.run(Thread.java:748)
2026-05-02 01:15:36 [DEBUG][org.springframework.web.servlet.mvc.method.annotation.RequestResponseBodyMethodProcessor][writeWithMessageConverters][268]-> Using 'application/json', given [application/json, text/plain, */*] and supported [application/json, application/*+json, application/json, application/*+json]
2026-05-02 01:15:36 [DEBUG][org.springframework.web.servlet.mvc.method.annotation.RequestResponseBodyMethodProcessor][traceDebug][108]-> Writing [com.njtech.xcloud.entity.vo.ResponseVO@2d2ad093]
2026-05-02 01:15:36 [DEBUG][org.springframework.web.servlet.mvc.method.annotation.ExceptionHandlerExceptionResolver][resolveException][146]-> Resolved [java.lang.NullPointerException]
2026-05-02 01:15:36 [DEBUG][org.springframework.web.servlet.DispatcherServlet][logResult][1131]-> Completed 200 OK
2026-05-02 01:15:41 [DEBUG][com.zaxxer.hikari.pool.HikariPool][logPoolState][421]-> HikariCPDatasource - Before cleanup stats (total=5, active=0, idle=5, waiting=0)
2026-05-02 01:15:41 [DEBUG][com.zaxxer.hikari.pool.HikariPool][logPoolState][421]-> HikariCPDatasource - After cleanup  stats (total=5, active=0, idle=5, waiting=0)
2026-05-02 01:15:41 [DEBUG][com.zaxxer.hikari.pool.HikariPool][fillPool][518]-> HikariCPDatasource - Fill pool skipped, pool is at sufficient level.
2026-05-02 01:15:44 [DEBUG][org.springframework.web.servlet.DispatcherServlet][traceDebug][108]-> POST "/api/getUseSpace", parameters={multipart}
2026-05-02 01:15:44 [DEBUG][org.springframework.web.servlet.DispatcherServlet][traceDebug][108]-> POST "/api/share/loadShareList", parameters={multipart}
2026-05-02 01:15:44 [DEBUG][org.springframework.web.servlet.mvc.method.annotation.RequestMappingHandlerMapping][getHandler][522]-> Mapped to com.njtech.xcloud.controller.FileShareController#loadShareList(HttpSession, FileShareQuery)
2026-05-02 01:15:44 [DEBUG][org.springframework.web.servlet.mvc.method.annotation.RequestMappingHandlerMapping][getHandler][522]-> Mapped to com.njtech.xcloud.controller.UserInfoController#getUseSpace(HttpSession)
2026-05-02 01:15:44 [DEBUG][org.springframework.data.redis.core.RedisConnectionUtils][doGetConnection][143]-> Fetching Redis Connection from RedisConnectionFactory
2026-05-02 01:15:44 [DEBUG][io.lettuce.core.RedisChannelHandler][dispatch][175]-> dispatching command AsyncCommand [type=GET, output=ValueOutput [output=null, error='null'], commandType=io.lettuce.core.protocol.Command]
2026-05-02 01:15:44 [DEBUG][io.lettuce.core.protocol.DefaultEndpoint][channelWriteAndFlush][430]-> [channel=0x3f7163c9, /127.0.0.1:59190 -> /127.0.0.1:6379, epid=0x1] write() writeAndFlush command AsyncCommand [type=GET, output=ValueOutput [output=null, error='null'], commandType=io.lettuce.core.protocol.Command]
2026-05-02 01:15:44 [DEBUG][io.lettuce.core.protocol.CommandHandler][write][383]-> [channel=0x3f7163c9, /127.0.0.1:59190 -> /127.0.0.1:6379, epid=0x1, chid=0x1] write(ctx, AsyncCommand [type=GET, output=ValueOutput [output=null, error='null'], commandType=io.lettuce.core.protocol.Command], promise)
2026-05-02 01:15:44 [DEBUG][io.lettuce.core.protocol.DefaultEndpoint][write][207]-> [channel=0x3f7163c9, /127.0.0.1:59190 -> /127.0.0.1:6379, epid=0x1] write() done
2026-05-02 01:15:44 [DEBUG][io.lettuce.core.protocol.CommandEncoder][encode][101]-> [channel=0x3f7163c9, /127.0.0.1:59190 -> /127.0.0.1:6379] writing command AsyncCommand [type=GET, output=ValueOutput [output=null, error='null'], commandType=io.lettuce.core.protocol.Command]
2026-05-02 01:15:44 [DEBUG][io.lettuce.core.protocol.CommandHandler][channelRead][577]-> [channel=0x3f7163c9, /127.0.0.1:59190 -> /127.0.0.1:6379, epid=0x1, chid=0x1] Received: 97 bytes, 1 commands in the stack
2026-05-02 01:15:44 [DEBUG][io.lettuce.core.protocol.CommandHandler][decode][651]-> [channel=0x3f7163c9, /127.0.0.1:59190 -> /127.0.0.1:6379, epid=0x1, chid=0x1] Stack contains: 1 commands
2026-05-02 01:15:44 [DEBUG][io.lettuce.core.protocol.RedisStateMachine][decode][298]-> Decode done, empty stack: true
2026-05-02 01:15:44 [DEBUG][io.lettuce.core.protocol.CommandHandler][decode][679]-> [channel=0x3f7163c9, /127.0.0.1:59190 -> /127.0.0.1:6379, epid=0x1, chid=0x1] Completing command AsyncCommand [type=GET, output=ValueOutput [output=[B@3ec60a72, error='null'], commandType=io.lettuce.core.protocol.Command]
2026-05-02 01:15:44 [DEBUG][org.springframework.jdbc.datasource.DataSourceUtils][doGetConnection][116]-> Fetching JDBC Connection from DataSource
2026-05-02 01:15:44 [DEBUG][org.springframework.data.redis.core.RedisConnectionUtils][doCloseConnection][389]-> Closing Redis Connection.
2026-05-02 01:15:44 [DEBUG][org.springframework.jdbc.datasource.DataSourceUtils][doGetConnection][116]-> Fetching JDBC Connection from DataSource
2026-05-02 01:15:44 [DEBUG][org.springframework.web.servlet.mvc.method.annotation.RequestResponseBodyMethodProcessor][writeWithMessageConverters][268]-> Using 'application/json', given [application/json, text/plain, */*] and supported [application/json, application/*+json, application/json, application/*+json]
2026-05-02 01:15:44 [DEBUG][org.springframework.web.servlet.mvc.method.annotation.RequestResponseBodyMethodProcessor][traceDebug][108]-> Writing [com.njtech.xcloud.entity.vo.ResponseVO@1864758f]
2026-05-02 01:15:44 [DEBUG][org.springframework.web.servlet.DispatcherServlet][logResult][1131]-> Completed 200 OK
2026-05-02 01:15:44 [DEBUG][org.springframework.web.servlet.mvc.method.annotation.ExceptionHandlerExceptionResolver][doResolveHandlerMethodException][416]-> Using @ExceptionHandler com.njtech.xcloud.controller.AGlobalExceptionHandlerController#handleException(Exception, HttpServletRequest)
2026-05-02 01:15:44 [ERROR][com.njtech.xcloud.controller.AGlobalExceptionHandlerController][handleException][25]-> 请求错误，请求地址http://localhost:7090/api/share/loadShareList,错误信息:
java.lang.NullPointerException: null
	at com.njtech.xcloud.controller.FileShareController.loadShareList(FileShareController.java:64)
	at com.njtech.xcloud.controller.FileShareController$$FastClassByCGLIB$$1.invoke(<generated>)
	at org.springframework.cglib.proxy.MethodProxy.invoke(MethodProxy.java:218)
	at org.springframework.aop.framework.CglibAopProxy$CglibMethodInvocation.invokeJoinpoint(CglibAopProxy.java:783)
	at org.springframework.aop.framework.ReflectiveMethodInvocation.proceed(ReflectiveMethodInvocation.java:163)
	at org.springframework.aop.framework.CglibAopProxy$CglibMethodInvocation.proceed(CglibAopProxy.java:753)
	at org.springframework.aop.framework.adapter.MethodBeforeAdviceInterceptor.invoke(MethodBeforeAdviceInterceptor.java:58)
	at org.springframework.aop.framework.ReflectiveMethodInvocation.proceed(ReflectiveMethodInvocation.java:175)
	at org.springframework.aop.framework.CglibAopProxy$CglibMethodInvocation.proceed(CglibAopProxy.java:753)
	at org.springframework.aop.interceptor.ExposeInvocationInterceptor.invoke(ExposeInvocationInterceptor.java:97)
	at org.springframework.aop.framework.ReflectiveMethodInvocation.proceed(ReflectiveMethodInvocation.java:186)
	at org.springframework.aop.framework.CglibAopProxy$CglibMethodInvocation.proceed(CglibAopProxy.java:753)
	at org.springframework.aop.framework.CglibAopProxy$DynamicAdvisedInterceptor.intercept(CglibAopProxy.java:698)
	at com.njtech.xcloud.controller.FileShareController$$EnhancerBySpringCGLIB$$1.loadShareList(<generated>)
	at sun.reflect.NativeMethodAccessorImpl.invoke0(Native Method)
	at sun.reflect.NativeMethodAccessorImpl.invoke(NativeMethodAccessorImpl.java:62)
	at sun.reflect.DelegatingMethodAccessorImpl.invoke(DelegatingMethodAccessorImpl.java:43)
	at java.lang.reflect.Method.invoke(Method.java:498)
	at org.springframework.web.method.support.InvocableHandlerMethod.doInvoke(InvocableHandlerMethod.java:205)
	at org.springframework.web.method.support.InvocableHandlerMethod.invokeForRequest(InvocableHandlerMethod.java:150)
	at org.springframework.web.servlet.mvc.method.annotation.ServletInvocableHandlerMethod.invokeAndHandle(ServletInvocableHandlerMethod.java:117)
	at org.springframework.web.servlet.mvc.method.annotation.RequestMappingHandlerAdapter.invokeHandlerMethod(RequestMappingHandlerAdapter.java:895)
	at org.springframework.web.servlet.mvc.method.annotation.RequestMappingHandlerAdapter.handleInternal(RequestMappingHandlerAdapter.java:808)
	at org.springframework.web.servlet.mvc.method.AbstractHandlerMethodAdapter.handle(AbstractHandlerMethodAdapter.java:87)
	at org.springframework.web.servlet.DispatcherServlet.doDispatch(DispatcherServlet.java:1067)
	at org.springframework.web.servlet.DispatcherServlet.doService(DispatcherServlet.java:963)
	at org.springframework.web.servlet.FrameworkServlet.processRequest(FrameworkServlet.java:1006)
	at org.springframework.web.servlet.FrameworkServlet.doPost(FrameworkServlet.java:909)
	at javax.servlet.http.HttpServlet.service(HttpServlet.java:681)
	at org.springframework.web.servlet.FrameworkServlet.service(FrameworkServlet.java:883)
	at javax.servlet.http.HttpServlet.service(HttpServlet.java:764)
	at org.apache.catalina.core.ApplicationFilterChain.internalDoFilter(ApplicationFilterChain.java:227)
	at org.apache.catalina.core.ApplicationFilterChain.doFilter(ApplicationFilterChain.java:162)
	at org.apache.tomcat.websocket.server.WsFilter.doFilter(WsFilter.java:53)
	at org.apache.catalina.core.ApplicationFilterChain.internalDoFilter(ApplicationFilterChain.java:189)
	at org.apache.catalina.core.ApplicationFilterChain.doFilter(ApplicationFilterChain.java:162)
	at org.springframework.web.filter.RequestContextFilter.doFilterInternal(RequestContextFilter.java:100)
	at org.springframework.web.filter.OncePerRequestFilter.doFilter(OncePerRequestFilter.java:119)
	at org.apache.catalina.core.ApplicationFilterChain.internalDoFilter(ApplicationFilterChain.java:189)
	at org.apache.catalina.core.ApplicationFilterChain.doFilter(ApplicationFilterChain.java:162)
	at org.springframework.web.filter.FormContentFilter.doFilterInternal(FormContentFilter.java:93)
	at org.springframework.web.filter.OncePerRequestFilter.doFilter(OncePerRequestFilter.java:119)
	at org.apache.catalina.core.ApplicationFilterChain.internalDoFilter(ApplicationFilterChain.java:189)
	at org.apache.catalina.core.ApplicationFilterChain.doFilter(ApplicationFilterChain.java:162)
	at org.springframework.web.filter.CharacterEncodingFilter.doFilterInternal(CharacterEncodingFilter.java:201)
	at org.springframework.web.filter.OncePerRequestFilter.doFilter(OncePerRequestFilter.java:119)
	at org.apache.catalina.core.ApplicationFilterChain.internalDoFilter(ApplicationFilterChain.java:189)
	at org.apache.catalina.core.ApplicationFilterChain.doFilter(ApplicationFilterChain.java:162)
	at org.apache.catalina.core.StandardWrapperValve.invoke(StandardWrapperValve.java:197)
	at org.apache.catalina.core.StandardContextValve.__invoke(StandardContextValve.java:97)
	at org.apache.catalina.core.StandardContextValve.invoke(StandardContextValve.java:41002)
	at org.apache.catalina.authenticator.AuthenticatorBase.invoke(AuthenticatorBase.java:540)
	at org.apache.catalina.core.StandardHostValve.invoke(StandardHostValve.java:135)
	at org.apache.catalina.valves.ErrorReportValve.invoke(ErrorReportValve.java:92)
	at org.apache.catalina.core.StandardEngineValve.invoke(StandardEngineValve.java:78)
	at org.apache.catalina.connector.CoyoteAdapter.service(CoyoteAdapter.java:357)
	at org.apache.coyote.http11.Http11Processor.service(Http11Processor.java:382)
	at org.apache.coyote.AbstractProcessorLight.process(AbstractProcessorLight.java:65)
	at org.apache.coyote.AbstractProtocol$ConnectionHandler.process(AbstractProtocol.java:895)
	at org.apache.tomcat.util.net.NioEndpoint$SocketProcessor.doRun(NioEndpoint.java:1722)
	at org.apache.tomcat.util.net.SocketProcessorBase.run(SocketProcessorBase.java:49)
	at org.apache.tomcat.util.threads.ThreadPoolExecutor.runWorker(ThreadPoolExecutor.java:1191)
	at org.apache.tomcat.util.threads.ThreadPoolExecutor$Worker.run(ThreadPoolExecutor.java:659)
	at org.apache.tomcat.util.threads.TaskThread$WrappingRunnable.run(TaskThread.java:61)
	at java.lang.Thread.run(Thread.java:748)
2026-05-02 01:15:44 [DEBUG][org.springframework.web.servlet.mvc.method.annotation.RequestResponseBodyMethodProcessor][writeWithMessageConverters][268]-> Using 'application/json', given [application/json, text/plain, */*] and supported [application/json, application/*+json, application/json, application/*+json]
2026-05-02 01:15:44 [DEBUG][org.springframework.web.servlet.mvc.method.annotation.RequestResponseBodyMethodProcessor][traceDebug][108]-> Writing [com.njtech.xcloud.entity.vo.ResponseVO@39d0c0ab]
2026-05-02 01:15:44 [DEBUG][org.springframework.web.servlet.mvc.method.annotation.ExceptionHandlerExceptionResolver][resolveException][146]-> Resolved [java.lang.NullPointerException]
2026-05-02 01:15:44 [DEBUG][org.springframework.web.servlet.DispatcherServlet][logResult][1131]-> Completed 200 OK
2026-05-02 01:15:45 [DEBUG][org.springframework.web.servlet.DispatcherServlet][traceDebug][108]-> POST "/api/recycle/loadRecycleList", parameters={multipart}
2026-05-02 01:15:45 [DEBUG][org.springframework.web.servlet.DispatcherServlet][traceDebug][108]-> GET "/api/getAvatar/2117787425?1777655744266", parameters={masked}
2026-05-02 01:15:45 [DEBUG][org.springframework.web.servlet.mvc.method.annotation.RequestMappingHandlerMapping][getHandler][522]-> Mapped to com.njtech.xcloud.controller.RecycleController#loadRecycleList(HttpSession, FileInfoQuery, String)
2026-05-02 01:15:45 [DEBUG][org.springframework.web.servlet.mvc.method.annotation.RequestMappingHandlerMapping][getHandler][522]-> Mapped to com.njtech.xcloud.controller.UserInfoController#getAvatar(String, HttpServletResponse)
2026-05-02 01:15:45 [DEBUG][org.springframework.web.servlet.DispatcherServlet][logResult][1131]-> Completed 200 OK
2026-05-02 01:15:45 [DEBUG][org.springframework.jdbc.datasource.DataSourceUtils][doGetConnection][116]-> Fetching JDBC Connection from DataSource
2026-05-02 01:15:45 [DEBUG][org.springframework.web.servlet.mvc.method.annotation.RequestResponseBodyMethodProcessor][writeWithMessageConverters][268]-> Using 'application/json', given [application/json, text/plain, */*] and supported [application/json, application/*+json, application/json, application/*+json]
2026-05-02 01:15:45 [DEBUG][org.springframework.web.servlet.mvc.method.annotation.RequestResponseBodyMethodProcessor][traceDebug][108]-> Writing [com.njtech.xcloud.entity.vo.ResponseVO@3fd70b5f]
2026-05-02 01:15:45 [DEBUG][org.springframework.web.servlet.DispatcherServlet][logResult][1131]-> Completed 200 OK
2026-05-02 01:15:46 [DEBUG][org.springframework.context.annotation.ClassPathScanningCandidateComponentProvider][__scanCandidateComponents][435]-> Identified candidate component class: file [C:\Users\Luojun\Desktop\workspace\xcloud\xcloud-java\target\classes\com\njtech\xcloud\mappers\BaseMapper.class]
2026-05-02 01:15:46 [DEBUG][org.springframework.context.annotation.ClassPathScanningCandidateComponentProvider][__scanCandidateComponents][435]-> Identified candidate component class: file [C:\Users\Luojun\Desktop\workspace\xcloud\xcloud-java\target\classes\com\njtech\xcloud\mappers\EmailCodeMapper.class]
2026-05-02 01:15:46 [DEBUG][org.springframework.context.annotation.ClassPathScanningCandidateComponentProvider][__scanCandidateComponents][435]-> Identified candidate component class: file [C:\Users\Luojun\Desktop\workspace\xcloud\xcloud-java\target\classes\com\njtech\xcloud\mappers\FileInfoMapper.class]
2026-05-02 01:15:46 [DEBUG][org.springframework.context.annotation.ClassPathScanningCandidateComponentProvider][__scanCandidateComponents][435]-> Identified candidate component class: file [C:\Users\Luojun\Desktop\workspace\xcloud\xcloud-java\target\classes\com\njtech\xcloud\mappers\UserInfoMapper.class]
2026-05-02 01:15:47 [DEBUG][org.springframework.context.annotation.ClassPathScanningCandidateComponentProvider][processBeanDefinitions][180]-> Creating MapperFactoryBean with name 'baseMapper' and 'com.njtech.xcloud.mappers.BaseMapper' mapperInterface
2026-05-02 01:15:47 [DEBUG][org.springframework.context.annotation.ClassPathScanningCandidateComponentProvider][processBeanDefinitions][216]-> Enabling autowire by type for MapperFactoryBean with name 'baseMapper'.
2026-05-02 01:15:47 [DEBUG][org.springframework.context.annotation.ClassPathScanningCandidateComponentProvider][processBeanDefinitions][180]-> Creating MapperFactoryBean with name 'emailCodeMapper' and 'com.njtech.xcloud.mappers.EmailCodeMapper' mapperInterface
2026-05-02 01:15:47 [DEBUG][org.springframework.context.annotation.ClassPathScanningCandidateComponentProvider][processBeanDefinitions][216]-> Enabling autowire by type for MapperFactoryBean with name 'emailCodeMapper'.
2026-05-02 01:15:47 [DEBUG][org.springframework.context.annotation.ClassPathScanningCandidateComponentProvider][processBeanDefinitions][180]-> Creating MapperFactoryBean with name 'fileInfoMapper' and 'com.njtech.xcloud.mappers.FileInfoMapper' mapperInterface
2026-05-02 01:15:47 [DEBUG][org.springframework.context.annotation.ClassPathScanningCandidateComponentProvider][processBeanDefinitions][216]-> Enabling autowire by type for MapperFactoryBean with name 'fileInfoMapper'.
2026-05-02 01:15:47 [DEBUG][org.springframework.context.annotation.ClassPathScanningCandidateComponentProvider][processBeanDefinitions][180]-> Creating MapperFactoryBean with name 'userInfoMapper' and 'com.njtech.xcloud.mappers.UserInfoMapper' mapperInterface
2026-05-02 01:15:47 [DEBUG][org.springframework.context.annotation.ClassPathScanningCandidateComponentProvider][processBeanDefinitions][216]-> Enabling autowire by type for MapperFactoryBean with name 'userInfoMapper'.
2026-05-02 01:15:47 [WARN][org.springframework.context.annotation.ClassPathScanningCandidateComponentProvider][doScan][166]-> No MyBatis mapper was found in '[com.njtech.xcloud.mappers]' package. Please check your configuration.
2026-05-02 01:15:47 [INFO][org.springframework.data.repository.config.RepositoryConfigurationDelegate][registerRepositoriesIn][132]-> Bootstrapping Spring Data Redis repositories in DEFAULT mode.
2026-05-02 01:15:47 [DEBUG][org.springframework.data.repository.config.RepositoryConfigurationDelegate][registerRepositoriesIn][145]-> Scanning for Redis repositories in packages com.njtech.xcloud.
2026-05-02 01:15:47 [INFO][org.springframework.data.repository.config.RepositoryConfigurationDelegate][registerRepositoriesIn][201]-> Finished Spring Data repository scanning in 20 ms. Found 0 Redis repository interfaces.
2026-05-02 01:15:47 [DEBUG][org.springframework.aop.aspectj.annotation.ReflectiveAspectJAdvisorFactory][getAdvice][258]-> Found AspectJ method: public void com.njtech.xcloud.aspect.GlobalOperationAspect.interceptorDo(org.aspectj.lang.JoinPoint) throws java.lang.Exception
2026-05-02 01:15:47 [DEBUG][org.springframework.context.annotation.ClassPathScanningCandidateComponentProvider][__scanCandidateComponents][435]-> Identified candidate component class: file [C:\Users\Luojun\Desktop\workspace\xcloud\xcloud-java\target\classes\com\njtech\xcloud\controller\AGlobalExceptionHandlerController.class]
2026-05-02 01:15:47 [DEBUG][org.springframework.context.annotation.ClassPathScanningCandidateComponentProvider][__scanCandidateComponents][435]-> Identified candidate component class: file [C:\Users\Luojun\Desktop\workspace\xcloud\xcloud-java\target\classes\com\njtech\xcloud\service\impl\FileInfoServiceImpl.class]
2026-05-02 01:15:47 [DEBUG][org.springframework.context.annotation.ClassPathScanningCandidateComponentProvider][__scanCandidateComponents][435]-> Identified candidate component class: file [C:\Users\Luojun\Desktop\workspace\xcloud\xcloud-java\target\classes\com\njtech\xcloud\controller\RecycleController.class]
2026-05-02 01:15:47 [DEBUG][org.springframework.context.annotation.ClassPathScanningCandidateComponentProvider][__scanCandidateComponents][435]-> Identified candidate component class: file [C:\Users\Luojun\Desktop\workspace\xcloud\xcloud-java\target\classes\com\njtech\xcloud\service\impl\UserInfoServiceImpl.class]
2026-05-02 01:15:47 [DEBUG][org.springframework.context.annotation.ClassPathScanningCandidateComponentProvider][__scanCandidateComponents][435]-> Identified candidate component class: file [C:\Users\Luojun\Desktop\workspace\xcloud\xcloud-java\target\classes\com\njtech\xcloud\controller\UserInfoController.class]
2026-05-02 01:15:47 [DEBUG][org.springframework.context.annotation.ClassPathScanningCandidateComponentProvider][__scanCandidateComponents][435]-> Identified candidate component class: file [C:\Users\Luojun\Desktop\workspace\xcloud\xcloud-java\target\classes\com\njtech\xcloud\config\RedisUtils.class]
2026-05-02 01:15:47 [DEBUG][org.springframework.context.annotation.ClassPathScanningCandidateComponentProvider][__scanCandidateComponents][435]-> Identified candidate component class: file [C:\Users\Luojun\Desktop\workspace\xcloud\xcloud-java\target\classes\com\njtech\xcloud\controller\FileInfoController.class]
2026-05-02 01:15:47 [DEBUG][org.springframework.context.annotation.ClassPathScanningCandidateComponentProvider][__scanCandidateComponents][435]-> Identified candidate component class: file [C:\Users\Luojun\Desktop\workspace\xcloud\xcloud-java\target\classes\com\njtech\xcloud\config\Appconfig.class]
2026-05-02 01:15:47 [DEBUG][org.springframework.context.annotation.ClassPathScanningCandidateComponentProvider][__scanCandidateComponents][435]-> Identified candidate component class: file [C:\Users\Luojun\Desktop\workspace\xcloud\xcloud-java\target\classes\com\njtech\xcloud\service\impl\EmailCodeServiceImpl.class]
2026-05-02 01:15:47 [DEBUG][org.springframework.context.annotation.ClassPathScanningCandidateComponentProvider][__scanCandidateComponents][435]-> Identified candidate component class: file [C:\Users\Luojun\Desktop\workspace\xcloud\xcloud-java\target\classes\com\njtech\xcloud\aspect\GlobalOperationAspect.class]
2026-05-02 01:15:47 [DEBUG][org.springframework.context.annotation.ClassPathScanningCandidateComponentProvider][__scanCandidateComponents][435]-> Identified candidate component class: file [C:\Users\Luojun\Desktop\workspace\xcloud\xcloud-java\target\classes\com\njtech\xcloud\controller\EmailCodeController.class]
2026-05-02 01:15:47 [DEBUG][org.springframework.context.annotation.ClassPathScanningCandidateComponentProvider][__scanCandidateComponents][435]-> Identified candidate component class: file [C:\Users\Luojun\Desktop\workspace\xcloud\xcloud-java\target\classes\com\njtech\xcloud\config\RedisComponent.class]
2026-05-02 01:15:47 [DEBUG][org.springframework.context.annotation.ClassPathScanningCandidateComponentProvider][__scanCandidateComponents][435]-> Identified candidate component class: file [C:\Users\Luojun\Desktop\workspace\xcloud\xcloud-java\target\classes\com\njtech\xcloud\config\RedisConfig.class]
2026-05-02 01:15:47 [DEBUG][org.springframework.context.annotation.ClassPathScanningCandidateComponentProvider][__scanCandidateComponents][435]-> Identified candidate component class: file [C:\Users\Luojun\Desktop\workspace\xcloud\xcloud-java\target\classes\com\njtech\xcloud\config\CosConfig.class]
2026-05-02 01:15:47 [DEBUG][org.springframework.jmx.export.annotation.AnnotationMBeanExporter][registerBeans][541]-> Autodetecting user-defined JMX MBeans
2026-05-02 01:15:47 [DEBUG][org.springframework.beans.factory.support.DefaultListableBeanFactory][getSingleton][225]-> Creating shared instance of singleton bean 'emailCodeMapper'
2026-05-02 01:15:47 [DEBUG][org.springframework.beans.factory.support.DefaultListableBeanFactory][getSingleton][225]-> Creating shared instance of singleton bean 'fileInfoMapper'
2026-05-02 01:15:47 [DEBUG][org.springframework.beans.factory.support.DefaultListableBeanFactory][getSingleton][225]-> Creating shared instance of singleton bean 'userInfoMapper'
2026-05-02 01:15:47 [DEBUG][org.springframework.beans.factory.support.DefaultListableBeanFactory][getSingleton][225]-> Creating shared instance of singleton bean 'redisTemplate'
2026-05-02 01:15:47 [DEBUG][org.springframework.beans.factory.support.DefaultListableBeanFactory][createArgumentArray][808]-> Autowiring by type from bean name 'redisTemplate' via factory method to bean named 'redisConnectionFactory'
2026-05-02 01:15:47 [WARN][org.springframework.context.annotation.ClassPathScanningCandidateComponentProvider][doScan][166]-> No MyBatis mapper was found in '[com.njtech.xcloud.mappers]' package. Please check your configuration.
2026-05-02 01:15:47 [DEBUG][org.springframework.beans.factory.support.DefaultListableBeanFactory][getSingleton][225]-> Creating shared instance of singleton bean 'baseMapper'
2026-05-02 01:15:47 [DEBUG][org.springframework.beans.factory.support.DefaultListableBeanFactory][getSingleton][225]-> Creating shared instance of singleton bean 'redisReferenceResolver'
2026-05-02 01:15:47 [DEBUG][org.springframework.beans.factory.support.DefaultListableBeanFactory][getSingleton][225]-> Creating shared instance of singleton bean 'redisConverter'
2026-05-02 01:15:47 [DEBUG][org.springframework.data.convert.CustomConversions][isSupportedConverter][296]-> Adding converter from class java.lang.String to class [B as writing converter.
2026-05-02 01:15:47 [DEBUG][org.springframework.data.convert.CustomConversions][isSupportedConverter][296]-> Adding converter from class [B to class java.lang.String as reading converter.
2026-05-02 01:15:47 [DEBUG][org.springframework.data.convert.CustomConversions][isSupportedConverter][296]-> Adding converter from class java.lang.Number to class [B as writing converter.
2026-05-02 01:15:47 [DEBUG][org.springframework.data.convert.CustomConversions][isSupportedConverter][296]-> Adding converter from class [B to class java.lang.Number as reading converter.
2026-05-02 01:15:47 [DEBUG][org.springframework.data.convert.CustomConversions][isSupportedConverter][296]-> Adding converter from class java.lang.Enum to class [B as writing converter.
2026-05-02 01:15:47 [DEBUG][org.springframework.data.convert.CustomConversions][isSupportedConverter][296]-> Adding converter from class [B to class java.lang.Enum as reading converter.
2026-05-02 01:15:47 [DEBUG][org.springframework.data.convert.CustomConversions][isSupportedConverter][296]-> Adding converter from class java.lang.Boolean to class [B as writing converter.
2026-05-02 01:15:47 [DEBUG][org.springframework.data.convert.CustomConversions][isSupportedConverter][296]-> Adding converter from class [B to class java.lang.Boolean as reading converter.
2026-05-02 01:15:47 [DEBUG][org.springframework.data.convert.CustomConversions][isSupportedConverter][296]-> Adding converter from class java.util.Date to class [B as writing converter.
2026-05-02 01:15:47 [DEBUG][org.springframework.data.convert.CustomConversions][isSupportedConverter][296]-> Adding converter from class [B to class java.util.Date as reading converter.
2026-05-02 01:15:47 [DEBUG][org.springframework.data.convert.CustomConversions][isSupportedConverter][296]-> Adding converter from class java.util.UUID to class [B as writing converter.
2026-05-02 01:15:47 [DEBUG][org.springframework.data.convert.CustomConversions][isSupportedConverter][296]-> Adding converter from class [B to class java.util.UUID as reading converter.
2026-05-02 01:15:47 [DEBUG][org.springframework.data.convert.CustomConversions][isSupportedConverter][296]-> Adding converter from class java.time.LocalDateTime to class [B as writing converter.
2026-05-02 01:15:47 [DEBUG][org.springframework.data.convert.CustomConversions][isSupportedConverter][296]-> Adding converter from class [B to class java.time.LocalDateTime as reading converter.
2026-05-02 01:15:47 [DEBUG][org.springframework.data.convert.CustomConversions][isSupportedConverter][296]-> Adding converter from class java.time.LocalDate to class [B as writing converter.
2026-05-02 01:15:47 [DEBUG][org.springframework.data.convert.CustomConversions][isSupportedConverter][296]-> Adding converter from class [B to class java.time.LocalDate as reading converter.
2026-05-02 01:15:47 [DEBUG][org.springframework.data.convert.CustomConversions][isSupportedConverter][296]-> Adding converter from class java.time.LocalTime to class [B as writing converter.
2026-05-02 01:15:47 [DEBUG][org.springframework.data.convert.CustomConversions][isSupportedConverter][296]-> Adding converter from class [B to class java.time.LocalTime as reading converter.
2026-05-02 01:15:47 [DEBUG][org.springframework.data.convert.CustomConversions][isSupportedConverter][296]-> Adding converter from class java.time.ZonedDateTime to class [B as writing converter.
2026-05-02 01:15:47 [DEBUG][org.springframework.data.convert.CustomConversions][isSupportedConverter][296]-> Adding converter from class [B to class java.time.ZonedDateTime as reading converter.
2026-05-02 01:15:47 [DEBUG][org.springframework.data.convert.CustomConversions][isSupportedConverter][296]-> Adding converter from class java.time.Instant to class [B as writing converter.
2026-05-02 01:15:47 [DEBUG][org.springframework.data.convert.CustomConversions][isSupportedConverter][296]-> Adding converter from class [B to class java.time.Instant as reading converter.
2026-05-02 01:15:47 [DEBUG][org.springframework.data.convert.CustomConversions][isSupportedConverter][296]-> Adding converter from class java.time.ZoneId to class [B as writing converter.
2026-05-02 01:15:47 [DEBUG][org.springframework.data.convert.CustomConversions][isSupportedConverter][296]-> Adding converter from class [B to class java.time.ZoneId as reading converter.
2026-05-02 01:15:47 [DEBUG][org.springframework.data.convert.CustomConversions][isSupportedConverter][296]-> Adding converter from class java.time.Period to class [B as writing converter.
2026-05-02 01:15:47 [DEBUG][org.springframework.data.convert.CustomConversions][isSupportedConverter][296]-> Adding converter from class [B to class java.time.Period as reading converter.
2026-05-02 01:15:47 [DEBUG][org.springframework.data.convert.CustomConversions][isSupportedConverter][296]-> Adding converter from class java.time.Duration to class [B as writing converter.
2026-05-02 01:15:47 [DEBUG][org.springframework.data.convert.CustomConversions][isSupportedConverter][296]-> Adding converter from class [B to class java.time.Duration as reading converter.
2026-05-02 01:15:47 [DEBUG][org.springframework.data.convert.CustomConversions][isSupportedConverter][296]-> Adding converter from class org.joda.time.LocalDate to class java.util.Date as writing converter.
2026-05-02 01:15:47 [DEBUG][org.springframework.data.convert.CustomConversions][isSupportedConverter][296]-> Adding converter from class org.joda.time.LocalDateTime to class java.util.Date as writing converter.
2026-05-02 01:15:47 [DEBUG][org.springframework.data.convert.CustomConversions][isSupportedConverter][296]-> Adding converter from class org.joda.time.DateTime to class java.util.Date as writing converter.
2026-05-02 01:15:47 [DEBUG][org.springframework.data.convert.CustomConversions][isSupportedConverter][296]-> Adding converter from class java.util.Date to class org.joda.time.LocalDate as reading converter.
2026-05-02 01:15:47 [DEBUG][org.springframework.data.convert.CustomConversions][isSupportedConverter][296]-> Adding converter from class java.util.Date to class org.joda.time.LocalDateTime as reading converter.
2026-05-02 01:15:47 [DEBUG][org.springframework.data.convert.CustomConversions][isSupportedConverter][296]-> Adding converter from class java.util.Date to class org.joda.time.DateTime as reading converter.
2026-05-02 01:15:47 [DEBUG][org.springframework.data.convert.CustomConversions][isSupportedConverter][296]-> Adding converter from class java.time.LocalDateTime to class org.joda.time.LocalDateTime as reading converter.
2026-05-02 01:15:47 [DEBUG][org.springframework.data.convert.CustomConversions][isSupportedConverter][296]-> Adding converter from class java.time.LocalDateTime to class org.joda.time.DateTime as reading converter.
2026-05-02 01:15:47 [DEBUG][org.springframework.data.convert.CustomConversions][isSupportedConverter][296]-> Adding converter from class java.time.Instant to class org.joda.time.LocalDateTime as reading converter.
2026-05-02 01:15:47 [DEBUG][org.springframework.data.convert.CustomConversions][isSupportedConverter][296]-> Adding converter from class org.joda.time.LocalDateTime to class java.time.Instant as writing converter.
2026-05-02 01:15:47 [DEBUG][org.springframework.data.convert.CustomConversions][isSupportedConverter][296]-> Adding converter from class org.joda.time.LocalDateTime to class java.time.LocalDateTime as writing converter.
2026-05-02 01:15:47 [DEBUG][org.springframework.data.convert.CustomConversions][isSupportedConverter][296]-> Adding converter from class java.util.Date to class java.time.LocalDateTime as reading converter.
2026-05-02 01:15:47 [DEBUG][org.springframework.data.convert.CustomConversions][isSupportedConverter][296]-> Adding converter from class java.time.LocalDateTime to class java.util.Date as writing converter.
2026-05-02 01:15:47 [DEBUG][org.springframework.data.convert.CustomConversions][isSupportedConverter][296]-> Adding converter from class java.util.Date to class java.time.LocalDate as reading converter.
2026-05-02 01:15:47 [DEBUG][org.springframework.data.convert.CustomConversions][isSupportedConverter][296]-> Adding converter from class java.time.LocalDate to class java.util.Date as writing converter.
2026-05-02 01:15:47 [DEBUG][org.springframework.data.convert.CustomConversions][isSupportedConverter][296]-> Adding converter from class java.util.Date to class java.time.LocalTime as reading converter.
2026-05-02 01:15:47 [DEBUG][org.springframework.data.convert.CustomConversions][isSupportedConverter][296]-> Adding converter from class java.time.LocalTime to class java.util.Date as writing converter.
2026-05-02 01:15:47 [DEBUG][org.springframework.data.convert.CustomConversions][isSupportedConverter][296]-> Adding converter from class java.util.Date to class java.time.Instant as reading converter.
2026-05-02 01:15:47 [DEBUG][org.springframework.data.convert.CustomConversions][isSupportedConverter][296]-> Adding converter from class java.time.Instant to class java.util.Date as writing converter.
2026-05-02 01:15:47 [DEBUG][org.springframework.data.convert.CustomConversions][isSupportedConverter][296]-> Adding converter from class java.time.LocalDateTime to class java.time.Instant as reading converter.
2026-05-02 01:15:47 [DEBUG][org.springframework.data.convert.CustomConversions][isSupportedConverter][296]-> Adding converter from class java.time.Instant to class java.time.LocalDateTime as reading converter.
2026-05-02 01:15:47 [DEBUG][org.springframework.data.convert.CustomConversions][isSupportedConverter][296]-> Adding converter from class java.time.ZoneId to class java.lang.String as writing converter.
2026-05-02 01:15:47 [DEBUG][org.springframework.data.convert.CustomConversions][isSupportedConverter][296]-> Adding converter from class java.lang.String to class java.time.ZoneId as reading converter.
2026-05-02 01:15:47 [DEBUG][org.springframework.data.convert.CustomConversions][isSupportedConverter][296]-> Adding converter from class java.time.Duration to class java.lang.String as writing converter.
2026-05-02 01:15:47 [DEBUG][org.springframework.data.convert.CustomConversions][isSupportedConverter][296]-> Adding converter from class java.lang.String to class java.time.Duration as reading converter.
2026-05-02 01:15:47 [DEBUG][org.springframework.data.convert.CustomConversions][isSupportedConverter][296]-> Adding converter from class java.time.Period to class java.lang.String as writing converter.
2026-05-02 01:15:47 [DEBUG][org.springframework.data.convert.CustomConversions][isSupportedConverter][296]-> Adding converter from class java.lang.String to class java.time.Period as reading converter.
2026-05-02 01:15:47 [DEBUG][org.springframework.data.convert.CustomConversions][isSupportedConverter][296]-> Adding converter from class java.lang.String to class java.time.LocalDate as reading converter.
2026-05-02 01:15:47 [DEBUG][org.springframework.data.convert.CustomConversions][isSupportedConverter][296]-> Adding converter from class java.lang.String to class java.time.LocalDateTime as reading converter.
2026-05-02 01:15:47 [DEBUG][org.springframework.data.convert.CustomConversions][isSupportedConverter][296]-> Adding converter from class java.lang.String to class java.time.Instant as reading converter.
2026-05-02 01:15:47 [DEBUG][org.springframework.data.convert.CustomConversions][isSupportedConverter][296]-> Adding converter from class java.lang.String to class [B as writing converter.
2026-05-02 01:15:47 [DEBUG][org.springframework.data.convert.CustomConversions][isSupportedConverter][296]-> Adding converter from class [B to class java.lang.String as reading converter.
2026-05-02 01:15:47 [DEBUG][org.springframework.data.convert.CustomConversions][isSupportedConverter][296]-> Adding converter from class java.lang.Number to class [B as writing converter.
2026-05-02 01:15:47 [DEBUG][org.springframework.data.convert.CustomConversions][isSupportedConverter][296]-> Adding converter from class [B to class java.lang.Number as reading converter.
2026-05-02 01:15:47 [DEBUG][org.springframework.data.convert.CustomConversions][isSupportedConverter][296]-> Adding converter from class java.lang.Enum to class [B as writing converter.
2026-05-02 01:15:47 [DEBUG][org.springframework.data.convert.CustomConversions][isSupportedConverter][296]-> Adding converter from class [B to class java.lang.Enum as reading converter.
2026-05-02 01:15:47 [DEBUG][org.springframework.data.convert.CustomConversions][isSupportedConverter][296]-> Adding converter from class java.lang.Boolean to class [B as writing converter.
2026-05-02 01:15:47 [DEBUG][org.springframework.data.convert.CustomConversions][isSupportedConverter][296]-> Adding converter from class [B to class java.lang.Boolean as reading converter.
2026-05-02 01:15:47 [DEBUG][org.springframework.data.convert.CustomConversions][isSupportedConverter][296]-> Adding converter from class java.util.Date to class [B as writing converter.
2026-05-02 01:15:47 [DEBUG][org.springframework.data.convert.CustomConversions][isSupportedConverter][296]-> Adding converter from class [B to class java.util.Date as reading converter.
2026-05-02 01:15:47 [DEBUG][org.springframework.data.convert.CustomConversions][isSupportedConverter][296]-> Adding converter from class java.util.UUID to class [B as writing converter.
2026-05-02 01:15:47 [DEBUG][org.springframework.data.convert.CustomConversions][isSupportedConverter][296]-> Adding converter from class [B to class java.util.UUID as reading converter.
2026-05-02 01:15:47 [DEBUG][org.springframework.data.convert.CustomConversions][isSupportedConverter][296]-> Adding converter from class java.time.LocalDateTime to class [B as writing converter.
2026-05-02 01:15:47 [DEBUG][org.springframework.data.convert.CustomConversions][isSupportedConverter][296]-> Adding converter from class [B to class java.time.LocalDateTime as reading converter.
2026-05-02 01:15:47 [DEBUG][org.springframework.data.convert.CustomConversions][isSupportedConverter][296]-> Adding converter from class java.time.LocalDate to class [B as writing converter.
2026-05-02 01:15:47 [DEBUG][org.springframework.data.convert.CustomConversions][isSupportedConverter][296]-> Adding converter from class [B to class java.time.LocalDate as reading converter.
2026-05-02 01:15:47 [DEBUG][org.springframework.data.convert.CustomConversions][isSupportedConverter][296]-> Adding converter from class java.time.LocalTime to class [B as writing converter.
2026-05-02 01:15:47 [DEBUG][org.springframework.data.convert.CustomConversions][isSupportedConverter][296]-> Adding converter from class [B to class java.time.LocalTime as reading converter.
2026-05-02 01:15:47 [DEBUG][org.springframework.data.convert.CustomConversions][isSupportedConverter][296]-> Adding converter from class java.time.ZonedDateTime to class [B as writing converter.
2026-05-02 01:15:47 [DEBUG][org.springframework.data.convert.CustomConversions][isSupportedConverter][296]-> Adding converter from class [B to class java.time.ZonedDateTime as reading converter.
2026-05-02 01:15:47 [DEBUG][org.springframework.data.convert.CustomConversions][isSupportedConverter][296]-> Adding converter from class java.time.Instant to class [B as writing converter.
2026-05-02 01:15:47 [DEBUG][org.springframework.data.convert.CustomConversions][isSupportedConverter][296]-> Adding converter from class [B to class java.time.Instant as reading converter.
2026-05-02 01:15:47 [DEBUG][org.springframework.data.convert.CustomConversions][isSupportedConverter][296]-> Adding converter from class java.time.ZoneId to class [B as writing converter.
2026-05-02 01:15:47 [DEBUG][org.springframework.data.convert.CustomConversions][isSupportedConverter][296]-> Adding converter from class [B to class java.time.ZoneId as reading converter.
2026-05-02 01:15:47 [DEBUG][org.springframework.data.convert.CustomConversions][isSupportedConverter][296]-> Adding converter from class java.time.Period to class [B as writing converter.
2026-05-02 01:15:47 [DEBUG][org.springframework.data.convert.CustomConversions][isSupportedConverter][296]-> Adding converter from class [B to class java.time.Period as reading converter.
2026-05-02 01:15:47 [DEBUG][org.springframework.data.convert.CustomConversions][isSupportedConverter][296]-> Adding converter from class java.time.Duration to class [B as writing converter.
2026-05-02 01:15:47 [DEBUG][org.springframework.data.convert.CustomConversions][isSupportedConverter][296]-> Adding converter from class [B to class java.time.Duration as reading converter.
2026-05-02 01:15:47 [DEBUG][org.springframework.data.convert.CustomConversions][isSupportedConverter][296]-> Adding converter from class org.joda.time.LocalDate to class java.util.Date as writing converter.
2026-05-02 01:15:47 [DEBUG][org.springframework.data.convert.CustomConversions][isSupportedConverter][296]-> Adding converter from class org.joda.time.LocalDateTime to class java.util.Date as writing converter.
2026-05-02 01:15:47 [DEBUG][org.springframework.data.convert.CustomConversions][isSupportedConverter][296]-> Adding converter from class org.joda.time.DateTime to class java.util.Date as writing converter.
2026-05-02 01:15:47 [DEBUG][org.springframework.data.convert.CustomConversions][isSupportedConverter][296]-> Adding converter from class java.util.Date to class org.joda.time.LocalDate as reading converter.
2026-05-02 01:15:47 [DEBUG][org.springframework.data.convert.CustomConversions][isSupportedConverter][296]-> Adding converter from class java.util.Date to class org.joda.time.LocalDateTime as reading converter.
2026-05-02 01:15:47 [DEBUG][org.springframework.data.convert.CustomConversions][isSupportedConverter][296]-> Adding converter from class java.util.Date to class org.joda.time.DateTime as reading converter.
2026-05-02 01:15:47 [DEBUG][org.springframework.data.convert.CustomConversions][isSupportedConverter][296]-> Adding converter from class java.time.LocalDateTime to class org.joda.time.LocalDateTime as reading converter.
2026-05-02 01:15:47 [DEBUG][org.springframework.data.convert.CustomConversions][isSupportedConverter][296]-> Adding converter from class java.time.LocalDateTime to class org.joda.time.DateTime as reading converter.
2026-05-02 01:15:47 [DEBUG][org.springframework.data.convert.CustomConversions][isSupportedConverter][296]-> Adding converter from class java.time.Instant to class org.joda.time.LocalDateTime as reading converter.
2026-05-02 01:15:47 [DEBUG][org.springframework.data.convert.CustomConversions][isSupportedConverter][296]-> Adding converter from class org.joda.time.LocalDateTime to class java.time.Instant as writing converter.
2026-05-02 01:15:47 [DEBUG][org.springframework.data.convert.CustomConversions][isSupportedConverter][296]-> Adding converter from class org.joda.time.LocalDateTime to class java.time.LocalDateTime as writing converter.
2026-05-02 01:15:47 [DEBUG][org.springframework.data.convert.CustomConversions][isSupportedConverter][296]-> Adding converter from class java.util.Date to class java.time.LocalDateTime as reading converter.
2026-05-02 01:15:47 [DEBUG][org.springframework.data.convert.CustomConversions][isSupportedConverter][296]-> Adding converter from class java.time.LocalDateTime to class java.util.Date as writing converter.
2026-05-02 01:15:47 [DEBUG][org.springframework.data.convert.CustomConversions][isSupportedConverter][296]-> Adding converter from class java.util.Date to class java.time.LocalDate as reading converter.
2026-05-02 01:15:47 [DEBUG][org.springframework.data.convert.CustomConversions][isSupportedConverter][296]-> Adding converter from class java.time.LocalDate to class java.util.Date as writing converter.
2026-05-02 01:15:47 [DEBUG][org.springframework.data.convert.CustomConversions][isSupportedConverter][296]-> Adding converter from class java.util.Date to class java.time.LocalTime as reading converter.
2026-05-02 01:15:47 [DEBUG][org.springframework.data.convert.CustomConversions][isSupportedConverter][296]-> Adding converter from class java.time.LocalTime to class java.util.Date as writing converter.
2026-05-02 01:15:47 [DEBUG][org.springframework.data.convert.CustomConversions][isSupportedConverter][296]-> Adding converter from class java.util.Date to class java.time.Instant as reading converter.
2026-05-02 01:15:47 [DEBUG][org.springframework.data.convert.CustomConversions][isSupportedConverter][296]-> Adding converter from class java.time.Instant to class java.util.Date as writing converter.
2026-05-02 01:15:47 [DEBUG][org.springframework.data.convert.CustomConversions][isSupportedConverter][296]-> Adding converter from class java.time.LocalDateTime to class java.time.Instant as reading converter.
2026-05-02 01:15:47 [DEBUG][org.springframework.data.convert.CustomConversions][isSupportedConverter][296]-> Adding converter from class java.time.Instant to class java.time.LocalDateTime as reading converter.
2026-05-02 01:15:47 [DEBUG][org.springframework.data.convert.CustomConversions][isSupportedConverter][296]-> Adding converter from class java.time.ZoneId to class java.lang.String as writing converter.
2026-05-02 01:15:47 [DEBUG][org.springframework.data.convert.CustomConversions][isSupportedConverter][296]-> Adding converter from class java.lang.String to class java.time.ZoneId as reading converter.
2026-05-02 01:15:47 [DEBUG][org.springframework.data.convert.CustomConversions][isSupportedConverter][296]-> Adding converter from class java.time.Duration to class java.lang.String as writing converter.
2026-05-02 01:15:47 [DEBUG][org.springframework.data.convert.CustomConversions][isSupportedConverter][296]-> Adding converter from class java.lang.String to class java.time.Duration as reading converter.
2026-05-02 01:15:47 [DEBUG][org.springframework.data.convert.CustomConversions][isSupportedConverter][296]-> Adding converter from class java.time.Period to class java.lang.String as writing converter.
2026-05-02 01:15:47 [DEBUG][org.springframework.data.convert.CustomConversions][isSupportedConverter][296]-> Adding converter from class java.lang.String to class java.time.Period as reading converter.
2026-05-02 01:15:47 [DEBUG][org.springframework.data.convert.CustomConversions][isSupportedConverter][296]-> Adding converter from class java.lang.String to class java.time.LocalDate as reading converter.
2026-05-02 01:15:47 [DEBUG][org.springframework.data.convert.CustomConversions][isSupportedConverter][296]-> Adding converter from class java.lang.String to class java.time.LocalDateTime as reading converter.
2026-05-02 01:15:47 [DEBUG][org.springframework.data.convert.CustomConversions][isSupportedConverter][296]-> Adding converter from class java.lang.String to class java.time.Instant as reading converter.
2026-05-02 01:15:47 [DEBUG][org.springframework.beans.factory.support.DefaultListableBeanFactory][getSingleton][225]-> Creating shared instance of singleton bean 'redisKeyValueAdapter'
2026-05-02 01:15:47 [DEBUG][org.springframework.data.redis.listener.RedisMessageListenerContainer][lazyListen][495]-> Postpone listening for Redis messages until actual listeners are added
2026-05-02 01:15:47 [DEBUG][org.springframework.data.redis.listener.RedisMessageListenerContainer][start][229]-> Started RedisMessageListenerContainer
2026-05-02 01:15:47 [DEBUG][org.springframework.beans.factory.support.DefaultListableBeanFactory][getSingleton][225]-> Creating shared instance of singleton bean 'redisKeyValueTemplate'
2026-05-02 01:15:47 [DEBUG][org.springframework.jmx.export.annotation.AnnotationMBeanExporter][registerBeans][541]-> Autodetecting user-defined JMX MBeans
2026-05-02 01:15:47 [DEBUG][org.springframework.core.env.PropertySourcesPropertyResolver][logKeyFound][115]-> Found key 'spring.mail.username' in PropertySource 'environmentProperties' with value of type String
2026-05-02 01:15:47 [DEBUG][org.springframework.core.env.PropertySourcesPropertyResolver][logKeyFound][115]-> Found key 'admin.emails' in PropertySource 'environmentProperties' with value of type String
2026-05-02 01:15:47 [DEBUG][org.springframework.core.env.PropertySourcesPropertyResolver][logKeyFound][115]-> Found key 'tencent.cos.file.region' in PropertySource 'environmentProperties' with value of type String
2026-05-02 01:15:47 [DEBUG][org.springframework.core.env.PropertySourcesPropertyResolver][logKeyFound][115]-> Found key 'tencent.cos.file.secretid' in PropertySource 'environmentProperties' with value of type String
2026-05-02 01:15:47 [DEBUG][org.springframework.core.env.PropertySourcesPropertyResolver][logKeyFound][115]-> Found key 'tencent.cos.file.secretkey' in PropertySource 'environmentProperties' with value of type String
2026-05-02 01:15:47 [DEBUG][org.springframework.core.env.PropertySourcesPropertyResolver][logKeyFound][115]-> Found key 'tencent.cos.file.bucketname' in PropertySource 'environmentProperties' with value of type String
2026-05-02 01:15:47 [DEBUG][org.springframework.core.env.PropertySourcesPropertyResolver][logKeyFound][115]-> Found key 'project.folder' in PropertySource 'environmentProperties' with value of type String
2026-05-02 01:15:47 [DEBUG][org.springframework.jmx.export.annotation.AnnotationMBeanExporter][registerBeans][541]-> Autodetecting user-defined JMX MBeans
2026-05-02 01:15:47 [DEBUG][_org.springframework.web.servlet.HandlerMapping.Mappings][detectHandlerMethods][295]-> 
	c.n.x.c.FileInfoController:
	{POST [/file/rename]}: rename(HttpSession,String,String,String)
	{ [/file/getFile/{fileId}]}: getFile(HttpSession,String,HttpServletResponse)
	{POST [/file/getFolderInfo]}: getFolderInfo(HttpSession,String)
	{GET [/file/ts/{fileId}/{tsName}]}: getVideo(String,String,HttpServletResponse)
	{ [/file/uploadFile]}: uploadFile(HttpSession,String,MultipartFile,String,String,String,Integer,Integer)
	{ [/file/loadDataList]}: loadDataList(HttpSession,FileInfoQuery,String)
	{GET [/file/getImage/**]}: getImage(HttpServletRequest,HttpServletResponse)
	{GET [/file/ts/getVideoInfo/{fileId}]}: getVideoInfo(String,HttpServletResponse)
	{POST [/file/newFolder]}: newFolder(HttpSession,String,String)
	{ [/file/createDownloadUrl/{fileId}]}: createDownloadUrl(HttpSession,String)
	{POST [/file/loadAllFolder]}: loadAllFolder(HttpSession,String,String)
	{ [/file/delFile]}: delFile(HttpSession,String)
	{ [/file/download/{downloadCode}]}: download(String,HttpServletResponse)
	{POST [/file/changeFileFolder]}: changeFileFolder(HttpSession,String,String)
2026-05-02 01:15:47 [DEBUG][_org.springframework.web.servlet.HandlerMapping.Mappings][detectHandlerMethods][295]-> 
	c.n.x.c.EmailCodeController:
	{ [/emailCode/add]}: add(EmailCode)
	{ [/emailCode/addBatch]}: addBatch(List)
	{ [/emailCode/addOrUpdateBatch]}: addOrUpdateBatch(List)
	{ [/emailCode/loadDataList]}: loadDataList(EmailCodeQuery)
	{ [/emailCode/getEmailCodeByEmailAndCode]}: getEmailCodeByEmailAndCode(String,String)
	{ [/emailCode/deleteEmailCodeByEmailAndCode]}: deleteEmailCodeByEmailAndCode(String,String)
	{ [/emailCode/updateEmailCodeByEmailAndCode]}: updateEmailCodeByEmailAndCode(EmailCode,String,String)
2026-05-02 01:15:47 [DEBUG][_org.springframework.web.servlet.HandlerMapping.Mappings][detectHandlerMethods][295]-> 
	c.n.x.c.FileInfoController:
	{POST [/file/rename]}: rename(HttpSession,String,String,String)
	{ [/file/getFile/{fileId}]}: getFile(HttpSession,String,HttpServletResponse)
	{POST [/file/getFolderInfo]}: getFolderInfo(HttpSession,String)
	{GET [/file/ts/{fileId}/{tsName}]}: getVideo(String,String,HttpServletResponse)
	{ [/file/uploadFile]}: uploadFile(HttpSession,String,MultipartFile,String,String,String,Integer,Integer)
	{ [/file/loadDataList]}: loadDataList(HttpSession,FileInfoQuery,String)
	{GET [/file/getImage/**]}: getImage(HttpServletRequest,HttpServletResponse)
	{GET [/file/ts/getVideoInfo/{fileId}]}: getVideoInfo(String,HttpServletResponse)
	{POST [/file/newFolder]}: newFolder(HttpSession,String,String)
	{ [/file/createDownloadUrl/{fileId}]}: createDownloadUrl(HttpSession,String)
	{POST [/file/loadAllFolder]}: loadAllFolder(HttpSession,String,String)
	{ [/file/delFile]}: delFile(HttpSession,String)
	{ [/file/download/{downloadCode}]}: download(String,HttpServletResponse)
	{POST [/file/changeFileFolder]}: changeFileFolder(HttpSession,String,String)
2026-05-02 01:15:47 [DEBUG][_org.springframework.web.servlet.HandlerMapping.Mappings][detectHandlerMethods][295]-> 
	c.n.x.c.FileShareController:
	{ [/share/cancelShare]}: cancelShare(HttpSession,String)
	{ [/share/shareFile]}: shareFile(HttpSession,String,Integer,Integer,String)
	{ [/share/loadShareList]}: loadShareList(HttpSession,FileShareQuery)
2026-05-02 01:15:47 [DEBUG][_org.springframework.web.servlet.HandlerMapping.Mappings][detectHandlerMethods][295]-> 
	c.n.x.c.UserInfoController:
	{ [/register]}: register(HttpSession,String,String,String,String,String)
	{ [/getUseSpace]}: getUseSpace(HttpSession)
	{GET [/checkCode]}: getCheckCode(Integer,HttpServletRequest,HttpServletResponse)
	{GET [/getAvatar/{userId}]}: getAvatar(String,HttpServletResponse)
	{POST [/updateUserAvatar]}: updateUserAvatar(MultipartFile,HttpSession)
	{ [/sendEmailCode]}: sendEmailCode(String,String,Integer,HttpServletRequest)
	{ [/logout]}: logout(HttpSession)
	{ [/login]}: login(HttpSession,String,String,String)
	{ [/resetPwd]}: retPassword(HttpSession,String,String,String)
	{GET [/updatePassword]}: updatePassword(String,HttpServletResponse)
2026-05-02 01:15:47 [DEBUG][_org.springframework.web.servlet.HandlerMapping.Mappings][detectHandlerMethods][295]-> 
	o.s.b.a.w.s.e.BasicErrorController:
	{ [/error]}: error(HttpServletRequest)
	{ [/error], produces [text/html]}: errorHtml(HttpServletRequest,HttpServletResponse)
2026-05-02 01:15:47 [DEBUG][_org.springframework.web.servlet.HandlerMapping.Mappings][detectHandlerMethods][295]-> 
	c.n.x.c.RecycleController:
	{ [/recycle/loadRecycleList]}: loadRecycleList(HttpSession,FileInfoQuery,String)
	{ [/recycle/delFile]}: delFile(HttpSession,String)
	{ [/recycle/recoverFile]}: recoverFile(HttpSession,String)
2026-05-02 01:15:47 [DEBUG][org.springframework.web.servlet.mvc.method.annotation.RequestMappingHandlerMapping][handlerMethodsInitialized][367]-> 39 mappings in 'requestMappingHandlerMapping'
2026-05-02 01:15:47 [DEBUG][_org.springframework.web.servlet.HandlerMapping.Mappings][detectHandlerMethods][295]-> 
	c.n.x.c.EmailCodeController:
	{ [/emailCode/add]}: add(EmailCode)
	{ [/emailCode/addBatch]}: addBatch(List)
	{ [/emailCode/addOrUpdateBatch]}: addOrUpdateBatch(List)
	{ [/emailCode/loadDataList]}: loadDataList(EmailCodeQuery)
	{ [/emailCode/getEmailCodeByEmailAndCode]}: getEmailCodeByEmailAndCode(String,String)
	{ [/emailCode/deleteEmailCodeByEmailAndCode]}: deleteEmailCodeByEmailAndCode(String,String)
	{ [/emailCode/updateEmailCodeByEmailAndCode]}: updateEmailCodeByEmailAndCode(EmailCode,String,String)
2026-05-02 01:15:47 [DEBUG][_org.springframework.web.servlet.HandlerMapping.Mappings][detectHandlerMethods][295]-> 
	c.n.x.c.UserInfoController:
	{ [/register]}: register(HttpSession,String,String,String,String,String)
	{ [/getUseSpace]}: getUseSpace(HttpSession)
	{GET [/checkCode]}: getCheckCode(Integer,HttpServletRequest,HttpServletResponse)
	{GET [/getAvatar/{userId}]}: getAvatar(String,HttpServletResponse)
	{POST [/updateUserAvatar]}: updateUserAvatar(MultipartFile,HttpSession)
	{ [/sendEmailCode]}: sendEmailCode(String,String,Integer,HttpServletRequest)
	{ [/logout]}: logout(HttpSession)
	{ [/login]}: login(HttpSession,String,String,String)
	{ [/resetPwd]}: retPassword(HttpSession,String,String,String)
	{GET [/updatePassword]}: updatePassword(String,HttpServletResponse)
2026-05-02 01:15:47 [DEBUG][_org.springframework.web.servlet.HandlerMapping.Mappings][detectHandlerMethods][295]-> 
	c.n.x.c.RecycleController:
	{ [/recycle/loadRecycleList]}: loadRecycleList(HttpSession,FileInfoQuery,String)
	{ [/recycle/delFile]}: delFile(HttpSession,String)
	{ [/recycle/recoverFile]}: recoverFile(HttpSession,String)
2026-05-02 01:15:47 [DEBUG][_org.springframework.web.servlet.HandlerMapping.Mappings][detectHandlerMethods][295]-> 
	c.n.x.c.FileInfoController:
	{POST [/file/rename]}: rename(HttpSession,String,String,String)
	{ [/file/getFile/{fileId}]}: getFile(HttpSession,String,HttpServletResponse)
	{POST [/file/getFolderInfo]}: getFolderInfo(HttpSession,String)
	{GET [/file/ts/{fileId}/{tsName}]}: getVideo(String,String,HttpServletResponse)
	{ [/file/uploadFile]}: uploadFile(HttpSession,String,MultipartFile,String,String,String,Integer,Integer)
	{ [/file/loadDataList]}: loadDataList(HttpSession,FileInfoQuery,String)
	{GET [/file/getImage/**]}: getImage(HttpServletRequest,HttpServletResponse)
	{GET [/file/ts/getVideoInfo/{fileId}]}: getVideoInfo(String,HttpServletResponse)
	{POST [/file/newFolder]}: newFolder(HttpSession,String,String)
	{ [/file/createDownloadUrl/{fileId}]}: createDownloadUrl(HttpSession,String)
	{POST [/file/loadAllFolder]}: loadAllFolder(HttpSession,String,String)
	{ [/file/delFile]}: delFile(HttpSession,String)
	{ [/file/download/{downloadCode}]}: download(String,HttpServletResponse)
	{POST [/file/changeFileFolder]}: changeFileFolder(HttpSession,String,String)
2026-05-02 01:15:47 [DEBUG][_org.springframework.web.servlet.HandlerMapping.Mappings][detectHandlerMethods][295]-> 
	c.n.x.c.UserInfoController:
	{ [/register]}: register(HttpSession,String,String,String,String,String)
	{ [/getUseSpace]}: getUseSpace(HttpSession)
	{GET [/checkCode]}: getCheckCode(Integer,HttpServletRequest,HttpServletResponse)
	{GET [/getAvatar/{userId}]}: getAvatar(String,HttpServletResponse)
	{POST [/updateUserAvatar]}: updateUserAvatar(MultipartFile,HttpSession)
	{ [/sendEmailCode]}: sendEmailCode(String,String,Integer,HttpServletRequest)
	{ [/logout]}: logout(HttpSession)
	{ [/login]}: login(HttpSession,String,String,String)
	{ [/resetPwd]}: retPassword(HttpSession,String,String,String)
	{GET [/updatePassword]}: updatePassword(String,HttpServletResponse)
2026-05-02 01:15:47 [DEBUG][_org.springframework.web.servlet.HandlerMapping.Mappings][detectHandlerMethods][295]-> 
	c.n.x.c.EmailCodeController:
	{ [/emailCode/add]}: add(EmailCode)
	{ [/emailCode/addBatch]}: addBatch(List)
	{ [/emailCode/addOrUpdateBatch]}: addOrUpdateBatch(List)
	{ [/emailCode/loadDataList]}: loadDataList(EmailCodeQuery)
	{ [/emailCode/getEmailCodeByEmailAndCode]}: getEmailCodeByEmailAndCode(String,String)
	{ [/emailCode/deleteEmailCodeByEmailAndCode]}: deleteEmailCodeByEmailAndCode(String,String)
	{ [/emailCode/updateEmailCodeByEmailAndCode]}: updateEmailCodeByEmailAndCode(EmailCode,String,String)
2026-05-02 01:15:47 [DEBUG][_org.springframework.web.servlet.HandlerMapping.Mappings][detectHandlerMethods][295]-> 
	c.n.x.c.FileShareController:
	{ [/share/cancelShare]}: cancelShare(HttpSession,String)
	{ [/share/shareFile]}: shareFile(HttpSession,String,Integer,Integer,String)
	{ [/share/loadShareList]}: loadShareList(HttpSession,FileShareQuery)
2026-05-02 01:15:47 [DEBUG][_org.springframework.web.servlet.HandlerMapping.Mappings][detectHandlerMethods][295]-> 
	c.n.x.c.RecycleController:
	{ [/recycle/loadRecycleList]}: loadRecycleList(HttpSession,FileInfoQuery,String)
	{ [/recycle/delFile]}: delFile(HttpSession,String)
	{ [/recycle/recoverFile]}: recoverFile(HttpSession,String)
2026-05-02 01:15:47 [DEBUG][org.springframework.data.redis.listener.RedisMessageListenerContainer][stop][242]-> Stopped RedisMessageListenerContainer
2026-05-02 01:15:47 [DEBUG][org.springframework.web.servlet.DispatcherServlet][initMultipartResolver][520]-> Detected StandardServletMultipartResolver
2026-05-02 01:15:47 [DEBUG][org.springframework.web.servlet.DispatcherServlet][initLocaleResolver][544]-> Detected AcceptHeaderLocaleResolver
2026-05-02 01:15:47 [DEBUG][org.springframework.web.servlet.DispatcherServlet][initThemeResolver][569]-> Detected FixedThemeResolver
2026-05-02 01:15:47 [DEBUG][org.springframework.web.servlet.DispatcherServlet][initRequestToViewNameTranslator][719]-> Detected org.springframework.web.servlet.view.DefaultRequestToViewNameTranslator@6c76ccc9
2026-05-02 01:15:47 [DEBUG][org.springframework.web.servlet.DispatcherServlet][initFlashMapManager][783]-> Detected org.springframework.web.servlet.support.SessionFlashMapManager@78b10ace
2026-05-02 01:15:47 [DEBUG][org.springframework.web.servlet.DispatcherServlet][traceDebug][108]-> POST "/api/file/loadDataList", parameters={multipart}
2026-05-02 01:15:47 [DEBUG][org.springframework.web.servlet.DispatcherServlet][traceDebug][108]-> POST "/api/file/loadDataList", parameters={multipart}
2026-05-02 01:15:47 [DEBUG][org.springframework.web.servlet.mvc.method.annotation.RequestMappingHandlerMapping][getHandler][522]-> Mapped to com.njtech.xcloud.controller.FileInfoController#loadDataList(HttpSession, FileInfoQuery, String)
2026-05-02 01:15:47 [DEBUG][org.springframework.web.servlet.mvc.method.annotation.RequestMappingHandlerMapping][getHandler][522]-> Mapped to com.njtech.xcloud.controller.FileInfoController#loadDataList(HttpSession, FileInfoQuery, String)
2026-05-02 01:15:47 [DEBUG][org.springframework.jdbc.datasource.DataSourceUtils][doGetConnection][116]-> Fetching JDBC Connection from DataSource
2026-05-02 01:15:47 [DEBUG][org.springframework.jdbc.datasource.DataSourceUtils][doGetConnection][116]-> Fetching JDBC Connection from DataSource
2026-05-02 01:15:47 [DEBUG][org.springframework.jdbc.datasource.DataSourceUtils][doGetConnection][116]-> Fetching JDBC Connection from DataSource
2026-05-02 01:15:47 [DEBUG][org.springframework.jdbc.datasource.DataSourceUtils][doGetConnection][116]-> Fetching JDBC Connection from DataSource
2026-05-02 01:15:47 [DEBUG][org.springframework.web.servlet.mvc.method.annotation.RequestResponseBodyMethodProcessor][writeWithMessageConverters][268]-> Using 'application/json', given [application/json, text/plain, */*] and supported [application/json, application/*+json, application/json, application/*+json]
2026-05-02 01:15:47 [DEBUG][org.springframework.web.servlet.mvc.method.annotation.RequestResponseBodyMethodProcessor][traceDebug][108]-> Writing [com.njtech.xcloud.entity.vo.ResponseVO@211e1bbc]
2026-05-02 01:15:47 [DEBUG][org.springframework.web.servlet.DispatcherServlet][logResult][1131]-> Completed 200 OK
2026-05-02 01:15:47 [DEBUG][org.springframework.web.servlet.mvc.method.annotation.RequestResponseBodyMethodProcessor][writeWithMessageConverters][268]-> Using 'application/json', given [application/json, text/plain, */*] and supported [application/json, application/*+json, application/json, application/*+json]
2026-05-02 01:15:47 [DEBUG][org.springframework.web.servlet.mvc.method.annotation.RequestResponseBodyMethodProcessor][traceDebug][108]-> Writing [com.njtech.xcloud.entity.vo.ResponseVO@55e597c8]
2026-05-02 01:15:47 [DEBUG][org.springframework.web.servlet.DispatcherServlet][logResult][1131]-> Completed 200 OK
2026-05-02 01:15:49 [DEBUG][org.springframework.web.servlet.DispatcherServlet][traceDebug][108]-> POST "/api/share/loadShareList", parameters={multipart}
2026-05-02 01:15:49 [DEBUG][org.springframework.web.servlet.mvc.method.annotation.RequestMappingHandlerMapping][getHandler][522]-> Mapped to com.njtech.xcloud.controller.FileShareController#loadShareList(HttpSession, FileShareQuery)
2026-05-02 01:15:49 [DEBUG][org.springframework.jdbc.datasource.DataSourceUtils][doGetConnection][116]-> Fetching JDBC Connection from DataSource
2026-05-02 01:15:49 [DEBUG][org.springframework.jdbc.datasource.DataSourceUtils][doGetConnection][116]-> Fetching JDBC Connection from DataSource
2026-05-02 01:15:49 [DEBUG][org.springframework.jdbc.datasource.DataSourceUtils][doGetConnection][116]-> Fetching JDBC Connection from DataSource
2026-05-02 01:15:49 [DEBUG][org.springframework.web.servlet.mvc.method.annotation.RequestResponseBodyMethodProcessor][writeWithMessageConverters][268]-> Using 'application/json', given [application/json, text/plain, */*] and supported [application/json, application/*+json, application/json, application/*+json]
2026-05-02 01:15:49 [DEBUG][org.springframework.web.servlet.mvc.method.annotation.RequestResponseBodyMethodProcessor][traceDebug][108]-> Writing [com.njtech.xcloud.entity.vo.ResponseVO@22c81cd3]
2026-05-02 01:15:49 [DEBUG][org.springframework.web.servlet.DispatcherServlet][logResult][1131]-> Completed 200 OK
2026-05-02 01:15:51 [DEBUG][org.springframework.web.servlet.DispatcherServlet][traceDebug][108]-> GET "/api/getAvatar/2117787425?1777655751145", parameters={masked}
2026-05-02 01:15:51 [DEBUG][org.springframework.web.servlet.mvc.method.annotation.RequestMappingHandlerMapping][getHandler][522]-> Mapped to com.njtech.xcloud.controller.UserInfoController#getAvatar(String, HttpServletResponse)
2026-05-02 01:15:51 [DEBUG][org.springframework.web.servlet.DispatcherServlet][logResult][1131]-> Completed 200 OK
2026-05-02 01:15:51 [DEBUG][org.springframework.web.servlet.DispatcherServlet][traceDebug][108]-> POST "/api/getUseSpace", parameters={multipart}
2026-05-02 01:15:51 [DEBUG][org.springframework.web.servlet.DispatcherServlet][traceDebug][108]-> POST "/api/share/loadShareList", parameters={multipart}
2026-05-02 01:15:51 [DEBUG][org.springframework.web.servlet.mvc.method.annotation.RequestMappingHandlerMapping][getHandler][522]-> Mapped to com.njtech.xcloud.controller.UserInfoController#getUseSpace(HttpSession)
2026-05-02 01:15:51 [DEBUG][org.springframework.web.servlet.mvc.method.annotation.RequestMappingHandlerMapping][getHandler][522]-> Mapped to com.njtech.xcloud.controller.FileShareController#loadShareList(HttpSession, FileShareQuery)
2026-05-02 01:15:51 [DEBUG][org.springframework.data.redis.core.RedisConnectionUtils][doGetConnection][143]-> Fetching Redis Connection from RedisConnectionFactory
2026-05-02 01:15:51 [DEBUG][io.lettuce.core.RedisChannelHandler][dispatch][175]-> dispatching command AsyncCommand [type=GET, output=ValueOutput [output=null, error='null'], commandType=io.lettuce.core.protocol.Command]
2026-05-02 01:15:51 [DEBUG][io.lettuce.core.protocol.DefaultEndpoint][channelWriteAndFlush][430]-> [channel=0x3f7163c9, /127.0.0.1:59190 -> /127.0.0.1:6379, epid=0x1] write() writeAndFlush command AsyncCommand [type=GET, output=ValueOutput [output=null, error='null'], commandType=io.lettuce.core.protocol.Command]
2026-05-02 01:15:51 [DEBUG][io.lettuce.core.protocol.CommandHandler][write][383]-> [channel=0x3f7163c9, /127.0.0.1:59190 -> /127.0.0.1:6379, epid=0x1, chid=0x1] write(ctx, AsyncCommand [type=GET, output=ValueOutput [output=null, error='null'], commandType=io.lettuce.core.protocol.Command], promise)
2026-05-02 01:15:51 [DEBUG][io.lettuce.core.protocol.DefaultEndpoint][write][207]-> [channel=0x3f7163c9, /127.0.0.1:59190 -> /127.0.0.1:6379, epid=0x1] write() done
2026-05-02 01:15:51 [DEBUG][io.lettuce.core.protocol.CommandEncoder][encode][101]-> [channel=0x3f7163c9, /127.0.0.1:59190 -> /127.0.0.1:6379] writing command AsyncCommand [type=GET, output=ValueOutput [output=null, error='null'], commandType=io.lettuce.core.protocol.Command]
2026-05-02 01:15:51 [DEBUG][io.lettuce.core.protocol.CommandHandler][channelRead][577]-> [channel=0x3f7163c9, /127.0.0.1:59190 -> /127.0.0.1:6379, epid=0x1, chid=0x1] Received: 97 bytes, 1 commands in the stack
2026-05-02 01:15:51 [DEBUG][io.lettuce.core.protocol.CommandHandler][decode][651]-> [channel=0x3f7163c9, /127.0.0.1:59190 -> /127.0.0.1:6379, epid=0x1, chid=0x1] Stack contains: 1 commands
2026-05-02 01:15:51 [DEBUG][io.lettuce.core.protocol.RedisStateMachine][decode][298]-> Decode done, empty stack: true
2026-05-02 01:15:51 [DEBUG][io.lettuce.core.protocol.CommandHandler][decode][679]-> [channel=0x3f7163c9, /127.0.0.1:59190 -> /127.0.0.1:6379, epid=0x1, chid=0x1] Completing command AsyncCommand [type=GET, output=ValueOutput [output=[B@e15dd4d, error='null'], commandType=io.lettuce.core.protocol.Command]
2026-05-02 01:15:51 [DEBUG][org.springframework.jdbc.datasource.DataSourceUtils][doGetConnection][116]-> Fetching JDBC Connection from DataSource
2026-05-02 01:15:51 [DEBUG][org.springframework.jdbc.datasource.DataSourceUtils][doGetConnection][116]-> Fetching JDBC Connection from DataSource
2026-05-02 01:15:51 [DEBUG][org.springframework.data.redis.core.RedisConnectionUtils][doCloseConnection][389]-> Closing Redis Connection.
2026-05-02 01:15:51 [DEBUG][org.springframework.web.servlet.mvc.method.annotation.RequestResponseBodyMethodProcessor][writeWithMessageConverters][268]-> Using 'application/json', given [application/json, text/plain, */*] and supported [application/json, application/*+json, application/json, application/*+json]
2026-05-02 01:15:51 [DEBUG][org.springframework.jdbc.datasource.DataSourceUtils][doGetConnection][116]-> Fetching JDBC Connection from DataSource
2026-05-02 01:15:51 [DEBUG][org.springframework.web.servlet.mvc.method.annotation.RequestResponseBodyMethodProcessor][traceDebug][108]-> Writing [com.njtech.xcloud.entity.vo.ResponseVO@5349b9a4]
2026-05-02 01:15:51 [DEBUG][org.springframework.web.servlet.DispatcherServlet][logResult][1131]-> Completed 200 OK
2026-05-02 01:15:51 [DEBUG][org.springframework.web.servlet.mvc.method.annotation.RequestResponseBodyMethodProcessor][writeWithMessageConverters][268]-> Using 'application/json', given [application/json, text/plain, */*] and supported [application/json, application/*+json, application/json, application/*+json]
2026-05-02 01:15:51 [DEBUG][org.springframework.web.servlet.mvc.method.annotation.RequestResponseBodyMethodProcessor][traceDebug][108]-> Writing [com.njtech.xcloud.entity.vo.ResponseVO@4097de3c]
2026-05-02 01:15:51 [DEBUG][org.springframework.web.servlet.DispatcherServlet][logResult][1131]-> Completed 200 OK
2026-05-02 01:15:52 [DEBUG][org.springframework.web.servlet.DispatcherServlet][traceDebug][108]-> POST "/api/recycle/loadRecycleList", parameters={multipart}
2026-05-02 01:15:52 [DEBUG][org.springframework.web.servlet.mvc.method.annotation.RequestMappingHandlerMapping][getHandler][522]-> Mapped to com.njtech.xcloud.controller.RecycleController#loadRecycleList(HttpSession, FileInfoQuery, String)
2026-05-02 01:15:52 [DEBUG][org.springframework.jdbc.datasource.DataSourceUtils][doGetConnection][116]-> Fetching JDBC Connection from DataSource
2026-05-02 01:15:52 [DEBUG][org.springframework.web.servlet.mvc.method.annotation.RequestResponseBodyMethodProcessor][writeWithMessageConverters][268]-> Using 'application/json', given [application/json, text/plain, */*] and supported [application/json, application/*+json, application/json, application/*+json]
2026-05-02 01:15:52 [DEBUG][org.springframework.web.servlet.mvc.method.annotation.RequestResponseBodyMethodProcessor][traceDebug][108]-> Writing [com.njtech.xcloud.entity.vo.ResponseVO@58bcc879]
2026-05-02 01:15:52 [DEBUG][org.springframework.web.servlet.DispatcherServlet][logResult][1131]-> Completed 200 OK
2026-05-02 01:15:53 [DEBUG][org.springframework.web.servlet.DispatcherServlet][traceDebug][108]-> POST "/api/file/loadDataList", parameters={multipart}
2026-05-02 01:15:53 [DEBUG][org.springframework.web.servlet.DispatcherServlet][traceDebug][108]-> POST "/api/file/loadDataList", parameters={multipart}
2026-05-02 01:15:53 [DEBUG][org.springframework.web.servlet.mvc.method.annotation.RequestMappingHandlerMapping][getHandler][522]-> Mapped to com.njtech.xcloud.controller.FileInfoController#loadDataList(HttpSession, FileInfoQuery, String)
2026-05-02 01:15:53 [DEBUG][org.springframework.web.servlet.mvc.method.annotation.RequestMappingHandlerMapping][getHandler][522]-> Mapped to com.njtech.xcloud.controller.FileInfoController#loadDataList(HttpSession, FileInfoQuery, String)
2026-05-02 01:15:53 [DEBUG][org.springframework.jdbc.datasource.DataSourceUtils][doGetConnection][116]-> Fetching JDBC Connection from DataSource
2026-05-02 01:15:53 [DEBUG][org.springframework.jdbc.datasource.DataSourceUtils][doGetConnection][116]-> Fetching JDBC Connection from DataSource
2026-05-02 01:15:53 [DEBUG][org.springframework.jdbc.datasource.DataSourceUtils][doGetConnection][116]-> Fetching JDBC Connection from DataSource
2026-05-02 01:15:53 [DEBUG][org.springframework.jdbc.datasource.DataSourceUtils][doGetConnection][116]-> Fetching JDBC Connection from DataSource
2026-05-02 01:15:53 [DEBUG][org.springframework.web.servlet.mvc.method.annotation.RequestResponseBodyMethodProcessor][writeWithMessageConverters][268]-> Using 'application/json', given [application/json, text/plain, */*] and supported [application/json, application/*+json, application/json, application/*+json]
2026-05-02 01:15:53 [DEBUG][org.springframework.web.servlet.mvc.method.annotation.RequestResponseBodyMethodProcessor][writeWithMessageConverters][268]-> Using 'application/json', given [application/json, text/plain, */*] and supported [application/json, application/*+json, application/json, application/*+json]
2026-05-02 01:15:53 [DEBUG][org.springframework.web.servlet.mvc.method.annotation.RequestResponseBodyMethodProcessor][traceDebug][108]-> Writing [com.njtech.xcloud.entity.vo.ResponseVO@43e474b6]
2026-05-02 01:15:53 [DEBUG][org.springframework.web.servlet.mvc.method.annotation.RequestResponseBodyMethodProcessor][traceDebug][108]-> Writing [com.njtech.xcloud.entity.vo.ResponseVO@54f84165]
2026-05-02 01:15:53 [DEBUG][org.springframework.web.servlet.DispatcherServlet][logResult][1131]-> Completed 200 OK
2026-05-02 01:15:53 [DEBUG][org.springframework.web.servlet.DispatcherServlet][logResult][1131]-> Completed 200 OK
2026-05-02 01:15:54 [DEBUG][org.springframework.web.servlet.DispatcherServlet][traceDebug][108]-> GET "/api/getAvatar/2117787425?1777655754350", parameters={masked}
2026-05-02 01:15:54 [DEBUG][org.springframework.web.servlet.mvc.method.annotation.RequestMappingHandlerMapping][getHandler][522]-> Mapped to com.njtech.xcloud.controller.UserInfoController#getAvatar(String, HttpServletResponse)
2026-05-02 01:15:54 [DEBUG][org.springframework.web.servlet.DispatcherServlet][logResult][1131]-> Completed 200 OK
2026-05-02 01:15:54 [DEBUG][org.springframework.web.servlet.DispatcherServlet][traceDebug][108]-> POST "/api/getUseSpace", parameters={multipart}
2026-05-02 01:15:54 [DEBUG][org.springframework.web.servlet.mvc.method.annotation.RequestMappingHandlerMapping][getHandler][522]-> Mapped to com.njtech.xcloud.controller.UserInfoController#getUseSpace(HttpSession)
2026-05-02 01:15:54 [DEBUG][org.springframework.data.redis.core.RedisConnectionUtils][doGetConnection][143]-> Fetching Redis Connection from RedisConnectionFactory
2026-05-02 01:15:54 [DEBUG][io.lettuce.core.RedisChannelHandler][dispatch][175]-> dispatching command AsyncCommand [type=GET, output=ValueOutput [output=null, error='null'], commandType=io.lettuce.core.protocol.Command]
2026-05-02 01:15:54 [DEBUG][io.lettuce.core.protocol.DefaultEndpoint][channelWriteAndFlush][430]-> [channel=0x3f7163c9, /127.0.0.1:59190 -> /127.0.0.1:6379, epid=0x1] write() writeAndFlush command AsyncCommand [type=GET, output=ValueOutput [output=null, error='null'], commandType=io.lettuce.core.protocol.Command]
2026-05-02 01:15:54 [DEBUG][io.lettuce.core.protocol.CommandHandler][write][383]-> [channel=0x3f7163c9, /127.0.0.1:59190 -> /127.0.0.1:6379, epid=0x1, chid=0x1] write(ctx, AsyncCommand [type=GET, output=ValueOutput [output=null, error='null'], commandType=io.lettuce.core.protocol.Command], promise)
2026-05-02 01:15:54 [DEBUG][io.lettuce.core.protocol.DefaultEndpoint][write][207]-> [channel=0x3f7163c9, /127.0.0.1:59190 -> /127.0.0.1:6379, epid=0x1] write() done
2026-05-02 01:15:54 [DEBUG][io.lettuce.core.protocol.CommandEncoder][encode][101]-> [channel=0x3f7163c9, /127.0.0.1:59190 -> /127.0.0.1:6379] writing command AsyncCommand [type=GET, output=ValueOutput [output=null, error='null'], commandType=io.lettuce.core.protocol.Command]
2026-05-02 01:15:54 [DEBUG][io.lettuce.core.protocol.CommandHandler][channelRead][577]-> [channel=0x3f7163c9, /127.0.0.1:59190 -> /127.0.0.1:6379, epid=0x1, chid=0x1] Received: 97 bytes, 1 commands in the stack
2026-05-02 01:15:54 [DEBUG][io.lettuce.core.protocol.CommandHandler][decode][651]-> [channel=0x3f7163c9, /127.0.0.1:59190 -> /127.0.0.1:6379, epid=0x1, chid=0x1] Stack contains: 1 commands
2026-05-02 01:15:54 [DEBUG][io.lettuce.core.protocol.RedisStateMachine][decode][298]-> Decode done, empty stack: true
2026-05-02 01:15:54 [DEBUG][io.lettuce.core.protocol.CommandHandler][decode][679]-> [channel=0x3f7163c9, /127.0.0.1:59190 -> /127.0.0.1:6379, epid=0x1, chid=0x1] Completing command AsyncCommand [type=GET, output=ValueOutput [output=[B@afad4dd, error='null'], commandType=io.lettuce.core.protocol.Command]
2026-05-02 01:15:54 [DEBUG][org.springframework.web.servlet.DispatcherServlet][traceDebug][108]-> POST "/api/file/loadDataList", parameters={multipart}
2026-05-02 01:15:54 [DEBUG][org.springframework.web.servlet.DispatcherServlet][traceDebug][108]-> POST "/api/file/loadDataList", parameters={multipart}
2026-05-02 01:15:54 [DEBUG][org.springframework.data.redis.core.RedisConnectionUtils][doCloseConnection][389]-> Closing Redis Connection.
2026-05-02 01:15:54 [DEBUG][org.springframework.web.servlet.mvc.method.annotation.RequestResponseBodyMethodProcessor][writeWithMessageConverters][268]-> Using 'application/json', given [application/json, text/plain, */*] and supported [application/json, application/*+json, application/json, application/*+json]
2026-05-02 01:15:54 [DEBUG][org.springframework.web.servlet.mvc.method.annotation.RequestResponseBodyMethodProcessor][traceDebug][108]-> Writing [com.njtech.xcloud.entity.vo.ResponseVO@2423ff5d]
2026-05-02 01:15:54 [DEBUG][org.springframework.web.servlet.DispatcherServlet][logResult][1131]-> Completed 200 OK
2026-05-02 01:15:54 [DEBUG][org.springframework.web.servlet.mvc.method.annotation.RequestMappingHandlerMapping][getHandler][522]-> Mapped to com.njtech.xcloud.controller.FileInfoController#loadDataList(HttpSession, FileInfoQuery, String)
2026-05-02 01:15:54 [DEBUG][org.springframework.web.servlet.mvc.method.annotation.RequestMappingHandlerMapping][getHandler][522]-> Mapped to com.njtech.xcloud.controller.FileInfoController#loadDataList(HttpSession, FileInfoQuery, String)
2026-05-02 01:15:54 [DEBUG][org.springframework.jdbc.datasource.DataSourceUtils][doGetConnection][116]-> Fetching JDBC Connection from DataSource
2026-05-02 01:15:54 [DEBUG][org.springframework.jdbc.datasource.DataSourceUtils][doGetConnection][116]-> Fetching JDBC Connection from DataSource
2026-05-02 01:15:54 [DEBUG][org.springframework.jdbc.datasource.DataSourceUtils][doGetConnection][116]-> Fetching JDBC Connection from DataSource
2026-05-02 01:15:54 [DEBUG][org.springframework.jdbc.datasource.DataSourceUtils][doGetConnection][116]-> Fetching JDBC Connection from DataSource
2026-05-02 01:15:54 [DEBUG][org.springframework.web.servlet.mvc.method.annotation.RequestResponseBodyMethodProcessor][writeWithMessageConverters][268]-> Using 'application/json', given [application/json, text/plain, */*] and supported [application/json, application/*+json, application/json, application/*+json]
2026-05-02 01:15:54 [DEBUG][org.springframework.web.servlet.mvc.method.annotation.RequestResponseBodyMethodProcessor][writeWithMessageConverters][268]-> Using 'application/json', given [application/json, text/plain, */*] and supported [application/json, application/*+json, application/json, application/*+json]
2026-05-02 01:15:54 [DEBUG][org.springframework.web.servlet.mvc.method.annotation.RequestResponseBodyMethodProcessor][traceDebug][108]-> Writing [com.njtech.xcloud.entity.vo.ResponseVO@7b0d1c82]
2026-05-02 01:15:54 [DEBUG][org.springframework.web.servlet.mvc.method.annotation.RequestResponseBodyMethodProcessor][traceDebug][108]-> Writing [com.njtech.xcloud.entity.vo.ResponseVO@16359e00]
2026-05-02 01:15:54 [DEBUG][org.springframework.web.servlet.DispatcherServlet][logResult][1131]-> Completed 200 OK
2026-05-02 01:15:54 [DEBUG][org.springframework.web.servlet.DispatcherServlet][logResult][1131]-> Completed 200 OK
2026-05-02 01:16:02 [DEBUG][org.springframework.web.servlet.DispatcherServlet][traceDebug][108]-> POST "/api/share/loadShareList", parameters={multipart}
2026-05-02 01:16:02 [DEBUG][org.springframework.web.servlet.mvc.method.annotation.RequestMappingHandlerMapping][getHandler][522]-> Mapped to com.njtech.xcloud.controller.FileShareController#loadShareList(HttpSession, FileShareQuery)
2026-05-02 01:16:02 [DEBUG][org.springframework.jdbc.datasource.DataSourceUtils][doGetConnection][116]-> Fetching JDBC Connection from DataSource
2026-05-02 01:16:02 [DEBUG][org.springframework.jdbc.datasource.DataSourceUtils][doGetConnection][116]-> Fetching JDBC Connection from DataSource
2026-05-02 01:16:02 [DEBUG][org.springframework.jdbc.datasource.DataSourceUtils][doGetConnection][116]-> Fetching JDBC Connection from DataSource
2026-05-02 01:16:02 [DEBUG][org.springframework.web.servlet.mvc.method.annotation.RequestResponseBodyMethodProcessor][writeWithMessageConverters][268]-> Using 'application/json', given [application/json, text/plain, */*] and supported [application/json, application/*+json, application/json, application/*+json]
2026-05-02 01:16:02 [DEBUG][org.springframework.web.servlet.mvc.method.annotation.RequestResponseBodyMethodProcessor][traceDebug][108]-> Writing [com.njtech.xcloud.entity.vo.ResponseVO@3ce05528]
2026-05-02 01:16:02 [DEBUG][org.springframework.web.servlet.DispatcherServlet][logResult][1131]-> Completed 200 OK
2026-05-02 01:16:11 [DEBUG][com.zaxxer.hikari.pool.HikariPool][logPoolState][421]-> HikariCPDatasource - Before cleanup stats (total=5, active=0, idle=5, waiting=0)
2026-05-02 01:16:11 [DEBUG][com.zaxxer.hikari.pool.HikariPool][logPoolState][421]-> HikariCPDatasource - After cleanup  stats (total=5, active=0, idle=5, waiting=0)
2026-05-02 01:16:11 [DEBUG][com.zaxxer.hikari.pool.HikariPool][fillPool][518]-> HikariCPDatasource - Fill pool skipped, pool is at sufficient level.
2026-05-02 01:16:12 [DEBUG][org.springframework.web.servlet.DispatcherServlet][traceDebug][108]-> POST "/api/share/cancelShare", parameters={multipart}
2026-05-02 01:16:12 [DEBUG][org.springframework.web.servlet.mvc.method.annotation.RequestMappingHandlerMapping][getHandler][522]-> Mapped to com.njtech.xcloud.controller.FileShareController#cancelShare(HttpSession, String)
2026-05-02 01:16:12 [DEBUG][org.springframework.jdbc.support.JdbcTransactionManager][getTransaction][370]-> Creating new transaction with name [com.njtech.xcloud.service.impl.FileShareServiceImpl.cancelShare]: PROPAGATION_REQUIRED,ISOLATION_DEFAULT,-java.lang.Exception
2026-05-02 01:16:12 [DEBUG][org.springframework.jdbc.support.JdbcTransactionManager][doBegin][267]-> Acquired Connection [HikariProxyConnection@1712127453 wrapping com.mysql.cj.jdbc.ConnectionImpl@d7b7c27] for JDBC transaction
2026-05-02 01:16:12 [DEBUG][org.springframework.jdbc.support.JdbcTransactionManager][doBegin][285]-> Switching JDBC Connection [HikariProxyConnection@1712127453 wrapping com.mysql.cj.jdbc.ConnectionImpl@d7b7c27] to manual commit
2026-05-02 01:16:12 [DEBUG][org.springframework.jdbc.support.JdbcTransactionManager][processCommit][740]-> Initiating transaction commit
2026-05-02 01:16:12 [DEBUG][org.springframework.jdbc.support.JdbcTransactionManager][doCommit][330]-> Committing JDBC transaction on Connection [HikariProxyConnection@1712127453 wrapping com.mysql.cj.jdbc.ConnectionImpl@d7b7c27]
2026-05-02 01:16:12 [DEBUG][org.springframework.jdbc.support.JdbcTransactionManager][doCleanupAfterCompletion][389]-> Releasing JDBC Connection [HikariProxyConnection@1712127453 wrapping com.mysql.cj.jdbc.ConnectionImpl@d7b7c27] after transaction
2026-05-02 01:16:12 [DEBUG][org.springframework.web.servlet.mvc.method.annotation.RequestResponseBodyMethodProcessor][writeWithMessageConverters][268]-> Using 'application/json', given [application/json, text/plain, */*] and supported [application/json, application/*+json, application/json, application/*+json]
2026-05-02 01:16:12 [DEBUG][org.springframework.web.servlet.mvc.method.annotation.RequestResponseBodyMethodProcessor][traceDebug][108]-> Writing [com.njtech.xcloud.entity.vo.ResponseVO@23c27c69]
2026-05-02 01:16:12 [DEBUG][org.springframework.web.servlet.DispatcherServlet][logResult][1131]-> Completed 200 OK
2026-05-02 01:16:12 [DEBUG][org.springframework.web.servlet.DispatcherServlet][traceDebug][108]-> POST "/api/share/loadShareList", parameters={multipart}
2026-05-02 01:16:12 [DEBUG][org.springframework.web.servlet.mvc.method.annotation.RequestMappingHandlerMapping][getHandler][522]-> Mapped to com.njtech.xcloud.controller.FileShareController#loadShareList(HttpSession, FileShareQuery)
2026-05-02 01:16:12 [DEBUG][org.springframework.jdbc.datasource.DataSourceUtils][doGetConnection][116]-> Fetching JDBC Connection from DataSource
2026-05-02 01:16:12 [DEBUG][org.springframework.jdbc.datasource.DataSourceUtils][doGetConnection][116]-> Fetching JDBC Connection from DataSource
2026-05-02 01:16:12 [DEBUG][org.springframework.web.servlet.mvc.method.annotation.RequestResponseBodyMethodProcessor][writeWithMessageConverters][268]-> Using 'application/json', given [application/json, text/plain, */*] and supported [application/json, application/*+json, application/json, application/*+json]
2026-05-02 01:16:12 [DEBUG][org.springframework.web.servlet.mvc.method.annotation.RequestResponseBodyMethodProcessor][traceDebug][108]-> Writing [com.njtech.xcloud.entity.vo.ResponseVO@74175da8]
2026-05-02 01:16:12 [DEBUG][org.springframework.web.servlet.DispatcherServlet][logResult][1131]-> Completed 200 OK
2026-05-02 01:16:14 [DEBUG][org.springframework.web.servlet.DispatcherServlet][traceDebug][108]-> POST "/api/file/loadDataList", parameters={multipart}
2026-05-02 01:16:14 [DEBUG][org.springframework.web.servlet.DispatcherServlet][traceDebug][108]-> POST "/api/file/loadDataList", parameters={multipart}
2026-05-02 01:16:14 [DEBUG][org.springframework.web.servlet.mvc.method.annotation.RequestMappingHandlerMapping][getHandler][522]-> Mapped to com.njtech.xcloud.controller.FileInfoController#loadDataList(HttpSession, FileInfoQuery, String)
2026-05-02 01:16:14 [DEBUG][org.springframework.web.servlet.mvc.method.annotation.RequestMappingHandlerMapping][getHandler][522]-> Mapped to com.njtech.xcloud.controller.FileInfoController#loadDataList(HttpSession, FileInfoQuery, String)
2026-05-02 01:16:14 [DEBUG][org.springframework.jdbc.datasource.DataSourceUtils][doGetConnection][116]-> Fetching JDBC Connection from DataSource
2026-05-02 01:16:14 [DEBUG][org.springframework.jdbc.datasource.DataSourceUtils][doGetConnection][116]-> Fetching JDBC Connection from DataSource
2026-05-02 01:16:14 [DEBUG][org.springframework.jdbc.datasource.DataSourceUtils][doGetConnection][116]-> Fetching JDBC Connection from DataSource
2026-05-02 01:16:14 [DEBUG][org.springframework.jdbc.datasource.DataSourceUtils][doGetConnection][116]-> Fetching JDBC Connection from DataSource
2026-05-02 01:16:14 [DEBUG][org.springframework.web.servlet.mvc.method.annotation.RequestResponseBodyMethodProcessor][writeWithMessageConverters][268]-> Using 'application/json', given [application/json, text/plain, */*] and supported [application/json, application/*+json, application/json, application/*+json]
2026-05-02 01:16:14 [DEBUG][org.springframework.web.servlet.mvc.method.annotation.RequestResponseBodyMethodProcessor][traceDebug][108]-> Writing [com.njtech.xcloud.entity.vo.ResponseVO@55ef6f7b]
2026-05-02 01:16:14 [DEBUG][org.springframework.web.servlet.mvc.method.annotation.RequestResponseBodyMethodProcessor][writeWithMessageConverters][268]-> Using 'application/json', given [application/json, text/plain, */*] and supported [application/json, application/*+json, application/json, application/*+json]
2026-05-02 01:16:14 [DEBUG][org.springframework.web.servlet.mvc.method.annotation.RequestResponseBodyMethodProcessor][traceDebug][108]-> Writing [com.njtech.xcloud.entity.vo.ResponseVO@6503bdc3]
2026-05-02 01:16:14 [DEBUG][org.springframework.web.servlet.DispatcherServlet][logResult][1131]-> Completed 200 OK
2026-05-02 01:16:14 [DEBUG][org.springframework.web.servlet.DispatcherServlet][logResult][1131]-> Completed 200 OK
2026-05-02 01:16:20 [DEBUG][org.springframework.web.servlet.DispatcherServlet][traceDebug][108]-> POST "/api/share/shareFile", parameters={multipart}
2026-05-02 01:16:20 [DEBUG][org.springframework.web.servlet.mvc.method.annotation.RequestMappingHandlerMapping][getHandler][522]-> Mapped to com.njtech.xcloud.controller.FileShareController#shareFile(HttpSession, String, Integer, Integer, String)
2026-05-02 01:16:20 [DEBUG][org.springframework.jdbc.datasource.DataSourceUtils][doGetConnection][116]-> Fetching JDBC Connection from DataSource
2026-05-02 01:16:20 [DEBUG][org.springframework.jdbc.datasource.DataSourceUtils][doGetConnection][116]-> Fetching JDBC Connection from DataSource
2026-05-02 01:16:20 [DEBUG][org.springframework.web.servlet.mvc.method.annotation.RequestResponseBodyMethodProcessor][writeWithMessageConverters][268]-> Using 'application/json', given [application/json, text/plain, */*] and supported [application/json, application/*+json, application/json, application/*+json]
2026-05-02 01:16:20 [DEBUG][org.springframework.web.servlet.mvc.method.annotation.RequestResponseBodyMethodProcessor][traceDebug][108]-> Writing [com.njtech.xcloud.entity.vo.ResponseVO@af68bb3]
2026-05-02 01:16:20 [DEBUG][org.springframework.web.servlet.DispatcherServlet][logResult][1131]-> Completed 200 OK
2026-05-02 01:16:23 [DEBUG][org.springframework.web.servlet.DispatcherServlet][traceDebug][108]-> POST "/api/share/loadShareList", parameters={multipart}
2026-05-02 01:16:23 [DEBUG][org.springframework.web.servlet.mvc.method.annotation.RequestMappingHandlerMapping][getHandler][522]-> Mapped to com.njtech.xcloud.controller.FileShareController#loadShareList(HttpSession, FileShareQuery)
2026-05-02 01:16:23 [DEBUG][org.springframework.jdbc.datasource.DataSourceUtils][doGetConnection][116]-> Fetching JDBC Connection from DataSource
2026-05-02 01:16:23 [DEBUG][org.springframework.jdbc.datasource.DataSourceUtils][doGetConnection][116]-> Fetching JDBC Connection from DataSource
2026-05-02 01:16:23 [DEBUG][org.springframework.jdbc.datasource.DataSourceUtils][doGetConnection][116]-> Fetching JDBC Connection from DataSource
2026-05-02 01:16:23 [DEBUG][org.springframework.web.servlet.mvc.method.annotation.RequestResponseBodyMethodProcessor][writeWithMessageConverters][268]-> Using 'application/json', given [application/json, text/plain, */*] and supported [application/json, application/*+json, application/json, application/*+json]
2026-05-02 01:16:23 [DEBUG][org.springframework.web.servlet.mvc.method.annotation.RequestResponseBodyMethodProcessor][traceDebug][108]-> Writing [com.njtech.xcloud.entity.vo.ResponseVO@2740fd1c]
2026-05-02 01:16:23 [DEBUG][org.springframework.web.servlet.DispatcherServlet][logResult][1131]-> Completed 200 OK
2026-05-02 01:16:24 [DEBUG][org.springframework.web.servlet.DispatcherServlet][traceDebug][108]-> GET "/api/getAvatar/2117787425?1777655784588", parameters={masked}
2026-05-02 01:16:24 [DEBUG][org.springframework.web.servlet.mvc.method.annotation.RequestMappingHandlerMapping][getHandler][522]-> Mapped to com.njtech.xcloud.controller.UserInfoController#getAvatar(String, HttpServletResponse)
2026-05-02 01:16:24 [DEBUG][org.springframework.web.servlet.DispatcherServlet][traceDebug][108]-> POST "/api/getUseSpace", parameters={multipart}
2026-05-02 01:16:24 [DEBUG][org.springframework.web.servlet.DispatcherServlet][traceDebug][108]-> POST "/api/share/loadShareList", parameters={multipart}
2026-05-02 01:16:24 [DEBUG][org.springframework.web.servlet.mvc.method.annotation.RequestMappingHandlerMapping][getHandler][522]-> Mapped to com.njtech.xcloud.controller.UserInfoController#getUseSpace(HttpSession)
2026-05-02 01:16:24 [DEBUG][org.springframework.web.servlet.DispatcherServlet][logResult][1131]-> Completed 200 OK
2026-05-02 01:16:24 [DEBUG][org.springframework.data.redis.core.RedisConnectionUtils][doGetConnection][143]-> Fetching Redis Connection from RedisConnectionFactory
2026-05-02 01:16:24 [DEBUG][org.springframework.web.servlet.mvc.method.annotation.RequestMappingHandlerMapping][getHandler][522]-> Mapped to com.njtech.xcloud.controller.FileShareController#loadShareList(HttpSession, FileShareQuery)
2026-05-02 01:16:24 [DEBUG][io.lettuce.core.RedisChannelHandler][dispatch][175]-> dispatching command AsyncCommand [type=GET, output=ValueOutput [output=null, error='null'], commandType=io.lettuce.core.protocol.Command]
2026-05-02 01:16:24 [DEBUG][io.lettuce.core.protocol.DefaultEndpoint][channelWriteAndFlush][430]-> [channel=0x3f7163c9, /127.0.0.1:59190 -> /127.0.0.1:6379, epid=0x1] write() writeAndFlush command AsyncCommand [type=GET, output=ValueOutput [output=null, error='null'], commandType=io.lettuce.core.protocol.Command]
2026-05-02 01:16:24 [DEBUG][io.lettuce.core.protocol.CommandHandler][write][383]-> [channel=0x3f7163c9, /127.0.0.1:59190 -> /127.0.0.1:6379, epid=0x1, chid=0x1] write(ctx, AsyncCommand [type=GET, output=ValueOutput [output=null, error='null'], commandType=io.lettuce.core.protocol.Command], promise)
2026-05-02 01:16:24 [DEBUG][io.lettuce.core.protocol.DefaultEndpoint][write][207]-> [channel=0x3f7163c9, /127.0.0.1:59190 -> /127.0.0.1:6379, epid=0x1] write() done
2026-05-02 01:16:24 [DEBUG][io.lettuce.core.protocol.CommandEncoder][encode][101]-> [channel=0x3f7163c9, /127.0.0.1:59190 -> /127.0.0.1:6379] writing command AsyncCommand [type=GET, output=ValueOutput [output=null, error='null'], commandType=io.lettuce.core.protocol.Command]
2026-05-02 01:16:24 [DEBUG][io.lettuce.core.protocol.CommandHandler][channelRead][577]-> [channel=0x3f7163c9, /127.0.0.1:59190 -> /127.0.0.1:6379, epid=0x1, chid=0x1] Received: 97 bytes, 1 commands in the stack
2026-05-02 01:16:24 [DEBUG][io.lettuce.core.protocol.CommandHandler][decode][651]-> [channel=0x3f7163c9, /127.0.0.1:59190 -> /127.0.0.1:6379, epid=0x1, chid=0x1] Stack contains: 1 commands
2026-05-02 01:16:24 [DEBUG][io.lettuce.core.protocol.RedisStateMachine][decode][298]-> Decode done, empty stack: true
2026-05-02 01:16:24 [DEBUG][io.lettuce.core.protocol.CommandHandler][decode][679]-> [channel=0x3f7163c9, /127.0.0.1:59190 -> /127.0.0.1:6379, epid=0x1, chid=0x1] Completing command AsyncCommand [type=GET, output=ValueOutput [output=[B@9eef762, error='null'], commandType=io.lettuce.core.protocol.Command]
2026-05-02 01:16:24 [DEBUG][org.springframework.data.redis.core.RedisConnectionUtils][doCloseConnection][389]-> Closing Redis Connection.
2026-05-02 01:16:24 [DEBUG][org.springframework.web.servlet.mvc.method.annotation.RequestResponseBodyMethodProcessor][writeWithMessageConverters][268]-> Using 'application/json', given [application/json, text/plain, */*] and supported [application/json, application/*+json, application/json, application/*+json]
2026-05-02 01:16:24 [DEBUG][org.springframework.web.servlet.mvc.method.annotation.RequestResponseBodyMethodProcessor][traceDebug][108]-> Writing [com.njtech.xcloud.entity.vo.ResponseVO@29bc5ad8]
2026-05-02 01:16:24 [DEBUG][org.springframework.web.servlet.DispatcherServlet][logResult][1131]-> Completed 200 OK
2026-05-02 01:16:24 [DEBUG][org.springframework.jdbc.datasource.DataSourceUtils][doGetConnection][116]-> Fetching JDBC Connection from DataSource
2026-05-02 01:16:24 [DEBUG][org.springframework.jdbc.datasource.DataSourceUtils][doGetConnection][116]-> Fetching JDBC Connection from DataSource
2026-05-02 01:16:24 [DEBUG][org.springframework.jdbc.datasource.DataSourceUtils][doGetConnection][116]-> Fetching JDBC Connection from DataSource
2026-05-02 01:16:24 [DEBUG][org.springframework.web.servlet.mvc.method.annotation.RequestResponseBodyMethodProcessor][writeWithMessageConverters][268]-> Using 'application/json', given [application/json, text/plain, */*] and supported [application/json, application/*+json, application/json, application/*+json]
2026-05-02 01:16:24 [DEBUG][org.springframework.web.servlet.mvc.method.annotation.RequestResponseBodyMethodProcessor][traceDebug][108]-> Writing [com.njtech.xcloud.entity.vo.ResponseVO@4d616c61]
2026-05-02 01:16:24 [DEBUG][org.springframework.web.servlet.DispatcherServlet][logResult][1131]-> Completed 200 OK
2026-05-02 01:16:29 [DEBUG][org.springframework.web.servlet.DispatcherServlet][traceDebug][108]-> POST "/api/recycle/loadRecycleList", parameters={multipart}
2026-05-02 01:16:29 [DEBUG][org.springframework.web.servlet.mvc.method.annotation.RequestMappingHandlerMapping][getHandler][522]-> Mapped to com.njtech.xcloud.controller.RecycleController#loadRecycleList(HttpSession, FileInfoQuery, String)
2026-05-02 01:16:29 [DEBUG][org.springframework.jdbc.datasource.DataSourceUtils][doGetConnection][116]-> Fetching JDBC Connection from DataSource
2026-05-02 01:16:29 [DEBUG][org.springframework.web.servlet.mvc.method.annotation.RequestResponseBodyMethodProcessor][writeWithMessageConverters][268]-> Using 'application/json', given [application/json, text/plain, */*] and supported [application/json, application/*+json, application/json, application/*+json]
2026-05-02 01:16:29 [DEBUG][org.springframework.web.servlet.mvc.method.annotation.RequestResponseBodyMethodProcessor][traceDebug][108]-> Writing [com.njtech.xcloud.entity.vo.ResponseVO@23a88dc]
2026-05-02 01:16:29 [DEBUG][org.springframework.web.servlet.DispatcherServlet][logResult][1131]-> Completed 200 OK
2026-05-02 01:16:30 [DEBUG][org.springframework.web.servlet.DispatcherServlet][traceDebug][108]-> POST "/api/admin/loadFileList", parameters={multipart}
2026-05-02 01:16:30 [DEBUG][org.springframework.web.servlet.DispatcherServlet][traceDebug][108]-> POST "/api/admin/loadFileList", parameters={multipart}
2026-05-02 01:16:30 [DEBUG][_org.springframework.web.servlet.HandlerMapping.Mappings][detectHandlers][86]-> 'beanNameHandlerMapping' {}
2026-05-02 01:16:30 [WARN][org.springframework.web.servlet.PageNotFound][noHandlerFound][1278]-> No mapping for POST /api/admin/loadFileList
2026-05-02 01:16:30 [WARN][org.springframework.web.servlet.PageNotFound][noHandlerFound][1278]-> No mapping for POST /api/admin/loadFileList
2026-05-02 01:16:30 [DEBUG][org.springframework.web.servlet.mvc.method.annotation.ExceptionHandlerExceptionResolver][doResolveHandlerMethodException][416]-> Using @ExceptionHandler com.njtech.xcloud.controller.AGlobalExceptionHandlerController#handleException(Exception, HttpServletRequest)
2026-05-02 01:16:30 [DEBUG][org.springframework.web.servlet.mvc.method.annotation.ExceptionHandlerExceptionResolver][doResolveHandlerMethodException][416]-> Using @ExceptionHandler com.njtech.xcloud.controller.AGlobalExceptionHandlerController#handleException(Exception, HttpServletRequest)
2026-05-02 01:16:30 [ERROR][com.njtech.xcloud.controller.AGlobalExceptionHandlerController][handleException][25]-> 请求错误，请求地址http://localhost:7090/api/admin/loadFileList,错误信息:
org.springframework.web.servlet.NoHandlerFoundException: No handler found for POST /api/admin/loadFileList
	at org.springframework.web.servlet.DispatcherServlet.noHandlerFound(DispatcherServlet.java:1282)
	at org.springframework.web.servlet.DispatcherServlet.doDispatch(DispatcherServlet.java:1045)
	at org.springframework.web.servlet.DispatcherServlet.doService(DispatcherServlet.java:963)
	at org.springframework.web.servlet.FrameworkServlet.processRequest(FrameworkServlet.java:1006)
	at org.springframework.web.servlet.FrameworkServlet.doPost(FrameworkServlet.java:909)
	at javax.servlet.http.HttpServlet.service(HttpServlet.java:681)
	at org.springframework.web.servlet.FrameworkServlet.service(FrameworkServlet.java:883)
	at javax.servlet.http.HttpServlet.service(HttpServlet.java:764)
	at org.apache.catalina.core.ApplicationFilterChain.internalDoFilter(ApplicationFilterChain.java:227)
	at org.apache.catalina.core.ApplicationFilterChain.doFilter(ApplicationFilterChain.java:162)
	at org.apache.tomcat.websocket.server.WsFilter.doFilter(WsFilter.java:53)
	at org.apache.catalina.core.ApplicationFilterChain.internalDoFilter(ApplicationFilterChain.java:189)
	at org.apache.catalina.core.ApplicationFilterChain.doFilter(ApplicationFilterChain.java:162)
	at org.springframework.web.filter.RequestContextFilter.doFilterInternal(RequestContextFilter.java:100)
	at org.springframework.web.filter.OncePerRequestFilter.doFilter(OncePerRequestFilter.java:119)
	at org.apache.catalina.core.ApplicationFilterChain.internalDoFilter(ApplicationFilterChain.java:189)
	at org.apache.catalina.core.ApplicationFilterChain.doFilter(ApplicationFilterChain.java:162)
	at org.springframework.web.filter.FormContentFilter.doFilterInternal(FormContentFilter.java:93)
	at org.springframework.web.filter.OncePerRequestFilter.doFilter(OncePerRequestFilter.java:119)
	at org.apache.catalina.core.ApplicationFilterChain.internalDoFilter(ApplicationFilterChain.java:189)
	at org.apache.catalina.core.ApplicationFilterChain.doFilter(ApplicationFilterChain.java:162)
	at org.springframework.web.filter.CharacterEncodingFilter.doFilterInternal(CharacterEncodingFilter.java:201)
	at org.springframework.web.filter.OncePerRequestFilter.doFilter(OncePerRequestFilter.java:119)
	at org.apache.catalina.core.ApplicationFilterChain.internalDoFilter(ApplicationFilterChain.java:189)
	at org.apache.catalina.core.ApplicationFilterChain.doFilter(ApplicationFilterChain.java:162)
	at org.apache.catalina.core.StandardWrapperValve.invoke(StandardWrapperValve.java:197)
	at org.apache.catalina.core.StandardContextValve.__invoke(StandardContextValve.java:97)
	at org.apache.catalina.core.StandardContextValve.invoke(StandardContextValve.java:41002)
	at org.apache.catalina.authenticator.AuthenticatorBase.invoke(AuthenticatorBase.java:540)
	at org.apache.catalina.core.StandardHostValve.invoke(StandardHostValve.java:135)
	at org.apache.catalina.valves.ErrorReportValve.invoke(ErrorReportValve.java:92)
	at org.apache.catalina.core.StandardEngineValve.invoke(StandardEngineValve.java:78)
	at org.apache.catalina.connector.CoyoteAdapter.service(CoyoteAdapter.java:357)
	at org.apache.coyote.http11.Http11Processor.service(Http11Processor.java:382)
	at org.apache.coyote.AbstractProcessorLight.process(AbstractProcessorLight.java:65)
	at org.apache.coyote.AbstractProtocol$ConnectionHandler.process(AbstractProtocol.java:895)
	at org.apache.tomcat.util.net.NioEndpoint$SocketProcessor.doRun(NioEndpoint.java:1722)
	at org.apache.tomcat.util.net.SocketProcessorBase.run(SocketProcessorBase.java:49)
	at org.apache.tomcat.util.threads.ThreadPoolExecutor.runWorker(ThreadPoolExecutor.java:1191)
	at org.apache.tomcat.util.threads.ThreadPoolExecutor$Worker.run(ThreadPoolExecutor.java:659)
	at org.apache.tomcat.util.threads.TaskThread$WrappingRunnable.run(TaskThread.java:61)
	at java.lang.Thread.run(Thread.java:748)
2026-05-02 01:16:30 [ERROR][com.njtech.xcloud.controller.AGlobalExceptionHandlerController][handleException][25]-> 请求错误，请求地址http://localhost:7090/api/admin/loadFileList,错误信息:
org.springframework.web.servlet.NoHandlerFoundException: No handler found for POST /api/admin/loadFileList
	at org.springframework.web.servlet.DispatcherServlet.noHandlerFound(DispatcherServlet.java:1282)
	at org.springframework.web.servlet.DispatcherServlet.doDispatch(DispatcherServlet.java:1045)
	at org.springframework.web.servlet.DispatcherServlet.doService(DispatcherServlet.java:963)
	at org.springframework.web.servlet.FrameworkServlet.processRequest(FrameworkServlet.java:1006)
	at org.springframework.web.servlet.FrameworkServlet.doPost(FrameworkServlet.java:909)
	at javax.servlet.http.HttpServlet.service(HttpServlet.java:681)
	at org.springframework.web.servlet.FrameworkServlet.service(FrameworkServlet.java:883)
	at javax.servlet.http.HttpServlet.service(HttpServlet.java:764)
	at org.apache.catalina.core.ApplicationFilterChain.internalDoFilter(ApplicationFilterChain.java:227)
	at org.apache.catalina.core.ApplicationFilterChain.doFilter(ApplicationFilterChain.java:162)
	at org.apache.tomcat.websocket.server.WsFilter.doFilter(WsFilter.java:53)
	at org.apache.catalina.core.ApplicationFilterChain.internalDoFilter(ApplicationFilterChain.java:189)
	at org.apache.catalina.core.ApplicationFilterChain.doFilter(ApplicationFilterChain.java:162)
	at org.springframework.web.filter.RequestContextFilter.doFilterInternal(RequestContextFilter.java:100)
	at org.springframework.web.filter.OncePerRequestFilter.doFilter(OncePerRequestFilter.java:119)
	at org.apache.catalina.core.ApplicationFilterChain.internalDoFilter(ApplicationFilterChain.java:189)
	at org.apache.catalina.core.ApplicationFilterChain.doFilter(ApplicationFilterChain.java:162)
	at org.springframework.web.filter.FormContentFilter.doFilterInternal(FormContentFilter.java:93)
	at org.springframework.web.filter.OncePerRequestFilter.doFilter(OncePerRequestFilter.java:119)
	at org.apache.catalina.core.ApplicationFilterChain.internalDoFilter(ApplicationFilterChain.java:189)
	at org.apache.catalina.core.ApplicationFilterChain.doFilter(ApplicationFilterChain.java:162)
	at org.springframework.web.filter.CharacterEncodingFilter.doFilterInternal(CharacterEncodingFilter.java:201)
	at org.springframework.web.filter.OncePerRequestFilter.doFilter(OncePerRequestFilter.java:119)
	at org.apache.catalina.core.ApplicationFilterChain.internalDoFilter(ApplicationFilterChain.java:189)
	at org.apache.catalina.core.ApplicationFilterChain.doFilter(ApplicationFilterChain.java:162)
	at org.apache.catalina.core.StandardWrapperValve.invoke(StandardWrapperValve.java:197)
	at org.apache.catalina.core.StandardContextValve.__invoke(StandardContextValve.java:97)
	at org.apache.catalina.core.StandardContextValve.invoke(StandardContextValve.java:41002)
	at org.apache.catalina.authenticator.AuthenticatorBase.invoke(AuthenticatorBase.java:540)
	at org.apache.catalina.core.StandardHostValve.invoke(StandardHostValve.java:135)
	at org.apache.catalina.valves.ErrorReportValve.invoke(ErrorReportValve.java:92)
	at org.apache.catalina.core.StandardEngineValve.invoke(StandardEngineValve.java:78)
	at org.apache.catalina.connector.CoyoteAdapter.service(CoyoteAdapter.java:357)
	at org.apache.coyote.http11.Http11Processor.service(Http11Processor.java:382)
	at org.apache.coyote.AbstractProcessorLight.process(AbstractProcessorLight.java:65)
	at org.apache.coyote.AbstractProtocol$ConnectionHandler.process(AbstractProtocol.java:895)
	at org.apache.tomcat.util.net.NioEndpoint$SocketProcessor.doRun(NioEndpoint.java:1722)
	at org.apache.tomcat.util.net.SocketProcessorBase.run(SocketProcessorBase.java:49)
	at org.apache.tomcat.util.threads.ThreadPoolExecutor.runWorker(ThreadPoolExecutor.java:1191)
	at org.apache.tomcat.util.threads.ThreadPoolExecutor$Worker.run(ThreadPoolExecutor.java:659)
	at org.apache.tomcat.util.threads.TaskThread$WrappingRunnable.run(TaskThread.java:61)
	at java.lang.Thread.run(Thread.java:748)
2026-05-02 01:16:30 [DEBUG][org.springframework.web.servlet.mvc.method.annotation.RequestResponseBodyMethodProcessor][writeWithMessageConverters][268]-> Using 'application/json', given [application/json, text/plain, */*] and supported [application/json, application/*+json, application/json, application/*+json]
2026-05-02 01:16:30 [DEBUG][org.springframework.web.servlet.mvc.method.annotation.RequestResponseBodyMethodProcessor][writeWithMessageConverters][268]-> Using 'application/json', given [application/json, text/plain, */*] and supported [application/json, application/*+json, application/json, application/*+json]
2026-05-02 01:16:30 [DEBUG][org.springframework.web.servlet.mvc.method.annotation.RequestResponseBodyMethodProcessor][traceDebug][108]-> Writing [com.njtech.xcloud.entity.vo.ResponseVO@6d3810da]
2026-05-02 01:16:30 [DEBUG][org.springframework.web.servlet.mvc.method.annotation.RequestResponseBodyMethodProcessor][traceDebug][108]-> Writing [com.njtech.xcloud.entity.vo.ResponseVO@2371e4dc]
2026-05-02 01:16:30 [DEBUG][org.springframework.web.servlet.mvc.method.annotation.ExceptionHandlerExceptionResolver][resolveException][146]-> Resolved [org.springframework.web.servlet.NoHandlerFoundException: No handler found for POST /api/admin/loadFileList]
2026-05-02 01:16:30 [DEBUG][org.springframework.web.servlet.mvc.method.annotation.ExceptionHandlerExceptionResolver][resolveException][146]-> Resolved [org.springframework.web.servlet.NoHandlerFoundException: No handler found for POST /api/admin/loadFileList]
2026-05-02 01:16:30 [DEBUG][org.springframework.web.servlet.DispatcherServlet][logResult][1131]-> Completed 200 OK
2026-05-02 01:16:30 [DEBUG][org.springframework.web.servlet.DispatcherServlet][logResult][1131]-> Completed 200 OK
2026-05-02 01:16:41 [DEBUG][com.zaxxer.hikari.pool.HikariPool][logPoolState][421]-> HikariCPDatasource - Before cleanup stats (total=5, active=0, idle=5, waiting=0)
2026-05-02 01:16:41 [DEBUG][com.zaxxer.hikari.pool.HikariPool][logPoolState][421]-> HikariCPDatasource - After cleanup  stats (total=5, active=0, idle=5, waiting=0)
2026-05-02 01:16:41 [DEBUG][com.zaxxer.hikari.pool.HikariPool][fillPool][518]-> HikariCPDatasource - Fill pool skipped, pool is at sufficient level.
2026-05-02 01:17:11 [DEBUG][com.zaxxer.hikari.pool.HikariPool][logPoolState][421]-> HikariCPDatasource - Before cleanup stats (total=5, active=0, idle=5, waiting=0)
2026-05-02 01:17:11 [DEBUG][com.zaxxer.hikari.pool.HikariPool][logPoolState][421]-> HikariCPDatasource - After cleanup  stats (total=5, active=0, idle=5, waiting=0)
2026-05-02 01:17:11 [DEBUG][com.zaxxer.hikari.pool.HikariPool][fillPool][518]-> HikariCPDatasource - Fill pool skipped, pool is at sufficient level.
2026-05-02 01:17:41 [DEBUG][com.zaxxer.hikari.pool.HikariPool][logPoolState][421]-> HikariCPDatasource - Before cleanup stats (total=5, active=0, idle=5, waiting=0)
2026-05-02 01:17:41 [DEBUG][com.zaxxer.hikari.pool.HikariPool][logPoolState][421]-> HikariCPDatasource - After cleanup  stats (total=5, active=0, idle=5, waiting=0)
2026-05-02 01:17:41 [DEBUG][com.zaxxer.hikari.pool.HikariPool][fillPool][518]-> HikariCPDatasource - Fill pool skipped, pool is at sufficient level.
2026-05-02 01:17:46 [DEBUG][org.springframework.web.servlet.DispatcherServlet][traceDebug][108]-> POST "/api/admin/getSysSettings", parameters={multipart}
2026-05-02 01:17:46 [WARN][org.springframework.web.servlet.PageNotFound][noHandlerFound][1278]-> No mapping for POST /api/admin/getSysSettings
2026-05-02 01:17:46 [DEBUG][org.springframework.web.servlet.mvc.method.annotation.ExceptionHandlerExceptionResolver][doResolveHandlerMethodException][416]-> Using @ExceptionHandler com.njtech.xcloud.controller.AGlobalExceptionHandlerController#handleException(Exception, HttpServletRequest)
2026-05-02 01:17:46 [ERROR][com.njtech.xcloud.controller.AGlobalExceptionHandlerController][handleException][25]-> 请求错误，请求地址http://localhost:7090/api/admin/getSysSettings,错误信息:
org.springframework.web.servlet.NoHandlerFoundException: No handler found for POST /api/admin/getSysSettings
	at org.springframework.web.servlet.DispatcherServlet.noHandlerFound(DispatcherServlet.java:1282)
	at org.springframework.web.servlet.DispatcherServlet.doDispatch(DispatcherServlet.java:1045)
	at org.springframework.web.servlet.DispatcherServlet.doService(DispatcherServlet.java:963)
	at org.springframework.web.servlet.FrameworkServlet.processRequest(FrameworkServlet.java:1006)
	at org.springframework.web.servlet.FrameworkServlet.doPost(FrameworkServlet.java:909)
	at javax.servlet.http.HttpServlet.service(HttpServlet.java:681)
	at org.springframework.web.servlet.FrameworkServlet.service(FrameworkServlet.java:883)
	at javax.servlet.http.HttpServlet.service(HttpServlet.java:764)
	at org.apache.catalina.core.ApplicationFilterChain.internalDoFilter(ApplicationFilterChain.java:227)
	at org.apache.catalina.core.ApplicationFilterChain.doFilter(ApplicationFilterChain.java:162)
	at org.apache.tomcat.websocket.server.WsFilter.doFilter(WsFilter.java:53)
	at org.apache.catalina.core.ApplicationFilterChain.internalDoFilter(ApplicationFilterChain.java:189)
	at org.apache.catalina.core.ApplicationFilterChain.doFilter(ApplicationFilterChain.java:162)
	at org.springframework.web.filter.RequestContextFilter.doFilterInternal(RequestContextFilter.java:100)
	at org.springframework.web.filter.OncePerRequestFilter.doFilter(OncePerRequestFilter.java:119)
	at org.apache.catalina.core.ApplicationFilterChain.internalDoFilter(ApplicationFilterChain.java:189)
	at org.apache.catalina.core.ApplicationFilterChain.doFilter(ApplicationFilterChain.java:162)
	at org.springframework.web.filter.FormContentFilter.doFilterInternal(FormContentFilter.java:93)
	at org.springframework.web.filter.OncePerRequestFilter.doFilter(OncePerRequestFilter.java:119)
	at org.apache.catalina.core.ApplicationFilterChain.internalDoFilter(ApplicationFilterChain.java:189)
	at org.apache.catalina.core.ApplicationFilterChain.doFilter(ApplicationFilterChain.java:162)
	at org.springframework.web.filter.CharacterEncodingFilter.doFilterInternal(CharacterEncodingFilter.java:201)
	at org.springframework.web.filter.OncePerRequestFilter.doFilter(OncePerRequestFilter.java:119)
	at org.apache.catalina.core.ApplicationFilterChain.internalDoFilter(ApplicationFilterChain.java:189)
	at org.apache.catalina.core.ApplicationFilterChain.doFilter(ApplicationFilterChain.java:162)
	at org.apache.catalina.core.StandardWrapperValve.invoke(StandardWrapperValve.java:197)
	at org.apache.catalina.core.StandardContextValve.__invoke(StandardContextValve.java:97)
	at org.apache.catalina.core.StandardContextValve.invoke(StandardContextValve.java:41002)
	at org.apache.catalina.authenticator.AuthenticatorBase.invoke(AuthenticatorBase.java:540)
	at org.apache.catalina.core.StandardHostValve.invoke(StandardHostValve.java:135)
	at org.apache.catalina.valves.ErrorReportValve.invoke(ErrorReportValve.java:92)
	at org.apache.catalina.core.StandardEngineValve.invoke(StandardEngineValve.java:78)
	at org.apache.catalina.connector.CoyoteAdapter.service(CoyoteAdapter.java:357)
	at org.apache.coyote.http11.Http11Processor.service(Http11Processor.java:382)
	at org.apache.coyote.AbstractProcessorLight.process(AbstractProcessorLight.java:65)
	at org.apache.coyote.AbstractProtocol$ConnectionHandler.process(AbstractProtocol.java:895)
	at org.apache.tomcat.util.net.NioEndpoint$SocketProcessor.doRun(NioEndpoint.java:1722)
	at org.apache.tomcat.util.net.SocketProcessorBase.run(SocketProcessorBase.java:49)
	at org.apache.tomcat.util.threads.ThreadPoolExecutor.runWorker(ThreadPoolExecutor.java:1191)
	at org.apache.tomcat.util.threads.ThreadPoolExecutor$Worker.run(ThreadPoolExecutor.java:659)
	at org.apache.tomcat.util.threads.TaskThread$WrappingRunnable.run(TaskThread.java:61)
	at java.lang.Thread.run(Thread.java:748)
2026-05-02 01:17:46 [DEBUG][org.springframework.web.servlet.mvc.method.annotation.RequestResponseBodyMethodProcessor][writeWithMessageConverters][268]-> Using 'application/json', given [application/json, text/plain, */*] and supported [application/json, application/*+json, application/json, application/*+json]
2026-05-02 01:17:46 [DEBUG][org.springframework.web.servlet.mvc.method.annotation.RequestResponseBodyMethodProcessor][traceDebug][108]-> Writing [com.njtech.xcloud.entity.vo.ResponseVO@43ce1dc0]
2026-05-02 01:17:46 [DEBUG][org.springframework.web.servlet.mvc.method.annotation.ExceptionHandlerExceptionResolver][resolveException][146]-> Resolved [org.springframework.web.servlet.NoHandlerFoundException: No handler found for POST /api/admin/getSysSettings]
2026-05-02 01:17:46 [DEBUG][org.springframework.web.servlet.DispatcherServlet][logResult][1131]-> Completed 200 OK
2026-05-02 01:17:55 [DEBUG][org.springframework.web.servlet.DispatcherServlet][traceDebug][108]-> GET "/api/getAvatar/undefined?0", parameters={masked}
2026-05-02 01:17:55 [DEBUG][org.springframework.web.servlet.mvc.method.annotation.RequestMappingHandlerMapping][getHandler][522]-> Mapped to com.njtech.xcloud.controller.UserInfoController#getAvatar(String, HttpServletResponse)
2026-05-02 01:17:55 [DEBUG][org.springframework.web.servlet.DispatcherServlet][traceDebug][108]-> POST "/api/admin/loadUserList", parameters={multipart}
2026-05-02 01:17:55 [WARN][org.springframework.web.servlet.PageNotFound][noHandlerFound][1278]-> No mapping for POST /api/admin/loadUserList
2026-05-02 01:17:55 [DEBUG][org.springframework.web.servlet.mvc.method.annotation.ExceptionHandlerExceptionResolver][doResolveHandlerMethodException][416]-> Using @ExceptionHandler com.njtech.xcloud.controller.AGlobalExceptionHandlerController#handleException(Exception, HttpServletRequest)
2026-05-02 01:17:55 [ERROR][com.njtech.xcloud.controller.AGlobalExceptionHandlerController][handleException][25]-> 请求错误，请求地址http://localhost:7090/api/admin/loadUserList,错误信息:
org.springframework.web.servlet.NoHandlerFoundException: No handler found for POST /api/admin/loadUserList
	at org.springframework.web.servlet.DispatcherServlet.noHandlerFound(DispatcherServlet.java:1282)
	at org.springframework.web.servlet.DispatcherServlet.doDispatch(DispatcherServlet.java:1045)
	at org.springframework.web.servlet.DispatcherServlet.doService(DispatcherServlet.java:963)
	at org.springframework.web.servlet.FrameworkServlet.processRequest(FrameworkServlet.java:1006)
	at org.springframework.web.servlet.FrameworkServlet.doPost(FrameworkServlet.java:909)
	at javax.servlet.http.HttpServlet.service(HttpServlet.java:681)
	at org.springframework.web.servlet.FrameworkServlet.service(FrameworkServlet.java:883)
	at javax.servlet.http.HttpServlet.service(HttpServlet.java:764)
	at org.apache.catalina.core.ApplicationFilterChain.internalDoFilter(ApplicationFilterChain.java:227)
	at org.apache.catalina.core.ApplicationFilterChain.doFilter(ApplicationFilterChain.java:162)
	at org.apache.tomcat.websocket.server.WsFilter.doFilter(WsFilter.java:53)
	at org.apache.catalina.core.ApplicationFilterChain.internalDoFilter(ApplicationFilterChain.java:189)
	at org.apache.catalina.core.ApplicationFilterChain.doFilter(ApplicationFilterChain.java:162)
	at org.springframework.web.filter.RequestContextFilter.doFilterInternal(RequestContextFilter.java:100)
	at org.springframework.web.filter.OncePerRequestFilter.doFilter(OncePerRequestFilter.java:119)
	at org.apache.catalina.core.ApplicationFilterChain.internalDoFilter(ApplicationFilterChain.java:189)
	at org.apache.catalina.core.ApplicationFilterChain.doFilter(ApplicationFilterChain.java:162)
	at org.springframework.web.filter.FormContentFilter.doFilterInternal(FormContentFilter.java:93)
	at org.springframework.web.filter.OncePerRequestFilter.doFilter(OncePerRequestFilter.java:119)
	at org.apache.catalina.core.ApplicationFilterChain.internalDoFilter(ApplicationFilterChain.java:189)
	at org.apache.catalina.core.ApplicationFilterChain.doFilter(ApplicationFilterChain.java:162)
	at org.springframework.web.filter.CharacterEncodingFilter.doFilterInternal(CharacterEncodingFilter.java:201)
	at org.springframework.web.filter.OncePerRequestFilter.doFilter(OncePerRequestFilter.java:119)
	at org.apache.catalina.core.ApplicationFilterChain.internalDoFilter(ApplicationFilterChain.java:189)
	at org.apache.catalina.core.ApplicationFilterChain.doFilter(ApplicationFilterChain.java:162)
	at org.apache.catalina.core.StandardWrapperValve.invoke(StandardWrapperValve.java:197)
	at org.apache.catalina.core.StandardContextValve.__invoke(StandardContextValve.java:97)
	at org.apache.catalina.core.StandardContextValve.invoke(StandardContextValve.java:41002)
	at org.apache.catalina.authenticator.AuthenticatorBase.invoke(AuthenticatorBase.java:540)
	at org.apache.catalina.core.StandardHostValve.invoke(StandardHostValve.java:135)
	at org.apache.catalina.valves.ErrorReportValve.invoke(ErrorReportValve.java:92)
	at org.apache.catalina.core.StandardEngineValve.invoke(StandardEngineValve.java:78)
	at org.apache.catalina.connector.CoyoteAdapter.service(CoyoteAdapter.java:357)
	at org.apache.coyote.http11.Http11Processor.service(Http11Processor.java:382)
	at org.apache.coyote.AbstractProcessorLight.process(AbstractProcessorLight.java:65)
	at org.apache.coyote.AbstractProtocol$ConnectionHandler.process(AbstractProtocol.java:895)
	at org.apache.tomcat.util.net.NioEndpoint$SocketProcessor.doRun(NioEndpoint.java:1722)
	at org.apache.tomcat.util.net.SocketProcessorBase.run(SocketProcessorBase.java:49)
	at org.apache.tomcat.util.threads.ThreadPoolExecutor.runWorker(ThreadPoolExecutor.java:1191)
	at org.apache.tomcat.util.threads.ThreadPoolExecutor$Worker.run(ThreadPoolExecutor.java:659)
	at org.apache.tomcat.util.threads.TaskThread$WrappingRunnable.run(TaskThread.java:61)
	at java.lang.Thread.run(Thread.java:748)
2026-05-02 01:17:55 [DEBUG][org.springframework.web.servlet.mvc.method.annotation.RequestResponseBodyMethodProcessor][writeWithMessageConverters][268]-> Using 'application/json', given [application/json, text/plain, */*] and supported [application/json, application/*+json, application/json, application/*+json]
2026-05-02 01:17:55 [DEBUG][org.springframework.web.servlet.mvc.method.annotation.RequestResponseBodyMethodProcessor][traceDebug][108]-> Writing [com.njtech.xcloud.entity.vo.ResponseVO@467094fe]
2026-05-02 01:17:55 [DEBUG][org.springframework.web.servlet.mvc.method.annotation.ExceptionHandlerExceptionResolver][resolveException][146]-> Resolved [org.springframework.web.servlet.NoHandlerFoundException: No handler found for POST /api/admin/loadUserList]
2026-05-02 01:17:55 [DEBUG][org.springframework.web.servlet.DispatcherServlet][logResult][1131]-> Completed 200 OK
2026-05-02 01:17:55 [DEBUG][org.springframework.web.servlet.DispatcherServlet][logResult][1131]-> Completed 200 OK
2026-05-02 01:17:57 [DEBUG][org.springframework.web.servlet.DispatcherServlet][traceDebug][108]-> POST "/api/admin/getSysSettings", parameters={multipart}
2026-05-02 01:17:57 [WARN][org.springframework.web.servlet.PageNotFound][noHandlerFound][1278]-> No mapping for POST /api/admin/getSysSettings
2026-05-02 01:17:57 [DEBUG][org.springframework.web.servlet.mvc.method.annotation.ExceptionHandlerExceptionResolver][doResolveHandlerMethodException][416]-> Using @ExceptionHandler com.njtech.xcloud.controller.AGlobalExceptionHandlerController#handleException(Exception, HttpServletRequest)
2026-05-02 01:17:57 [ERROR][com.njtech.xcloud.controller.AGlobalExceptionHandlerController][handleException][25]-> 请求错误，请求地址http://localhost:7090/api/admin/getSysSettings,错误信息:
org.springframework.web.servlet.NoHandlerFoundException: No handler found for POST /api/admin/getSysSettings
	at org.springframework.web.servlet.DispatcherServlet.noHandlerFound(DispatcherServlet.java:1282)
	at org.springframework.web.servlet.DispatcherServlet.doDispatch(DispatcherServlet.java:1045)
	at org.springframework.web.servlet.DispatcherServlet.doService(DispatcherServlet.java:963)
	at org.springframework.web.servlet.FrameworkServlet.processRequest(FrameworkServlet.java:1006)
	at org.springframework.web.servlet.FrameworkServlet.doPost(FrameworkServlet.java:909)
	at javax.servlet.http.HttpServlet.service(HttpServlet.java:681)
	at org.springframework.web.servlet.FrameworkServlet.service(FrameworkServlet.java:883)
	at javax.servlet.http.HttpServlet.service(HttpServlet.java:764)
	at org.apache.catalina.core.ApplicationFilterChain.internalDoFilter(ApplicationFilterChain.java:227)
	at org.apache.catalina.core.ApplicationFilterChain.doFilter(ApplicationFilterChain.java:162)
	at org.apache.tomcat.websocket.server.WsFilter.doFilter(WsFilter.java:53)
	at org.apache.catalina.core.ApplicationFilterChain.internalDoFilter(ApplicationFilterChain.java:189)
	at org.apache.catalina.core.ApplicationFilterChain.doFilter(ApplicationFilterChain.java:162)
	at org.springframework.web.filter.RequestContextFilter.doFilterInternal(RequestContextFilter.java:100)
	at org.springframework.web.filter.OncePerRequestFilter.doFilter(OncePerRequestFilter.java:119)
	at org.apache.catalina.core.ApplicationFilterChain.internalDoFilter(ApplicationFilterChain.java:189)
	at org.apache.catalina.core.ApplicationFilterChain.doFilter(ApplicationFilterChain.java:162)
	at org.springframework.web.filter.FormContentFilter.doFilterInternal(FormContentFilter.java:93)
	at org.springframework.web.filter.OncePerRequestFilter.doFilter(OncePerRequestFilter.java:119)
	at org.apache.catalina.core.ApplicationFilterChain.internalDoFilter(ApplicationFilterChain.java:189)
	at org.apache.catalina.core.ApplicationFilterChain.doFilter(ApplicationFilterChain.java:162)
	at org.springframework.web.filter.CharacterEncodingFilter.doFilterInternal(CharacterEncodingFilter.java:201)
	at org.springframework.web.filter.OncePerRequestFilter.doFilter(OncePerRequestFilter.java:119)
	at org.apache.catalina.core.ApplicationFilterChain.internalDoFilter(ApplicationFilterChain.java:189)
	at org.apache.catalina.core.ApplicationFilterChain.doFilter(ApplicationFilterChain.java:162)
	at org.apache.catalina.core.StandardWrapperValve.invoke(StandardWrapperValve.java:197)
	at org.apache.catalina.core.StandardContextValve.__invoke(StandardContextValve.java:97)
	at org.apache.catalina.core.StandardContextValve.invoke(StandardContextValve.java:41002)
	at org.apache.catalina.authenticator.AuthenticatorBase.invoke(AuthenticatorBase.java:540)
	at org.apache.catalina.core.StandardHostValve.invoke(StandardHostValve.java:135)
	at org.apache.catalina.valves.ErrorReportValve.invoke(ErrorReportValve.java:92)
	at org.apache.catalina.core.StandardEngineValve.invoke(StandardEngineValve.java:78)
	at org.apache.catalina.connector.CoyoteAdapter.service(CoyoteAdapter.java:357)
	at org.apache.coyote.http11.Http11Processor.service(Http11Processor.java:382)
	at org.apache.coyote.AbstractProcessorLight.process(AbstractProcessorLight.java:65)
	at org.apache.coyote.AbstractProtocol$ConnectionHandler.process(AbstractProtocol.java:895)
	at org.apache.tomcat.util.net.NioEndpoint$SocketProcessor.doRun(NioEndpoint.java:1722)
	at org.apache.tomcat.util.net.SocketProcessorBase.run(SocketProcessorBase.java:49)
	at org.apache.tomcat.util.threads.ThreadPoolExecutor.runWorker(ThreadPoolExecutor.java:1191)
	at org.apache.tomcat.util.threads.ThreadPoolExecutor$Worker.run(ThreadPoolExecutor.java:659)
	at org.apache.tomcat.util.threads.TaskThread$WrappingRunnable.run(TaskThread.java:61)
	at java.lang.Thread.run(Thread.java:748)
2026-05-02 01:17:57 [DEBUG][org.springframework.web.servlet.mvc.method.annotation.RequestResponseBodyMethodProcessor][writeWithMessageConverters][268]-> Using 'application/json', given [application/json, text/plain, */*] and supported [application/json, application/*+json, application/json, application/*+json]
2026-05-02 01:17:57 [DEBUG][org.springframework.web.servlet.mvc.method.annotation.RequestResponseBodyMethodProcessor][traceDebug][108]-> Writing [com.njtech.xcloud.entity.vo.ResponseVO@22aedaf3]
2026-05-02 01:17:57 [DEBUG][org.springframework.web.servlet.mvc.method.annotation.ExceptionHandlerExceptionResolver][resolveException][146]-> Resolved [org.springframework.web.servlet.NoHandlerFoundException: No handler found for POST /api/admin/getSysSettings]
2026-05-02 01:17:57 [DEBUG][org.springframework.web.servlet.DispatcherServlet][logResult][1131]-> Completed 200 OK
2026-05-02 01:18:11 [DEBUG][com.zaxxer.hikari.pool.HikariPool][logPoolState][421]-> HikariCPDatasource - Before cleanup stats (total=5, active=0, idle=5, waiting=0)
2026-05-02 01:18:11 [DEBUG][com.zaxxer.hikari.pool.HikariPool][logPoolState][421]-> HikariCPDatasource - After cleanup  stats (total=5, active=0, idle=5, waiting=0)
2026-05-02 01:18:11 [DEBUG][com.zaxxer.hikari.pool.HikariPool][fillPool][518]-> HikariCPDatasource - Fill pool skipped, pool is at sufficient level.
2026-05-02 01:18:41 [DEBUG][com.zaxxer.hikari.pool.HikariPool][logPoolState][421]-> HikariCPDatasource - Before cleanup stats (total=5, active=0, idle=5, waiting=0)
2026-05-02 01:18:41 [DEBUG][com.zaxxer.hikari.pool.HikariPool][logPoolState][421]-> HikariCPDatasource - After cleanup  stats (total=5, active=0, idle=5, waiting=0)
2026-05-02 01:18:41 [DEBUG][com.zaxxer.hikari.pool.HikariPool][fillPool][518]-> HikariCPDatasource - Fill pool skipped, pool is at sufficient level.
2026-05-02 01:19:11 [DEBUG][com.zaxxer.hikari.pool.HikariPool][logPoolState][421]-> HikariCPDatasource - Before cleanup stats (total=5, active=0, idle=5, waiting=0)
2026-05-02 01:19:11 [DEBUG][com.zaxxer.hikari.pool.HikariPool][logPoolState][421]-> HikariCPDatasource - After cleanup  stats (total=5, active=0, idle=5, waiting=0)
2026-05-02 01:19:11 [DEBUG][com.zaxxer.hikari.pool.HikariPool][fillPool][518]-> HikariCPDatasource - Fill pool skipped, pool is at sufficient level.
2026-05-02 01:19:41 [DEBUG][com.zaxxer.hikari.pool.HikariPool][logPoolState][421]-> HikariCPDatasource - Before cleanup stats (total=5, active=0, idle=5, waiting=0)
2026-05-02 01:19:41 [DEBUG][com.zaxxer.hikari.pool.HikariPool][logPoolState][421]-> HikariCPDatasource - After cleanup  stats (total=5, active=0, idle=5, waiting=0)
2026-05-02 01:19:41 [DEBUG][com.zaxxer.hikari.pool.HikariPool][fillPool][518]-> HikariCPDatasource - Fill pool skipped, pool is at sufficient level.
